system,stem,variant,status,n_Q,depth_meV,Q_min_A,min_at_edge,a,b,c,bounded,omega_harm_thz,depth_rel_change,depth_ok,dQ_min_A,rmse_vs_prod_window_meV,max_abs_vs_prod_meV,n_T_call_changed,calls_identical,pass
batio3_cubic,batio3_cubic_mace_mp0_q1d2-0-1d2-b0,prod,production,10,73.4979478220339,0.08888888888888889,False,-19.191107893804116,1246.0567295563283,0.0,True,-6.277758985060443,,,,,,,,
batio3_cubic,batio3_cubic_mace_mp0_q1d2-0-1d2-b0,k,complete,10,73.41658578661736,0.08888888888888889,False,-19.178891160175716,1245.8289328315059,0.0,True,-6.275760509540083,-0.0011069973764919303,True,0.0,0.07121891781446522,0.30612806585850194,0,True,True
batio3_cubic,batio3_cubic_mace_mp0_q1d2-0-1d2-b0,e,complete,10,74.73742635920644,0.08888888888888889,False,-19.393607285555422,1251.4655365680646,0.0,True,-6.3107926824363565,0.016864124426627356,True,0.0,0.9499930363390695,24.63228889973834,0,True,True
batio3_cubic,batio3_cubic_mace_mp0_q1d2-0-1d2-b0,ke,complete,10,74.65171049989294,0.08888888888888889,False,-19.380643578001056,1251.2150541814096,0.0,True,-6.308683096894136,0.015697889696903396,True,0.0,0.8759943805079274,24.297044656123035,0,True,True
cssnbr3_cubic,cssnbr3_cubic_mace_mp0_q1d2-1d2-1d2-b0,prod,production,10,127.20886574970791,0.45,True,-1.3325105424956456,3.478452369952577,0.0,True,-0.6648697138017649,,,,,,,,
cssnbr3_cubic,cssnbr3_cubic_mace_mp0_q1d2-1d2-1d2-b0,k,complete,10,118.53387657174608,0.45,True,-1.2765290168581755,3.413361120620874,0.0,True,-0.6507535847176046,-0.06819484732322403,False,0.0,3.630725122641878,8.674989177961834,0,True,False
cssnbr3_cubic,cssnbr3_cubic_mace_mp0_q1d2-1d2-1d2-b0,e,complete,10,127.16097371594515,0.45,True,-1.3330951988637472,3.482902285201768,0.0,True,-0.6650155579320972,-0.00037648345876296874,True,0.0,0.0352704043894613,0.049524722271598876,0,True,True
cssnbr3_cubic,cssnbr3_cubic_mace_mp0_q1d2-1d2-1d2-b0,ke,complete,10,118.4848960765521,0.45,True,-1.2770842521332841,3.4176871733492677,0.0,True,-0.6508950942562027,-0.06857988727232904,False,0.0,3.643095436286505,8.723969673155807,0,True,False
knbo3_cubic,knbo3_cubic_mace_mp0_q0-1d2-1d2-b0,prod,production,10,87.7958973578643,0.08888888888888889,False,-21.496737721673966,1305.095314890097,0.0,True,-5.136159399507382,,,,,,,,
knbo3_cubic,knbo3_cubic_mace_mp0_q0-1d2-1d2-b0,k,complete,10,87.59235621255357,0.08888888888888889,False,-21.464039913243496,1304.3007766311616,0.0,True,-5.132251712001268,-0.002318344608758703,True,0.0,0.16439872480649623,0.600283128733281,0,True,True
knbo3_cubic,knbo3_cubic_mace_mp0_q0-1d2-1d2-b0,e,complete,10,87.60242441712762,0.08888888888888889,False,-21.42072944903954,1298.8697419893665,0.0,True,-5.127071129773552,-0.0022036672163400673,True,0.0,0.36379474545391866,18.614491364132846,0,True,True
knbo3_cubic,knbo3_cubic_mace_mp0_q0-1d2-1d2-b0,ke,complete,10,87.40405342905433,0.08888888888888889,False,-21.38877408863239,1298.0851996733147,0.0,True,-5.123245430121391,-0.004463123455675652,True,0.0,0.2904020967737283,18.070807909680298,0,True,True
