system,stem,variant,T,gt_stable,stable,Q0_A,curv_thz,prod_stable,same_as_prod
batio3_cubic,batio3_cubic_mace_mp0_q1d2-0-1d2-b0,prod,50.0,False,False,0.085,1.0626553998313417,,
batio3_cubic,batio3_cubic_mace_mp0_q1d2-0-1d2-b0,prod,100.0,False,False,0.085,1.83786974331833,,
batio3_cubic,batio3_cubic_mace_mp0_q1d2-0-1d2-b0,prod,300.0,False,False,0.08,2.938908850789362,,
batio3_cubic,batio3_cubic_mace_mp0_q1d2-0-1d2-b0,prod,600.0,True,True,0.0,3.8830713956415814,,
batio3_cubic,batio3_cubic_mace_mp0_q1d2-0-1d2-b0,prod,900.0,True,True,0.0,4.528187909836103,,
batio3_cubic,batio3_cubic_mace_mp0_q1d2-0-1d2-b0,k,50.0,False,False,0.085,0.9803928875430178,False,True
batio3_cubic,batio3_cubic_mace_mp0_q1d2-0-1d2-b0,k,100.0,False,False,0.085,1.838233541401341,False,True
batio3_cubic,batio3_cubic_mace_mp0_q1d2-0-1d2-b0,k,300.0,False,False,0.08,2.939338154923228,False,True
batio3_cubic,batio3_cubic_mace_mp0_q1d2-0-1d2-b0,k,600.0,True,True,0.0,3.8834963094729154,True,True
batio3_cubic,batio3_cubic_mace_mp0_q1d2-0-1d2-b0,k,900.0,True,True,0.0,4.5285873726847585,True,True
batio3_cubic,batio3_cubic_mace_mp0_q1d2-0-1d2-b0,e,50.0,False,False,0.085,1.3652166617017805,False,True
batio3_cubic,batio3_cubic_mace_mp0_q1d2-0-1d2-b0,e,100.0,False,False,0.085,1.8330594768604638,False,True
batio3_cubic,batio3_cubic_mace_mp0_q1d2-0-1d2-b0,e,300.0,False,False,0.08,2.9334844857035773,False,True
batio3_cubic,batio3_cubic_mace_mp0_q1d2-0-1d2-b0,e,600.0,True,True,0.0,3.8780592339172,True,True
batio3_cubic,batio3_cubic_mace_mp0_q1d2-0-1d2-b0,e,900.0,True,True,0.0,4.523804888526036,True,True
batio3_cubic,batio3_cubic_mace_mp0_q1d2-0-1d2-b0,ke,50.0,False,False,0.085,1.3655399903725125,False,True
batio3_cubic,batio3_cubic_mace_mp0_q1d2-0-1d2-b0,ke,100.0,False,False,0.085,1.8334341345503602,False,True
batio3_cubic,batio3_cubic_mace_mp0_q1d2-0-1d2-b0,ke,300.0,False,False,0.08,2.9339266503194503,False,True
batio3_cubic,batio3_cubic_mace_mp0_q1d2-0-1d2-b0,ke,600.0,True,True,0.0,3.8784958992832355,True,True
batio3_cubic,batio3_cubic_mace_mp0_q1d2-0-1d2-b0,ke,900.0,True,True,0.0,4.524214115311335,True,True
cssnbr3_cubic,cssnbr3_cubic_mace_mp0_q1d2-1d2-1d2-b0,prod,50.0,False,False,0.435,-0.444976848793512,,
cssnbr3_cubic,cssnbr3_cubic_mace_mp0_q1d2-1d2-1d2-b0,prod,100.0,False,False,0.43,0.146165854319337,,
cssnbr3_cubic,cssnbr3_cubic_mace_mp0_q1d2-1d2-1d2-b0,prod,300.0,True,False,0.42,0.24338155061354855,,
cssnbr3_cubic,cssnbr3_cubic_mace_mp0_q1d2-1d2-1d2-b0,prod,600.0,True,False,0.395,0.32858104262218024,,
cssnbr3_cubic,cssnbr3_cubic_mace_mp0_q1d2-1d2-1d2-b0,prod,900.0,True,True,0.0,0.38775821344682215,,
cssnbr3_cubic,cssnbr3_cubic_mace_mp0_q1d2-1d2-1d2-b0,k,50.0,False,False,0.43,0.1057393251420578,False,True
cssnbr3_cubic,cssnbr3_cubic_mace_mp0_q1d2-1d2-1d2-b0,k,100.0,False,False,0.425,0.14770870531396035,False,True
cssnbr3_cubic,cssnbr3_cubic_mace_mp0_q1d2-1d2-1d2-b0,k,300.0,True,False,0.41500000000000004,0.24543311862816958,False,True
cssnbr3_cubic,cssnbr3_cubic_mace_mp0_q1d2-1d2-1d2-b0,k,600.0,True,False,0.385,0.33069696160323153,False,True
cssnbr3_cubic,cssnbr3_cubic_mace_mp0_q1d2-1d2-1d2-b0,k,900.0,True,True,0.0,0.3897529758289918,True,True
cssnbr3_cubic,cssnbr3_cubic_mace_mp0_q1d2-1d2-1d2-b0,e,50.0,False,False,0.435,-0.4500778741445677,False,True
cssnbr3_cubic,cssnbr3_cubic_mace_mp0_q1d2-1d2-1d2-b0,e,100.0,False,False,0.43,0.14622597277312793,False,True
cssnbr3_cubic,cssnbr3_cubic_mace_mp0_q1d2-1d2-1d2-b0,e,300.0,True,False,0.42,0.24347861706373394,False,True
cssnbr3_cubic,cssnbr3_cubic_mace_mp0_q1d2-1d2-1d2-b0,e,600.0,True,False,0.395,0.3287082290871812,False,True
cssnbr3_cubic,cssnbr3_cubic_mace_mp0_q1d2-1d2-1d2-b0,e,900.0,True,True,0.0,0.38790531993051103,True,True
cssnbr3_cubic,cssnbr3_cubic_mace_mp0_q1d2-1d2-1d2-b0,ke,50.0,False,False,0.43,0.10578281706510391,False,True
cssnbr3_cubic,cssnbr3_cubic_mace_mp0_q1d2-1d2-1d2-b0,ke,100.0,False,False,0.425,0.14776879862983758,False,True
cssnbr3_cubic,cssnbr3_cubic_mace_mp0_q1d2-1d2-1d2-b0,ke,300.0,True,False,0.41000000000000003,0.24552982097314877,False,True
cssnbr3_cubic,cssnbr3_cubic_mace_mp0_q1d2-1d2-1d2-b0,ke,600.0,True,False,0.385,0.33082334028143046,False,True
cssnbr3_cubic,cssnbr3_cubic_mace_mp0_q1d2-1d2-1d2-b0,ke,900.0,True,True,0.0,0.38989893561558187,True,True
knbo3_cubic,knbo3_cubic_mace_mp0_q0-1d2-1d2-b0,prod,50.0,False,False,0.09,-0.9219485151310444,,
knbo3_cubic,knbo3_cubic_mace_mp0_q0-1d2-1d2-b0,prod,100.0,False,False,0.085,1.3648151423428865,,
knbo3_cubic,knbo3_cubic_mace_mp0_q0-1d2-1d2-b0,prod,300.0,False,False,0.085,2.218224870768506,,
knbo3_cubic,knbo3_cubic_mace_mp0_q0-1d2-1d2-b0,prod,600.0,False,True,0.0,2.9536921322834604,,
knbo3_cubic,knbo3_cubic_mace_mp0_q0-1d2-1d2-b0,prod,900.0,True,True,0.0,3.458377963726889,,
knbo3_cubic,knbo3_cubic_mace_mp0_q0-1d2-1d2-b0,k,50.0,False,False,0.09,-1.1589045747726474,False,True
knbo3_cubic,knbo3_cubic_mace_mp0_q0-1d2-1d2-b0,k,100.0,False,False,0.085,1.365352603195557,False,True
knbo3_cubic,knbo3_cubic_mace_mp0_q0-1d2-1d2-b0,k,300.0,False,False,0.085,2.218876400759285,False,True
knbo3_cubic,knbo3_cubic_mace_mp0_q0-1d2-1d2-b0,k,600.0,False,True,0.0,2.9543268674610497,True,True
knbo3_cubic,knbo3_cubic_mace_mp0_q0-1d2-1d2-b0,k,900.0,True,True,0.0,3.4589565602786254,True,True
knbo3_cubic,knbo3_cubic_mace_mp0_q0-1d2-1d2-b0,e,50.0,False,False,0.09,-0.3981245624672988,False,True
knbo3_cubic,knbo3_cubic_mace_mp0_q0-1d2-1d2-b0,e,100.0,False,False,0.085,1.3638413979811959,False,True
knbo3_cubic,knbo3_cubic_mace_mp0_q0-1d2-1d2-b0,e,300.0,False,False,0.085,2.2164882796643943,False,True
knbo3_cubic,knbo3_cubic_mace_mp0_q0-1d2-1d2-b0,e,600.0,False,True,0.0,2.95117621302491,True,True
knbo3_cubic,knbo3_cubic_mace_mp0_q0-1d2-1d2-b0,e,900.0,True,True,0.0,3.4552823065399,True,True
knbo3_cubic,knbo3_cubic_mace_mp0_q0-1d2-1d2-b0,ke,50.0,False,False,0.09,-0.7422701998443815,False,True
knbo3_cubic,knbo3_cubic_mace_mp0_q0-1d2-1d2-b0,ke,100.0,False,False,0.085,1.3643633277902778,False,True
knbo3_cubic,knbo3_cubic_mace_mp0_q0-1d2-1d2-b0,ke,300.0,False,False,0.085,2.217119528234827,False,True
knbo3_cubic,knbo3_cubic_mace_mp0_q0-1d2-1d2-b0,ke,600.0,False,True,0.0,2.9517891865371295,True,True
knbo3_cubic,knbo3_cubic_mace_mp0_q0-1d2-1d2-b0,ke,900.0,True,True,0.0,3.4558391986353305,True,True
