system,source,a_A,minus_pbe_pct
batio3_cubic,PBE vc-relax (this check),4.02374737,0.0
batio3_cubic,registry start,4.0,-0.5901804416712104
batio3_cubic,mace_mp0 relaxed,4.034047026810173,0.25597175625300744
batio3_cubic,chgnet relaxed,4.036145475211161,0.30812335047668993
batio3_cubic,orb_v2 relaxed,4.03576277289557,0.2986122584423119
batio3_cubic,sevennet0 relaxed,4.0354980761148775,0.29203389364073895
batio3_cubic,mattersim relaxed,4.034090028841365,0.25704046229336447
cssnbr3_cubic,PBE vc-relax (this check),5.887105496,0.0
cssnbr3_cubic,registry start,5.8,-1.4795980139847045
cssnbr3_cubic,mace_mp0 relaxed,5.894712192246898,0.1292094434534229
cssnbr3_cubic,chgnet relaxed,5.920543726479513,0.5679910187142518
cssnbr3_cubic,orb_v2 relaxed,5.896575247967567,0.16085582250905545
cssnbr3_cubic,sevennet0 relaxed,5.894929029740394,0.1328927050094322
cssnbr3_cubic,mattersim relaxed,5.894114900385775,0.11906367892570013
knbo3_cubic,PBE vc-relax (this check),4.026883539,0.0
knbo3_cubic,registry start,4.02,-0.17093960958478027
knbo3_cubic,mace_mp0 relaxed,4.056679335279731,0.7399219766641246
knbo3_cubic,chgnet relaxed,4.057435175083046,0.7586918217811858
knbo3_cubic,orb_v2 relaxed,4.058372670663433,0.7819727429031242
knbo3_cubic,sevennet0 relaxed,4.057819315298832,0.7682312140200144
knbo3_cubic,mattersim relaxed,4.058994007757379,0.7974024688420223
