job,study,part,n_atoms,kmesh,nk_irr_spglib,status,qe_version,nproc,nk_irr,wall_s,input_matches_run,pos_mismatch_A,core_h
cv_e_batio3_cubic_mace_mp0_q1d2-0-1d2-b0_i00,conv,conv,10,5x5x7,24,ok,7.5,8,24,116.52000000000001,True,2.133536189875793e-06,0.25893333333333335
cv_e_batio3_cubic_mace_mp0_q1d2-0-1d2-b0_i01,conv,conv,10,5x5x7,24,ok,7.5,8,24,118.85,True,2.162651964764454e-06,0.2641111111111111
cv_e_batio3_cubic_mace_mp0_q1d2-0-1d2-b0_i02,conv,conv,10,5x5x7,24,ok,7.5,8,24,116.55,True,2.2518333100213504e-06,0.259
cv_e_batio3_cubic_mace_mp0_q1d2-0-1d2-b0_i03,conv,conv,10,5x5x7,24,ok,7.5,8,24,116.86,True,2.082685748897623e-06,0.2596888888888889
cv_e_batio3_cubic_mace_mp0_q1d2-0-1d2-b0_i04,conv,conv,10,5x5x7,24,ok,7.5,8,24,127.43,True,2.287049827739392e-06,0.2831777777777778
cv_e_batio3_cubic_mace_mp0_q1d2-0-1d2-b0_i05,conv,conv,10,5x5x7,24,ok,7.5,8,24,114.53,True,2.228818879761521e-06,0.25451111111111113
cv_e_batio3_cubic_mace_mp0_q1d2-0-1d2-b0_i06,conv,conv,10,5x5x7,24,ok,7.5,8,24,116.16,True,2.2306257247663734e-06,0.2581333333333333
cv_e_batio3_cubic_mace_mp0_q1d2-0-1d2-b0_i07,conv,conv,10,5x5x7,24,ok,7.5,8,24,113.67,True,2.2989253431633595e-06,0.2526
cv_e_batio3_cubic_mace_mp0_q1d2-0-1d2-b0_i08,conv,conv,10,5x5x7,24,ok,7.5,8,24,127.21,True,2.100628211136518e-06,0.2826888888888889
cv_e_batio3_cubic_mace_mp0_q1d2-0-1d2-b0_i09,conv,conv,10,5x5x7,24,ok,7.5,8,24,120.25,True,2.2830751141243736e-06,0.26722222222222225
cv_e_cssnbr3_cubic_mace_mp0_q1d2-1d2-1d2-b0_i00,conv,conv,10,4x4x4,8,ok,7.5,8,8,263.25,True,4.333952524194437e-06,0.585
cv_e_cssnbr3_cubic_mace_mp0_q1d2-1d2-1d2-b0_i01,conv,conv,10,4x4x4,36,ok,7.5,8,36,832.62,True,4.442745401305186e-06,1.8502666666666667
cv_e_cssnbr3_cubic_mace_mp0_q1d2-1d2-1d2-b0_i02,conv,conv,10,4x4x4,36,ok,7.5,8,36,847.92,True,4.3791466225485115e-06,1.8842666666666665
cv_e_cssnbr3_cubic_mace_mp0_q1d2-1d2-1d2-b0_i03,conv,conv,10,4x4x4,36,ok,7.5,8,36,864.55,True,4.333952524194437e-06,1.9212222222222222
cv_e_cssnbr3_cubic_mace_mp0_q1d2-1d2-1d2-b0_i04,conv,conv,10,4x4x4,36,ok,7.5,8,36,846.09,True,4.333952524194437e-06,1.8802
cv_e_cssnbr3_cubic_mace_mp0_q1d2-1d2-1d2-b0_i05,conv,conv,10,4x4x4,36,ok,7.5,8,36,903.14,True,4.333952524194437e-06,2.0069777777777777
cv_e_cssnbr3_cubic_mace_mp0_q1d2-1d2-1d2-b0_i06,conv,conv,10,4x4x4,36,ok,7.5,8,36,917.06,True,4.333952524194437e-06,2.037911111111111
cv_e_cssnbr3_cubic_mace_mp0_q1d2-1d2-1d2-b0_i07,conv,conv,10,4x4x4,36,ok,7.5,8,36,920.21,True,4.333952524194437e-06,2.0449111111111113
cv_e_cssnbr3_cubic_mace_mp0_q1d2-1d2-1d2-b0_i08,conv,conv,10,4x4x4,36,ok,7.5,8,36,681.18,True,4.333952524194437e-06,1.5137333333333332
cv_e_cssnbr3_cubic_mace_mp0_q1d2-1d2-1d2-b0_i09,conv,conv,10,4x4x4,36,ok,7.5,8,36,890.88,True,4.333952524194437e-06,1.9797333333333333
cv_e_knbo3_cubic_mace_mp0_q0-1d2-1d2-b0_i00,conv,conv,10,5x5x7,24,ok,7.5,8,24,173.32999999999998,True,1.811216845102939e-06,0.38517777777777773
cv_e_knbo3_cubic_mace_mp0_q0-1d2-1d2-b0_i01,conv,conv,10,5x5x7,24,ok,7.5,8,24,180.19,True,1.811216845102939e-06,0.40042222222222223
cv_e_knbo3_cubic_mace_mp0_q0-1d2-1d2-b0_i02,conv,conv,10,5x5x7,24,ok,7.5,8,24,163.15,True,1.811216845102939e-06,0.3625555555555556
cv_e_knbo3_cubic_mace_mp0_q0-1d2-1d2-b0_i03,conv,conv,10,5x5x7,24,ok,7.5,8,24,153.65,True,1.811216845102939e-06,0.34144444444444444
cv_e_knbo3_cubic_mace_mp0_q0-1d2-1d2-b0_i04,conv,conv,10,5x5x7,24,ok,7.5,8,24,169.31,True,1.811216845102939e-06,0.37624444444444444
cv_e_knbo3_cubic_mace_mp0_q0-1d2-1d2-b0_i05,conv,conv,10,5x5x7,24,ok,7.5,8,24,140.59,True,1.811216845102939e-06,0.3124222222222222
cv_e_knbo3_cubic_mace_mp0_q0-1d2-1d2-b0_i06,conv,conv,10,5x5x7,24,ok,7.5,8,24,121.87,True,1.811216845102939e-06,0.27082222222222224
cv_e_knbo3_cubic_mace_mp0_q0-1d2-1d2-b0_i07,conv,conv,10,5x5x7,24,ok,7.5,8,24,126.18,True,1.811216845102939e-06,0.28040000000000004
cv_e_knbo3_cubic_mace_mp0_q0-1d2-1d2-b0_i08,conv,conv,10,5x5x7,24,ok,7.5,8,24,113.49000000000001,True,1.811216845102939e-06,0.25220000000000004
cv_e_knbo3_cubic_mace_mp0_q0-1d2-1d2-b0_i09,conv,conv,10,5x5x7,24,ok,7.5,8,24,105.00999999999999,True,1.811216845102939e-06,0.23335555555555554
cv_k_batio3_cubic_mace_mp0_q1d2-0-1d2-b0_i00,conv,conv,10,8x8x11,90,ok,7.5,8,90,269.11,True,2.133536189875793e-06,0.5980222222222222
cv_k_batio3_cubic_mace_mp0_q1d2-0-1d2-b0_i01,conv,conv,10,8x8x11,90,ok,7.5,8,90,233.11,True,2.162651964764454e-06,0.5180222222222223
cv_k_batio3_cubic_mace_mp0_q1d2-0-1d2-b0_i02,conv,conv,10,8x8x11,90,ok,7.5,8,90,278.65,True,2.2518333100213504e-06,0.6192222222222221
cv_k_batio3_cubic_mace_mp0_q1d2-0-1d2-b0_i03,conv,conv,10,8x8x11,90,ok,7.5,8,90,225.36,True,2.082685748897623e-06,0.5008
cv_k_batio3_cubic_mace_mp0_q1d2-0-1d2-b0_i04,conv,conv,10,8x8x11,90,ok,7.5,8,90,209.47,True,2.287049827739392e-06,0.4654888888888889
cv_k_batio3_cubic_mace_mp0_q1d2-0-1d2-b0_i05,conv,conv,10,8x8x11,90,ok,7.5,8,90,177.3,True,2.228818879761521e-06,0.394
cv_k_batio3_cubic_mace_mp0_q1d2-0-1d2-b0_i06,conv,conv,10,8x8x11,90,ok,7.5,8,90,238.22,True,2.2306257247663734e-06,0.5293777777777777
cv_k_batio3_cubic_mace_mp0_q1d2-0-1d2-b0_i07,conv,conv,10,8x8x11,90,ok,7.5,8,90,222.39,True,2.2989253431633595e-06,0.4942
cv_k_batio3_cubic_mace_mp0_q1d2-0-1d2-b0_i08,conv,conv,10,8x8x11,90,ok,7.5,8,90,239.27,True,2.100628211136518e-06,0.5317111111111111
cv_k_batio3_cubic_mace_mp0_q1d2-0-1d2-b0_i09,conv,conv,10,8x8x11,90,ok,7.5,8,90,243.9,True,2.2830751141243736e-06,0.542
cv_k_cssnbr3_cubic_mace_mp0_q1d2-1d2-1d2-b0_i00,conv,conv,10,7x7x7,20,ok,7.5,8,20,272.12,True,4.333952524194437e-06,0.6047111111111111
cv_k_cssnbr3_cubic_mace_mp0_q1d2-1d2-1d2-b0_i01,conv,conv,10,7x7x7,172,ok,7.5,8,172,1209.67,True,4.442745401305186e-06,2.688155555555556
cv_k_cssnbr3_cubic_mace_mp0_q1d2-1d2-1d2-b0_i02,conv,conv,10,7x7x7,172,ok,7.5,8,172,1898.76,True,4.3791466225485115e-06,4.2194666666666665
cv_k_cssnbr3_cubic_mace_mp0_q1d2-1d2-1d2-b0_i03,conv,conv,10,7x7x7,172,ok,7.5,8,172,1824.45,True,4.333952524194437e-06,4.054333333333333
cv_k_cssnbr3_cubic_mace_mp0_q1d2-1d2-1d2-b0_i04,conv,conv,10,7x7x7,172,ok,7.5,8,172,1926.66,True,4.333952524194437e-06,4.281466666666667
cv_k_cssnbr3_cubic_mace_mp0_q1d2-1d2-1d2-b0_i05,conv,conv,10,7x7x7,172,ok,7.5,8,172,1989.46,True,4.333952524194437e-06,4.421022222222223
cv_k_cssnbr3_cubic_mace_mp0_q1d2-1d2-1d2-b0_i06,conv,conv,10,7x7x7,172,ok,7.5,8,172,2185.99,True,4.333952524194437e-06,4.857755555555555
cv_k_cssnbr3_cubic_mace_mp0_q1d2-1d2-1d2-b0_i07,conv,conv,10,7x7x7,172,ok,7.5,8,172,2051.09,True,4.333952524194437e-06,4.557977777777778
cv_k_cssnbr3_cubic_mace_mp0_q1d2-1d2-1d2-b0_i08,conv,conv,10,7x7x7,172,ok,7.5,8,172,1978.89,True,4.333952524194437e-06,4.3975333333333335
cv_k_cssnbr3_cubic_mace_mp0_q1d2-1d2-1d2-b0_i09,conv,conv,10,7x7x7,172,ok,7.5,8,172,1913.14,True,4.333952524194437e-06,4.251422222222223
cv_k_knbo3_cubic_mace_mp0_q0-1d2-1d2-b0_i00,conv,conv,10,8x8x11,90,ok,7.5,8,90,329.28,True,1.811216845102939e-06,0.7317333333333332
cv_k_knbo3_cubic_mace_mp0_q0-1d2-1d2-b0_i01,conv,conv,10,8x8x11,90,ok,7.5,8,90,308.68,True,1.811216845102939e-06,0.6859555555555555
cv_k_knbo3_cubic_mace_mp0_q0-1d2-1d2-b0_i02,conv,conv,10,8x8x11,90,ok,7.5,8,90,279.65,True,1.811216845102939e-06,0.6214444444444444
cv_k_knbo3_cubic_mace_mp0_q0-1d2-1d2-b0_i03,conv,conv,10,8x8x11,90,ok,7.5,8,90,282.12,True,1.811216845102939e-06,0.6269333333333333
cv_k_knbo3_cubic_mace_mp0_q0-1d2-1d2-b0_i04,conv,conv,10,8x8x11,90,ok,7.5,8,90,279.3,True,1.811216845102939e-06,0.6206666666666667
cv_k_knbo3_cubic_mace_mp0_q0-1d2-1d2-b0_i05,conv,conv,10,8x8x11,90,ok,7.5,8,90,270.84,True,1.811216845102939e-06,0.6018666666666667
cv_k_knbo3_cubic_mace_mp0_q0-1d2-1d2-b0_i06,conv,conv,10,8x8x11,90,ok,7.5,8,90,249.59,True,1.811216845102939e-06,0.5546444444444445
cv_k_knbo3_cubic_mace_mp0_q0-1d2-1d2-b0_i07,conv,conv,10,8x8x11,90,ok,7.5,8,90,267.04,True,1.811216845102939e-06,0.5934222222222223
cv_k_knbo3_cubic_mace_mp0_q0-1d2-1d2-b0_i08,conv,conv,10,8x8x11,90,ok,7.5,8,90,214.47,True,1.811216845102939e-06,0.4766
cv_k_knbo3_cubic_mace_mp0_q0-1d2-1d2-b0_i09,conv,conv,10,8x8x11,90,ok,7.5,8,90,245.0,True,1.811216845102939e-06,0.5444444444444444
cv_ke_batio3_cubic_mace_mp0_q1d2-0-1d2-b0_i00,conv,conv,10,8x8x11,90,ok,7.5,8,90,334.75,True,2.133536189875793e-06,0.7438888888888889
cv_ke_batio3_cubic_mace_mp0_q1d2-0-1d2-b0_i01,conv,conv,10,8x8x11,90,ok,7.5,8,90,259.77,True,2.162651964764454e-06,0.5772666666666666
cv_ke_batio3_cubic_mace_mp0_q1d2-0-1d2-b0_i02,conv,conv,10,8x8x11,90,ok,7.5,8,90,316.41,True,2.2518333100213504e-06,0.7031333333333334
cv_ke_batio3_cubic_mace_mp0_q1d2-0-1d2-b0_i03,conv,conv,10,8x8x11,90,ok,7.5,8,90,315.87,True,2.082685748897623e-06,0.7019333333333333
cv_ke_batio3_cubic_mace_mp0_q1d2-0-1d2-b0_i04,conv,conv,10,8x8x11,90,ok,7.5,8,90,303.13,True,2.287049827739392e-06,0.6736222222222222
cv_ke_batio3_cubic_mace_mp0_q1d2-0-1d2-b0_i05,conv,conv,10,8x8x11,90,ok,7.5,8,90,310.02,True,2.228818879761521e-06,0.6889333333333333
cv_ke_batio3_cubic_mace_mp0_q1d2-0-1d2-b0_i06,conv,conv,10,8x8x11,90,ok,7.5,8,90,322.23,True,2.2306257247663734e-06,0.7160666666666667
cv_ke_batio3_cubic_mace_mp0_q1d2-0-1d2-b0_i07,conv,conv,10,8x8x11,90,ok,7.5,8,90,294.4,True,2.2989253431633595e-06,0.6542222222222221
cv_ke_batio3_cubic_mace_mp0_q1d2-0-1d2-b0_i08,conv,conv,10,8x8x11,90,ok,7.5,8,90,240.53,True,2.100628211136518e-06,0.5345111111111112
cv_ke_batio3_cubic_mace_mp0_q1d2-0-1d2-b0_i09,conv,conv,10,8x8x11,90,ok,7.5,8,90,346.65999999999997,True,2.2830751141243736e-06,0.7703555555555555
cv_ke_cssnbr3_cubic_mace_mp0_q1d2-1d2-1d2-b0_i00,conv,conv,10,7x7x7,20,ok,7.5,8,20,426.52,True,4.333952524194437e-06,0.9478222222222222
cv_ke_cssnbr3_cubic_mace_mp0_q1d2-1d2-1d2-b0_i01,conv,conv,10,7x7x7,172,ok,7.5,8,172,3247.35,True,4.442745401305186e-06,7.216333333333333
cv_ke_cssnbr3_cubic_mace_mp0_q1d2-1d2-1d2-b0_i02,conv,conv,10,7x7x7,172,ok,7.5,8,172,3361.17,True,4.3791466225485115e-06,7.469266666666667
cv_ke_cssnbr3_cubic_mace_mp0_q1d2-1d2-1d2-b0_i03,conv,conv,10,7x7x7,172,ok,7.5,8,172,3045.49,True,4.333952524194437e-06,6.767755555555555
cv_ke_cssnbr3_cubic_mace_mp0_q1d2-1d2-1d2-b0_i04,conv,conv,10,7x7x7,172,ok,7.5,8,172,3275.25,True,4.333952524194437e-06,7.278333333333333
cv_ke_cssnbr3_cubic_mace_mp0_q1d2-1d2-1d2-b0_i05,conv,conv,10,7x7x7,172,ok,7.5,8,172,3435.59,True,4.333952524194437e-06,7.634644444444445
cv_ke_cssnbr3_cubic_mace_mp0_q1d2-1d2-1d2-b0_i06,conv,conv,10,7x7x7,172,ok,7.5,8,172,3337.09,True,4.333952524194437e-06,7.415755555555556
cv_ke_cssnbr3_cubic_mace_mp0_q1d2-1d2-1d2-b0_i07,conv,conv,10,7x7x7,172,ok,7.5,8,172,2819.54,True,4.333952524194437e-06,6.265644444444445
cv_ke_cssnbr3_cubic_mace_mp0_q1d2-1d2-1d2-b0_i08,conv,conv,10,7x7x7,172,ok,7.5,8,172,2412.64,True,4.333952524194437e-06,5.361422222222222
cv_ke_cssnbr3_cubic_mace_mp0_q1d2-1d2-1d2-b0_i09,conv,conv,10,7x7x7,172,ok,7.5,8,172,3088.07,True,4.333952524194437e-06,6.862377777777779
cv_ke_knbo3_cubic_mace_mp0_q0-1d2-1d2-b0_i00,conv,conv,10,8x8x11,90,ok,7.5,8,90,432.77,True,1.811216845102939e-06,0.9617111111111111
cv_ke_knbo3_cubic_mace_mp0_q0-1d2-1d2-b0_i01,conv,conv,10,8x8x11,90,ok,7.5,8,90,411.03,True,1.811216845102939e-06,0.9134
cv_ke_knbo3_cubic_mace_mp0_q0-1d2-1d2-b0_i02,conv,conv,10,8x8x11,90,ok,7.5,8,90,390.94,True,1.811216845102939e-06,0.8687555555555555
cv_ke_knbo3_cubic_mace_mp0_q0-1d2-1d2-b0_i03,conv,conv,10,8x8x11,90,ok,7.5,8,90,386.35,True,1.811216845102939e-06,0.8585555555555556
cv_ke_knbo3_cubic_mace_mp0_q0-1d2-1d2-b0_i04,conv,conv,10,8x8x11,90,ok,7.5,8,90,447.83,True,1.811216845102939e-06,0.9951777777777777
cv_ke_knbo3_cubic_mace_mp0_q0-1d2-1d2-b0_i05,conv,conv,10,8x8x11,90,ok,7.5,8,90,403.82,True,1.811216845102939e-06,0.8973777777777777
cv_ke_knbo3_cubic_mace_mp0_q0-1d2-1d2-b0_i06,conv,conv,10,8x8x11,90,ok,7.5,8,90,370.63,True,1.811216845102939e-06,0.8236222222222223
cv_ke_knbo3_cubic_mace_mp0_q0-1d2-1d2-b0_i07,conv,conv,10,8x8x11,90,ok,7.5,8,90,346.6,True,1.811216845102939e-06,0.7702222222222223
cv_ke_knbo3_cubic_mace_mp0_q0-1d2-1d2-b0_i08,conv,conv,10,8x8x11,90,ok,7.5,8,90,423.14,True,1.811216845102939e-06,0.9403111111111111
cv_ke_knbo3_cubic_mace_mp0_q0-1d2-1d2-b0_i09,conv,conv,10,8x8x11,90,ok,7.5,8,90,248.85,True,1.811216845102939e-06,0.5529999999999999
pl_batio3_cubic_vcrelax,pbe-lattice,vcrelax,5,7x7x7,20,ok,7.5,4,20,281.27,True,,0.3125222222222222
pl_cssnbr3_cubic_vcrelax,pbe-lattice,vcrelax,5,5x5x5,10,ok,7.5,8,10,242.11,True,,0.5380222222222223
pl_knbo3_cubic_vcrelax,pbe-lattice,vcrelax,5,7x7x7,20,ok,7.5,4,20,551.34,True,,0.6126
xs_batio3_cubic_chgnet_q0-0-0-b0_i00,xc,xc,5,7x7x7,100,ok,7.5,8,172,83.47,True,2.0965974690709657e-06,0.1854888888888889
xs_batio3_cubic_chgnet_q0-0-0-b0_i01,xc,xc,5,7x7x7,40,ok,7.5,8,40,23.38,True,2.1477396294667696e-06,0.05195555555555555
xs_batio3_cubic_chgnet_q0-0-0-b0_i02,xc,xc,5,7x7x7,100,ok,7.5,8,40,22.94,True,2.1499192494510626e-06,0.05097777777777778
xs_batio3_cubic_chgnet_q0-0-0-b0_i03,xc,xc,5,7x7x7,100,ok,7.5,8,100,48.96,True,2.111695955674039e-06,0.10880000000000001
xs_batio3_cubic_chgnet_q0-0-0-b0_i04,xc,xc,5,7x7x7,100,ok,7.5,8,100,48.99,True,2.1936996211514775e-06,0.10886666666666667
xs_batio3_cubic_chgnet_q0-0-0-b0_i05,xc,xc,5,7x7x7,100,ok,7.5,8,100,57.95,True,2.2407216861399897e-06,0.1287777777777778
xs_batio3_cubic_chgnet_q0-0-0-b0_i06,xc,xc,5,7x7x7,100,ok,7.5,8,100,60.83,True,2.1336730848915566e-06,0.13517777777777779
xs_batio3_cubic_chgnet_q0-0-0-b0_i07,xc,xc,5,7x7x7,100,ok,7.5,8,100,46.7,True,2.281599622472841e-06,0.10377777777777779
xs_batio3_cubic_chgnet_q0-0-0-b0_i08,xc,xc,5,7x7x7,100,ok,7.5,8,100,53.35,True,2.243352635942392e-06,0.11855555555555555
xs_batio3_cubic_chgnet_q0-0-0-b0_i09,xc,xc,5,7x7x7,100,ok,7.5,8,100,45.28,True,2.194153136738242e-06,0.10062222222222222
xs_batio3_cubic_chgnet_q1d2-1d2-0-b0_i00,xc,xc,20,4x4x7,45,ok,7.5,8,58,997.93,True,4.196825490349452e-06,2.217622222222222
xs_batio3_cubic_chgnet_q1d2-1d2-0-b0_i01,xc,xc,20,4x4x7,45,ok,7.5,8,58,1061.45,True,4.056964285405602e-06,2.358777777777778
xs_batio3_cubic_chgnet_q1d2-1d2-0-b0_i02,xc,xc,20,4x4x7,45,ok,7.5,8,45,679.84,True,4.520793577299284e-06,1.5107555555555556
xs_batio3_cubic_chgnet_q1d2-1d2-0-b0_i03,xc,xc,20,4x4x7,58,ok,7.5,8,45,672.87,True,4.033952832996896e-06,1.4952666666666667
xs_batio3_cubic_chgnet_q1d2-1d2-0-b0_i04,xc,xc,20,4x4x7,58,ok,7.5,8,45,897.55,True,3.899831672789866e-06,1.9945555555555554
xs_batio3_cubic_chgnet_q1d2-1d2-0-b0_i05,xc,xc,20,4x4x7,58,ok,7.5,8,45,774.73,True,4.183460410082311e-06,1.7216222222222222
xs_batio3_cubic_chgnet_q1d2-1d2-0-b0_i06,xc,xc,20,4x4x7,58,ok,7.5,8,58,971.95,True,4.39727370512127e-06,2.159888888888889
xs_batio3_cubic_chgnet_q1d2-1d2-0-b0_i07,xc,xc,20,4x4x7,58,ok,7.5,8,58,1126.25,True,4.496012719757841e-06,2.5027777777777778
xs_batio3_cubic_chgnet_q1d2-1d2-0-b0_i08,xc,xc,20,4x4x7,58,ok,7.5,8,58,942.95,True,4.3352684124440214e-06,2.0954444444444444
xs_batio3_cubic_chgnet_q1d2-1d2-0-b0_i09,xc,xc,20,4x4x7,58,ok,7.5,8,58,931.74,True,4.559068533022448e-06,2.0705333333333336
xs_batio3_cubic_mace_mp0_q1d2-0-1d2-b0_i00,xc,xc,10,5x5x7,24,ok,7.5,8,24,76.28999999999999,True,2.133536189875793e-06,0.1695333333333333
xs_batio3_cubic_mace_mp0_q1d2-0-1d2-b0_i01,xc,xc,10,5x5x7,24,ok,7.5,8,24,68.33,True,2.162651964764454e-06,0.15184444444444445
xs_batio3_cubic_mace_mp0_q1d2-0-1d2-b0_i02,xc,xc,10,5x5x7,24,ok,7.5,8,24,75.05,True,2.2518333100213504e-06,0.16677777777777777
xs_batio3_cubic_mace_mp0_q1d2-0-1d2-b0_i03,xc,xc,10,5x5x7,24,ok,7.5,8,24,78.24,True,2.082685748897623e-06,0.17386666666666664
xs_batio3_cubic_mace_mp0_q1d2-0-1d2-b0_i04,xc,xc,10,5x5x7,24,ok,7.5,8,24,68.43,True,2.287049827739392e-06,0.15206666666666668
xs_batio3_cubic_mace_mp0_q1d2-0-1d2-b0_i05,xc,xc,10,5x5x7,24,ok,7.5,8,24,56.46,True,2.228818879761521e-06,0.12546666666666667
xs_batio3_cubic_mace_mp0_q1d2-0-1d2-b0_i06,xc,xc,10,5x5x7,24,ok,7.5,8,24,63.88,True,2.2306257247663734e-06,0.14195555555555556
xs_batio3_cubic_mace_mp0_q1d2-0-1d2-b0_i07,xc,xc,10,5x5x7,24,ok,7.5,8,24,58.2,True,2.2989253431633595e-06,0.12933333333333333
xs_batio3_cubic_mace_mp0_q1d2-0-1d2-b0_i08,xc,xc,10,5x5x7,24,ok,7.5,8,24,59.23,True,2.100628211136518e-06,0.13162222222222222
xs_batio3_cubic_mace_mp0_q1d2-0-1d2-b0_i09,xc,xc,10,5x5x7,24,ok,7.5,8,24,71.32,True,2.2830751141243736e-06,0.15848888888888887
xs_batio3_cubic_mattersim_q0-0-0-b0_i00,xc,xc,5,7x7x7,20,ok,7.5,8,20,14.31,True,2.1152060636353553e-07,0.0318
xs_batio3_cubic_mattersim_q0-0-0-b0_i01,xc,xc,5,7x7x7,172,ok,7.5,8,172,84.14,True,2.3471417240265478e-07,0.18697777777777777
xs_batio3_cubic_mattersim_q0-0-0-b0_i02,xc,xc,5,7x7x7,172,ok,7.5,8,172,75.59,True,2.2246691754196714e-07,0.16797777777777778
xs_batio3_cubic_mattersim_q0-0-0-b0_i03,xc,xc,5,7x7x7,172,ok,7.5,8,172,79.74,True,2.1152060636353553e-07,0.1772
xs_batio3_cubic_mattersim_q0-0-0-b0_i04,xc,xc,5,7x7x7,172,ok,7.5,8,172,74.26,True,2.942143963149289e-07,0.16502222222222224
xs_batio3_cubic_mattersim_q0-0-0-b0_i05,xc,xc,5,7x7x7,172,ok,7.5,8,172,70.59,True,2.801792637469577e-07,0.15686666666666668
xs_batio3_cubic_mattersim_q0-0-0-b0_i06,xc,xc,5,7x7x7,172,ok,7.5,8,172,81.86,True,2.9049231914000353e-07,0.1819111111111111
xs_batio3_cubic_mattersim_q0-0-0-b0_i07,xc,xc,5,7x7x7,172,ok,7.5,8,172,85.33,True,3.1102317642378866e-07,0.18962222222222222
xs_batio3_cubic_mattersim_q0-0-0-b0_i08,xc,xc,5,7x7x7,172,ok,7.5,8,172,79.42,True,2.516816584741772e-07,0.1764888888888889
xs_batio3_cubic_mattersim_q0-0-0-b0_i09,xc,xc,5,7x7x7,172,ok,7.5,8,172,76.17,True,2.533359824500025e-07,0.16926666666666668
xs_batio3_cubic_mattersim_q1d2-0-1d2-b0_i00,xc,xc,20,4x7x4,24,ok,7.5,8,24,314.48,True,1.8221172304322408e-07,0.6988444444444445
xs_batio3_cubic_mattersim_q1d2-0-1d2-b0_i01,xc,xc,20,4x7x4,24,ok,7.5,8,24,320.0,True,4.215047726008033e-07,0.7111111111111111
xs_batio3_cubic_mattersim_q1d2-0-1d2-b0_i02,xc,xc,20,4x7x4,24,ok,7.5,8,24,335.96,True,4.111463642379254e-07,0.7465777777777778
xs_batio3_cubic_mattersim_q1d2-0-1d2-b0_i03,xc,xc,20,4x7x4,24,ok,7.5,8,24,345.28,True,5.049191155608176e-07,0.7672888888888888
xs_batio3_cubic_mattersim_q1d2-0-1d2-b0_i04,xc,xc,20,4x7x4,24,ok,7.5,8,24,314.33,True,5.104773244960279e-07,0.6985111111111111
xs_batio3_cubic_mattersim_q1d2-0-1d2-b0_i05,xc,xc,20,4x7x4,24,ok,7.5,8,24,396.55,True,4.059184966611365e-07,0.8812222222222222
xs_batio3_cubic_mattersim_q1d2-0-1d2-b0_i06,xc,xc,20,4x7x4,24,ok,7.5,8,24,383.35,True,5.374864102066541e-07,0.8518888888888889
xs_batio3_cubic_mattersim_q1d2-0-1d2-b0_i07,xc,xc,20,4x7x4,24,ok,7.5,8,24,352.28,True,4.983617448761471e-07,0.7828444444444443
xs_batio3_cubic_mattersim_q1d2-0-1d2-b0_i08,xc,xc,20,4x7x4,24,ok,7.5,8,24,414.89,True,5.831331336732979e-07,0.9219777777777778
xs_batio3_cubic_mattersim_q1d2-0-1d2-b0_i09,xc,xc,20,4x7x4,24,ok,7.5,8,24,387.35,True,6.777266246124183e-07,0.8607777777777779
xs_batio3_cubic_orb_v2_q1d2-1d2-0-b0_i00,xc,xc,10,7x5x5,88,ok,7.5,8,88,291.42,True,3.996991670911359e-06,0.6476000000000001
xs_batio3_cubic_orb_v2_q1d2-1d2-0-b0_i01,xc,xc,10,7x5x5,88,ok,7.5,8,88,292.39,True,3.988297653461688e-06,0.6497555555555555
xs_batio3_cubic_orb_v2_q1d2-1d2-0-b0_i02,xc,xc,10,7x5x5,88,ok,7.5,8,88,298.72,True,3.832419476642637e-06,0.6638222222222223
xs_batio3_cubic_orb_v2_q1d2-1d2-0-b0_i03,xc,xc,10,7x5x5,88,ok,7.5,8,88,281.74,True,3.6460998485538295e-06,0.6260888888888889
xs_batio3_cubic_orb_v2_q1d2-1d2-0-b0_i04,xc,xc,10,7x5x5,88,ok,7.5,8,88,243.73,True,3.659817372219691e-06,0.5416222222222222
xs_batio3_cubic_orb_v2_q1d2-1d2-0-b0_i05,xc,xc,10,7x5x5,88,ok,7.5,8,88,259.82,True,3.6697872291908155e-06,0.5773777777777778
xs_batio3_cubic_orb_v2_q1d2-1d2-0-b0_i06,xc,xc,10,7x5x5,88,ok,7.5,8,88,236.69,True,3.6391446018790685e-06,0.5259777777777778
xs_batio3_cubic_orb_v2_q1d2-1d2-0-b0_i07,xc,xc,10,7x5x5,88,ok,7.5,8,88,267.04,True,3.730827470875865e-06,0.5934222222222223
xs_batio3_cubic_orb_v2_q1d2-1d2-0-b0_i08,xc,xc,10,7x5x5,88,ok,7.5,8,88,238.13,True,3.742699357878449e-06,0.5291777777777777
xs_batio3_cubic_orb_v2_q1d2-1d2-0-b0_i09,xc,xc,10,7x5x5,88,ok,7.5,8,88,248.68,True,3.824921542377862e-06,0.5526222222222222
xs_batio3_cubic_sevennet0_q1d2-0-0-b0_i00,xc,xc,10,4x7x7,30,ok,7.5,8,30,71.53,True,4.893789274201887e-07,0.15895555555555554
xs_batio3_cubic_sevennet0_q1d2-0-0-b0_i01,xc,xc,10,4x7x7,75,ok,7.5,8,75,201.41,True,4.738716431556941e-07,0.4475777777777778
xs_batio3_cubic_sevennet0_q1d2-0-0-b0_i02,xc,xc,10,4x7x7,75,ok,7.5,8,75,181.77,True,3.7500630948857535e-07,0.40393333333333337
xs_batio3_cubic_sevennet0_q1d2-0-0-b0_i03,xc,xc,10,4x7x7,75,ok,7.5,8,75,172.89,True,4.6401187849452337e-07,0.3842
xs_batio3_cubic_sevennet0_q1d2-0-0-b0_i04,xc,xc,10,4x7x7,75,ok,7.5,8,75,169.02,True,5.118486381759746e-07,0.37560000000000004
xs_batio3_cubic_sevennet0_q1d2-0-0-b0_i05,xc,xc,10,4x7x7,75,ok,7.5,8,75,161.01,True,5.598976583938703e-07,0.3578
xs_batio3_cubic_sevennet0_q1d2-0-0-b0_i06,xc,xc,10,4x7x7,75,ok,7.5,8,75,167.65,True,4.211774793061214e-07,0.3725555555555556
xs_batio3_cubic_sevennet0_q1d2-0-0-b0_i07,xc,xc,10,4x7x7,75,ok,7.5,8,75,153.41,True,4.709806000513193e-07,0.3409111111111111
xs_batio3_cubic_sevennet0_q1d2-0-0-b0_i08,xc,xc,10,4x7x7,75,ok,7.5,8,75,162.97,True,4.625192639534991e-07,0.36215555555555556
xs_batio3_cubic_sevennet0_q1d2-0-0-b0_i09,xc,xc,10,4x7x7,75,ok,7.5,8,75,192.84,True,5.180886972257575e-07,0.4285333333333333
xs_batio3_cubic_sevennet0_q1d2-0-1d2-b0_i00,xc,xc,10,5x5x7,24,ok,7.5,8,24,70.66,True,2.287365747913719e-06,0.1570222222222222
xs_batio3_cubic_sevennet0_q1d2-0-1d2-b0_i01,xc,xc,10,5x5x7,24,ok,7.5,8,24,63.54,True,2.0844589484363616e-06,0.1412
xs_batio3_cubic_sevennet0_q1d2-0-1d2-b0_i02,xc,xc,10,5x5x7,24,ok,7.5,8,24,64.25,True,2.020193571623326e-06,0.14277777777777778
xs_batio3_cubic_sevennet0_q1d2-0-1d2-b0_i03,xc,xc,10,5x5x7,24,ok,7.5,8,24,64.87,True,1.986982928830558e-06,0.14415555555555556
xs_batio3_cubic_sevennet0_q1d2-0-1d2-b0_i04,xc,xc,10,5x5x7,24,ok,7.5,8,24,69.95,True,2.1066202484090894e-06,0.15544444444444444
xs_batio3_cubic_sevennet0_q1d2-0-1d2-b0_i05,xc,xc,10,5x5x7,24,ok,7.5,8,24,60.93,True,2.080644004299907e-06,0.1354
xs_batio3_cubic_sevennet0_q1d2-0-1d2-b0_i06,xc,xc,10,5x5x7,24,ok,7.5,8,24,63.18,True,2.0712888760057406e-06,0.1404
xs_batio3_cubic_sevennet0_q1d2-0-1d2-b0_i07,xc,xc,10,5x5x7,24,ok,7.5,8,24,57.99,True,2.0768861776281585e-06,0.12886666666666668
xs_batio3_cubic_sevennet0_q1d2-0-1d2-b0_i08,xc,xc,10,5x5x7,24,ok,7.5,8,24,62.78,True,2.1020101716226845e-06,0.1395111111111111
xs_batio3_cubic_sevennet0_q1d2-0-1d2-b0_i09,xc,xc,10,5x5x7,24,ok,7.5,8,24,77.51,True,2.143506921460789e-06,0.17224444444444445
xs_cssnbr3_cubic_chgnet_q1d2-1d2-1d2-b0_i00,xc,xc,10,4x4x5,27,ok,7.5,8,27,419.82,True,4.544422915914116e-06,0.9329333333333333
xs_cssnbr3_cubic_chgnet_q1d2-1d2-1d2-b0_i01,xc,xc,10,4x4x5,27,ok,7.5,8,27,412.49,True,4.478047496414642e-06,0.9166444444444445
xs_cssnbr3_cubic_chgnet_q1d2-1d2-1d2-b0_i02,xc,xc,10,4x4x5,27,ok,7.5,8,27,327.94,True,4.478047496414642e-06,0.7287555555555556
xs_cssnbr3_cubic_chgnet_q1d2-1d2-1d2-b0_i03,xc,xc,10,4x4x5,27,ok,7.5,8,27,421.04,True,4.479496924745952e-06,0.9356444444444445
xs_cssnbr3_cubic_chgnet_q1d2-1d2-1d2-b0_i04,xc,xc,10,4x4x5,27,ok,7.5,8,27,429.57,True,4.4809905147903775e-06,0.9546
xs_cssnbr3_cubic_chgnet_q1d2-1d2-1d2-b0_i05,xc,xc,10,4x4x5,27,ok,7.5,8,27,402.39,True,4.482528225431603e-06,0.8942
xs_cssnbr3_cubic_chgnet_q1d2-1d2-1d2-b0_i06,xc,xc,10,4x4x5,27,ok,7.5,8,27,432.02,True,4.4841100132012235e-06,0.9600444444444444
xs_cssnbr3_cubic_chgnet_q1d2-1d2-1d2-b0_i07,xc,xc,10,4x4x5,27,ok,7.5,8,27,408.44,True,4.487405624404548e-06,0.9076444444444445
xs_cssnbr3_cubic_chgnet_q1d2-1d2-1d2-b0_i08,xc,xc,10,4x4x5,42,ok,7.5,8,27,402.92,True,4.498947558189524e-06,0.8953777777777778
xs_cssnbr3_cubic_chgnet_q1d2-1d2-1d2-b0_i09,xc,xc,10,4x4x5,42,ok,7.5,8,27,473.40999999999997,True,4.2982448933415185e-06,1.0520222222222222
xs_cssnbr3_cubic_mace_mp0_q1d2-1d2-0-b0_i00,xc,xc,10,4x4x5,18,ok,7.5,8,18,255.26,True,2.638968413166306e-06,0.5672444444444444
xs_cssnbr3_cubic_mace_mp0_q1d2-1d2-0-b0_i01,xc,xc,10,4x4x5,18,ok,7.5,8,18,262.94,True,3.249174369994315e-06,0.5843111111111111
xs_cssnbr3_cubic_mace_mp0_q1d2-1d2-0-b0_i02,xc,xc,10,4x4x5,18,ok,7.5,8,18,273.87,True,2.7020467649295093e-06,0.6086
xs_cssnbr3_cubic_mace_mp0_q1d2-1d2-0-b0_i03,xc,xc,10,4x4x5,18,ok,7.5,8,18,283.72,True,2.5784124955227755e-06,0.630488888888889
xs_cssnbr3_cubic_mace_mp0_q1d2-1d2-0-b0_i04,xc,xc,10,4x4x5,18,ok,7.5,8,18,293.55,True,2.8826124478627684e-06,0.6523333333333333
xs_cssnbr3_cubic_mace_mp0_q1d2-1d2-0-b0_i05,xc,xc,10,4x4x5,18,ok,7.5,8,18,219.32999999999998,True,2.8214905530339444e-06,0.48739999999999994
xs_cssnbr3_cubic_mace_mp0_q1d2-1d2-0-b0_i06,xc,xc,10,4x4x5,18,ok,7.5,8,18,272.92,True,3.1922397202871715e-06,0.606488888888889
xs_cssnbr3_cubic_mace_mp0_q1d2-1d2-0-b0_i07,xc,xc,10,4x4x5,18,ok,7.5,8,18,292.05,True,2.4001320201385473e-06,0.649
xs_cssnbr3_cubic_mace_mp0_q1d2-1d2-0-b0_i08,xc,xc,10,4x4x5,18,ok,7.5,8,18,289.67,True,2.819071824170474e-06,0.6437111111111111
xs_cssnbr3_cubic_mace_mp0_q1d2-1d2-0-b0_i09,xc,xc,10,4x4x5,18,ok,7.5,8,18,331.83,True,2.884952076952865e-06,0.7373999999999999
xs_cssnbr3_cubic_mace_mp0_q1d2-1d2-1d2-b0_i00,xc,xc,10,4x4x4,8,ok,7.5,8,8,200.93,True,4.333952524194437e-06,0.44651111111111114
xs_cssnbr3_cubic_mace_mp0_q1d2-1d2-1d2-b0_i01,xc,xc,10,4x4x4,36,ok,7.5,8,36,576.67,True,4.442745401305186e-06,1.281488888888889
xs_cssnbr3_cubic_mace_mp0_q1d2-1d2-1d2-b0_i02,xc,xc,10,4x4x4,36,ok,7.5,8,36,595.32,True,4.3791466225485115e-06,1.3229333333333335
xs_cssnbr3_cubic_mace_mp0_q1d2-1d2-1d2-b0_i03,xc,xc,10,4x4x4,36,ok,7.5,8,36,562.13,True,4.333952524194437e-06,1.2491777777777777
xs_cssnbr3_cubic_mace_mp0_q1d2-1d2-1d2-b0_i04,xc,xc,10,4x4x4,36,ok,7.5,8,36,552.91,True,4.333952524194437e-06,1.2286888888888887
xs_cssnbr3_cubic_mace_mp0_q1d2-1d2-1d2-b0_i05,xc,xc,10,4x4x4,36,ok,7.5,8,36,544.08,True,4.333952524194437e-06,1.2090666666666667
xs_cssnbr3_cubic_mace_mp0_q1d2-1d2-1d2-b0_i06,xc,xc,10,4x4x4,36,ok,7.5,8,36,567.96,True,4.333952524194437e-06,1.2621333333333333
xs_cssnbr3_cubic_mace_mp0_q1d2-1d2-1d2-b0_i07,xc,xc,10,4x4x4,36,ok,7.5,8,36,439.18,True,4.333952524194437e-06,0.9759555555555556
xs_cssnbr3_cubic_mace_mp0_q1d2-1d2-1d2-b0_i08,xc,xc,10,4x4x4,36,ok,7.5,8,36,557.96,True,4.333952524194437e-06,1.2399111111111112
xs_cssnbr3_cubic_mace_mp0_q1d2-1d2-1d2-b0_i09,xc,xc,10,4x4x4,36,ok,7.5,8,36,551.42,True,4.333952524194437e-06,1.2253777777777777
xs_cssnbr3_cubic_mattersim_q0-1d2-1d2-b0_i00,xc,xc,10,4x4x5,18,ok,7.5,8,18,277.19,True,2.8438019413851454e-06,0.6159777777777777
xs_cssnbr3_cubic_mattersim_q0-1d2-1d2-b0_i01,xc,xc,10,4x4x5,18,ok,7.5,8,18,297.08,True,2.8438019413851454e-06,0.6601777777777778
xs_cssnbr3_cubic_mattersim_q0-1d2-1d2-b0_i02,xc,xc,10,4x4x5,18,ok,7.5,8,18,279.28,True,2.8438019413851454e-06,0.6206222222222222
xs_cssnbr3_cubic_mattersim_q0-1d2-1d2-b0_i03,xc,xc,10,4x4x5,18,ok,7.5,8,18,273.47,True,2.8438019413851454e-06,0.6077111111111112
xs_cssnbr3_cubic_mattersim_q0-1d2-1d2-b0_i04,xc,xc,10,4x4x5,18,ok,7.5,8,18,289.44,True,3.037192803319386e-06,0.6432
xs_cssnbr3_cubic_mattersim_q0-1d2-1d2-b0_i05,xc,xc,10,4x4x5,18,ok,7.5,8,18,271.98,True,2.8438019413851454e-06,0.6044
xs_cssnbr3_cubic_mattersim_q0-1d2-1d2-b0_i06,xc,xc,10,4x4x5,18,ok,7.5,8,18,277.38,True,3.13266884803085e-06,0.6164
xs_cssnbr3_cubic_mattersim_q0-1d2-1d2-b0_i07,xc,xc,10,4x4x5,18,ok,7.5,8,18,259.12,True,2.9532192020716873e-06,0.5758222222222222
xs_cssnbr3_cubic_mattersim_q0-1d2-1d2-b0_i08,xc,xc,10,4x4x5,18,ok,7.5,8,18,323.24,True,2.8438019413851454e-06,0.7183111111111111
xs_cssnbr3_cubic_mattersim_q0-1d2-1d2-b0_i09,xc,xc,10,4x4x5,18,ok,7.5,8,18,272.79,True,2.9496505293329656e-06,0.6062000000000001
xs_cssnbr3_cubic_mattersim_q1d2-1d2-1d2-b0_i00,xc,xc,10,4x4x4,8,ok,7.5,8,8,183.72,True,5.310908780427424e-06,0.40826666666666667
xs_cssnbr3_cubic_mattersim_q1d2-1d2-1d2-b0_i01,xc,xc,10,4x4x4,36,ok,7.5,8,24,352.56,True,4.720970858064738e-06,0.7834666666666666
xs_cssnbr3_cubic_mattersim_q1d2-1d2-1d2-b0_i02,xc,xc,10,4x4x4,36,ok,7.5,8,24,357.28,True,4.720970858064738e-06,0.7939555555555555
xs_cssnbr3_cubic_mattersim_q1d2-1d2-1d2-b0_i03,xc,xc,10,4x4x4,36,ok,7.5,8,36,475.96,True,4.720970858064738e-06,1.057688888888889
xs_cssnbr3_cubic_mattersim_q1d2-1d2-1d2-b0_i04,xc,xc,10,4x4x4,36,ok,7.5,8,36,488.26,True,4.717448492590465e-06,1.085022222222222
xs_cssnbr3_cubic_mattersim_q1d2-1d2-1d2-b0_i05,xc,xc,10,4x4x4,36,ok,7.5,8,36,502.58,True,4.717448492590465e-06,1.1168444444444443
xs_cssnbr3_cubic_mattersim_q1d2-1d2-1d2-b0_i06,xc,xc,10,4x4x4,36,ok,7.5,8,36,504.78,True,4.717448492590465e-06,1.1217333333333332
xs_cssnbr3_cubic_mattersim_q1d2-1d2-1d2-b0_i07,xc,xc,10,4x4x4,36,ok,7.5,8,36,527.27,True,4.717448492590465e-06,1.1717111111111111
xs_cssnbr3_cubic_mattersim_q1d2-1d2-1d2-b0_i08,xc,xc,10,4x4x4,36,ok,7.5,8,36,552.62,True,4.717448492590465e-06,1.2280444444444445
xs_cssnbr3_cubic_mattersim_q1d2-1d2-1d2-b0_i09,xc,xc,10,4x4x4,36,ok,7.5,8,36,508.71,True,4.713944710757392e-06,1.1304666666666667
xs_cssnbr3_cubic_orb_v2_q1d2-1d2-1d2-b1_i00,xc,xc,40,3x3x3,14,ok,7.5,8,14,6780.0,True,9.719168216841879e-06,15.066666666666666
xs_cssnbr3_cubic_orb_v2_q1d2-1d2-1d2-b1_i01,xc,xc,40,3x3x3,14,ok,7.5,8,14,8100.0,True,9.417110018617082e-06,18.0
xs_cssnbr3_cubic_orb_v2_q1d2-1d2-1d2-b1_i02,xc,xc,40,3x3x3,14,ok,7.5,8,14,7320.0,True,1.0156535720563604e-05,16.266666666666666
xs_cssnbr3_cubic_orb_v2_q1d2-1d2-1d2-b1_i03,xc,xc,40,3x3x3,14,ok,7.5,8,14,7980.0,True,9.831736018250952e-06,17.733333333333334
xs_cssnbr3_cubic_orb_v2_q1d2-1d2-1d2-b1_i04,xc,xc,40,3x3x3,14,ok,7.5,8,14,3600.0,True,9.431082595440353e-06,8.0
xs_cssnbr3_cubic_orb_v2_q1d2-1d2-1d2-b1_i05,xc,xc,40,3x3x3,14,ok,7.5,8,14,7440.0,True,9.551894831282804e-06,16.533333333333335
xs_cssnbr3_cubic_orb_v2_q1d2-1d2-1d2-b1_i06,xc,xc,40,3x3x3,14,ok,7.5,8,14,7260.0,True,9.604309547889642e-06,16.133333333333333
xs_cssnbr3_cubic_orb_v2_q1d2-1d2-1d2-b1_i07,xc,xc,40,3x3x3,14,ok,7.5,8,14,5100.0,True,9.53718444339911e-06,11.333333333333334
xs_cssnbr3_cubic_orb_v2_q1d2-1d2-1d2-b1_i08,xc,xc,40,3x3x3,14,ok,7.5,8,14,3255.21,True,9.506185452351382e-06,7.2338000000000005
xs_cssnbr3_cubic_orb_v2_q1d2-1d2-1d2-b1_i09,xc,xc,40,3x3x3,14,ok,7.5,8,14,2797.66,True,8.972698374747499e-06,6.217022222222222
xs_cssnbr3_cubic_orb_v2_q1d2-1d2-1d2-b2_i00,xc,xc,10,4x4x5,42,ok,7.5,8,42,613.26,True,4.304566626655816e-06,1.3628
xs_cssnbr3_cubic_orb_v2_q1d2-1d2-1d2-b2_i01,xc,xc,10,4x4x5,42,ok,7.5,8,42,607.55,True,4.3893365861629505e-06,1.350111111111111
xs_cssnbr3_cubic_orb_v2_q1d2-1d2-1d2-b2_i02,xc,xc,10,4x4x5,42,ok,7.5,8,42,598.88,True,3.986993516669202e-06,1.3308444444444445
xs_cssnbr3_cubic_orb_v2_q1d2-1d2-1d2-b2_i03,xc,xc,10,4x4x5,42,ok,7.5,8,42,633.03,True,3.986993516669202e-06,1.4067333333333332
xs_cssnbr3_cubic_orb_v2_q1d2-1d2-1d2-b2_i04,xc,xc,10,4x4x5,42,ok,7.5,8,42,585.05,True,3.986993516669202e-06,1.300111111111111
xs_cssnbr3_cubic_orb_v2_q1d2-1d2-1d2-b2_i05,xc,xc,10,4x4x5,42,ok,7.5,8,42,619.4,True,3.986993516669202e-06,1.3764444444444444
xs_cssnbr3_cubic_orb_v2_q1d2-1d2-1d2-b2_i06,xc,xc,10,4x4x5,42,ok,7.5,8,42,557.36,True,3.986993516669202e-06,1.2385777777777778
xs_cssnbr3_cubic_orb_v2_q1d2-1d2-1d2-b2_i07,xc,xc,10,4x4x5,42,ok,7.5,8,42,576.97,True,3.986993516669202e-06,1.2821555555555557
xs_cssnbr3_cubic_orb_v2_q1d2-1d2-1d2-b2_i08,xc,xc,10,4x4x5,42,ok,7.5,8,42,547.63,True,3.986993516669202e-06,1.2169555555555556
xs_cssnbr3_cubic_orb_v2_q1d2-1d2-1d2-b2_i09,xc,xc,10,4x4x5,42,ok,7.5,8,42,572.82,True,3.986993516669202e-06,1.2729333333333335
xs_cssnbr3_cubic_sevennet0_q1d2-1d2-1d2-b0_i00,xc,xc,10,4x4x4,8,ok,7.5,8,8,186.34,True,5.7662270484179614e-06,0.4140888888888889
xs_cssnbr3_cubic_sevennet0_q1d2-1d2-1d2-b0_i01,xc,xc,10,4x4x4,36,ok,7.5,8,24,311.49,True,5.7662270484179614e-06,0.6922
xs_cssnbr3_cubic_sevennet0_q1d2-1d2-1d2-b0_i02,xc,xc,10,4x4x4,36,ok,7.5,8,24,362.34,True,5.7662270484179614e-06,0.8051999999999999
xs_cssnbr3_cubic_sevennet0_q1d2-1d2-1d2-b0_i03,xc,xc,10,4x4x4,36,ok,7.5,8,36,516.68,True,5.7662270484179614e-06,1.1481777777777777
xs_cssnbr3_cubic_sevennet0_q1d2-1d2-1d2-b0_i04,xc,xc,10,4x4x4,36,ok,7.5,8,36,529.73,True,5.7662270484179614e-06,1.1771777777777779
xs_cssnbr3_cubic_sevennet0_q1d2-1d2-1d2-b0_i05,xc,xc,10,4x4x4,36,ok,7.5,8,36,522.86,True,5.7662270484179614e-06,1.1619111111111111
xs_cssnbr3_cubic_sevennet0_q1d2-1d2-1d2-b0_i06,xc,xc,10,4x4x4,36,ok,7.5,8,36,540.27,True,5.7662270484179614e-06,1.2006
xs_cssnbr3_cubic_sevennet0_q1d2-1d2-1d2-b0_i07,xc,xc,10,4x4x4,36,ok,7.5,8,36,534.19,True,5.7662270484179614e-06,1.187088888888889
xs_cssnbr3_cubic_sevennet0_q1d2-1d2-1d2-b0_i08,xc,xc,10,4x4x4,36,ok,7.5,8,36,519.6,True,5.7662270484179614e-06,1.1546666666666667
xs_cssnbr3_cubic_sevennet0_q1d2-1d2-1d2-b0_i09,xc,xc,10,4x4x4,36,ok,7.5,8,36,531.13,True,5.7662270484179614e-06,1.180288888888889
xs_knbo3_cubic_chgnet_q0-0-0-b0_i00,xc,xc,5,7x7x7,20,ok,7.5,8,20,19.5,True,4.6672713974590356e-07,0.043333333333333335
xs_knbo3_cubic_chgnet_q0-0-0-b0_i01,xc,xc,5,7x7x7,100,ok,7.5,8,100,43.25,True,3.155083590229783e-07,0.0961111111111111
xs_knbo3_cubic_chgnet_q0-0-0-b0_i02,xc,xc,5,7x7x7,172,ok,7.5,8,100,48.47,True,3.5788380739731205e-07,0.1077111111111111
xs_knbo3_cubic_chgnet_q0-0-0-b0_i03,xc,xc,5,7x7x7,172,ok,7.5,8,100,51.99,True,3.491878772379806e-07,0.11553333333333334
xs_knbo3_cubic_chgnet_q0-0-0-b0_i04,xc,xc,5,7x7x7,172,ok,7.5,8,172,65.47,True,3.978088937158331e-07,0.1454888888888889
xs_knbo3_cubic_chgnet_q0-0-0-b0_i05,xc,xc,5,7x7x7,172,ok,7.5,8,172,66.44,True,3.788072290469433e-07,0.14764444444444444
xs_knbo3_cubic_chgnet_q0-0-0-b0_i06,xc,xc,5,7x7x7,172,ok,7.5,8,172,65.24,True,3.8172251822392114e-07,0.14497777777777776
xs_knbo3_cubic_chgnet_q0-0-0-b0_i07,xc,xc,5,7x7x7,172,ok,7.5,8,172,63.42,True,4.5782457495223134e-07,0.14093333333333333
xs_knbo3_cubic_chgnet_q0-0-0-b0_i08,xc,xc,5,7x7x7,172,ok,7.5,8,172,65.33,True,4.119595778122224e-07,0.14517777777777777
xs_knbo3_cubic_chgnet_q0-0-0-b0_i09,xc,xc,5,7x7x7,172,ok,7.5,8,172,60.93,True,3.833913693428342e-07,0.1354
xs_knbo3_cubic_mace_mp0_q0-1d2-1d2-b0_i00,xc,xc,10,5x5x7,24,ok,7.5,8,24,89.18,True,1.811216845102939e-06,0.19817777777777779
xs_knbo3_cubic_mace_mp0_q0-1d2-1d2-b0_i01,xc,xc,10,5x5x7,24,ok,7.5,8,24,89.02,True,1.811216845102939e-06,0.1978222222222222
xs_knbo3_cubic_mace_mp0_q0-1d2-1d2-b0_i02,xc,xc,10,5x5x7,24,ok,7.5,8,24,76.43,True,1.811216845102939e-06,0.16984444444444446
xs_knbo3_cubic_mace_mp0_q0-1d2-1d2-b0_i03,xc,xc,10,5x5x7,24,ok,7.5,8,24,89.65,True,1.811216845102939e-06,0.19922222222222224
xs_knbo3_cubic_mace_mp0_q0-1d2-1d2-b0_i04,xc,xc,10,5x5x7,24,ok,7.5,8,24,101.31,True,1.811216845102939e-06,0.22513333333333335
xs_knbo3_cubic_mace_mp0_q0-1d2-1d2-b0_i05,xc,xc,10,5x5x7,24,ok,7.5,8,24,90.97,True,1.811216845102939e-06,0.20215555555555556
xs_knbo3_cubic_mace_mp0_q0-1d2-1d2-b0_i06,xc,xc,10,5x5x7,24,ok,7.5,8,24,85.61,True,1.811216845102939e-06,0.19024444444444444
xs_knbo3_cubic_mace_mp0_q0-1d2-1d2-b0_i07,xc,xc,10,5x5x7,24,ok,7.5,8,24,78.3,True,1.811216845102939e-06,0.174
xs_knbo3_cubic_mace_mp0_q0-1d2-1d2-b0_i08,xc,xc,10,5x5x7,24,ok,7.5,8,24,81.28999999999999,True,1.811216845102939e-06,0.1806444444444444
xs_knbo3_cubic_mace_mp0_q0-1d2-1d2-b0_i09,xc,xc,10,5x5x7,24,ok,7.5,8,24,71.32,True,1.811216845102939e-06,0.15848888888888887
xs_knbo3_cubic_mattersim_q0-0-0-b0_i00,xc,xc,5,7x7x7,20,ok,7.5,8,20,17.6,True,1.5344359967451783e-07,0.03911111111111112
xs_knbo3_cubic_mattersim_q0-0-0-b0_i01,xc,xc,5,7x7x7,172,ok,7.5,8,172,76.75,True,2.3250693177694438e-07,0.17055555555555554
xs_knbo3_cubic_mattersim_q0-0-0-b0_i02,xc,xc,5,7x7x7,172,ok,7.5,8,172,73.72,True,2.2074609855217625e-07,0.16382222222222223
xs_knbo3_cubic_mattersim_q0-0-0-b0_i03,xc,xc,5,7x7x7,172,ok,7.5,8,172,74.99,True,2.3591318202221304e-07,0.16664444444444443
xs_knbo3_cubic_mattersim_q0-0-0-b0_i04,xc,xc,5,7x7x7,172,ok,7.5,8,172,78.53,True,2.4019244505265375e-07,0.17451111111111112
xs_knbo3_cubic_mattersim_q0-0-0-b0_i05,xc,xc,5,7x7x7,172,ok,7.5,8,172,71.55,True,2.7022871016896945e-07,0.159
xs_knbo3_cubic_mattersim_q0-0-0-b0_i06,xc,xc,5,7x7x7,172,ok,7.5,8,172,74.68,True,3.0038755665382747e-07,0.16595555555555558
xs_knbo3_cubic_mattersim_q0-0-0-b0_i07,xc,xc,5,7x7x7,172,ok,7.5,8,172,64.29,True,2.716399267309813e-07,0.14286666666666667
xs_knbo3_cubic_mattersim_q0-0-0-b0_i08,xc,xc,5,7x7x7,172,ok,7.5,8,172,78.62,True,2.673709054459687e-07,0.17471111111111112
xs_knbo3_cubic_mattersim_q0-0-0-b0_i09,xc,xc,5,7x7x7,172,ok,7.5,8,172,78.13,True,2.1941243283664055e-07,0.1736222222222222
xs_knbo3_cubic_mattersim_q0-1d2-1d2-b0_i00,xc,xc,10,5x5x7,24,ok,7.5,8,24,93.3,True,2.1068081722259735e-06,0.20733333333333331
xs_knbo3_cubic_mattersim_q0-1d2-1d2-b0_i01,xc,xc,10,5x5x7,24,ok,7.5,8,24,94.77000000000001,True,1.8161414987937457e-06,0.2106
xs_knbo3_cubic_mattersim_q0-1d2-1d2-b0_i02,xc,xc,10,5x5x7,24,ok,7.5,8,24,96.17,True,1.8155777749576219e-06,0.2137111111111111
xs_knbo3_cubic_mattersim_q0-1d2-1d2-b0_i03,xc,xc,10,5x5x7,24,ok,7.5,8,24,88.77,True,1.8006767097529243e-06,0.19726666666666665
xs_knbo3_cubic_mattersim_q0-1d2-1d2-b0_i04,xc,xc,10,5x5x7,24,ok,7.5,8,24,90.03,True,1.813426311179882e-06,0.20006666666666667
xs_knbo3_cubic_mattersim_q0-1d2-1d2-b0_i05,xc,xc,10,5x5x7,24,ok,7.5,8,24,84.19,True,1.8130811293765137e-06,0.1870888888888889
xs_knbo3_cubic_mattersim_q0-1d2-1d2-b0_i06,xc,xc,10,5x5x7,24,ok,7.5,8,24,80.46000000000001,True,1.8002999010339215e-06,0.17880000000000001
xs_knbo3_cubic_mattersim_q0-1d2-1d2-b0_i07,xc,xc,10,5x5x7,24,ok,7.5,8,24,81.46000000000001,True,1.8093357084954007e-06,0.18102222222222225
xs_knbo3_cubic_mattersim_q0-1d2-1d2-b0_i08,xc,xc,10,5x5x7,24,ok,7.5,8,24,63.04,True,1.8073339020806896e-06,0.14008888888888887
xs_knbo3_cubic_mattersim_q0-1d2-1d2-b0_i09,xc,xc,10,5x5x7,24,ok,7.5,8,24,79.38,True,1.801248901535703e-06,0.1764
xs_knbo3_cubic_orb_v2_q0-1d2-1d2-b0_i00,xc,xc,20,7x4x4,58,ok,7.5,8,58,1012.4,True,2.5645909385924855e-06,2.2497777777777777
xs_knbo3_cubic_orb_v2_q0-1d2-1d2-b0_i01,xc,xc,20,7x4x4,58,ok,7.5,8,58,1054.61,True,2.679988564196237e-06,2.3435777777777775
xs_knbo3_cubic_orb_v2_q0-1d2-1d2-b0_i02,xc,xc,20,7x4x4,58,ok,7.5,8,58,956.46,True,2.5582879202747126e-06,2.1254666666666666
xs_knbo3_cubic_orb_v2_q0-1d2-1d2-b0_i03,xc,xc,20,7x4x4,58,ok,7.5,8,58,1046.25,True,2.5933970040172953e-06,2.325
xs_knbo3_cubic_orb_v2_q0-1d2-1d2-b0_i04,xc,xc,20,7x4x4,58,ok,7.5,8,58,964.71,True,2.516691340594389e-06,2.1438
xs_knbo3_cubic_orb_v2_q0-1d2-1d2-b0_i05,xc,xc,20,7x4x4,58,ok,7.5,8,58,940.62,True,2.5420416828956405e-06,2.0902666666666665
xs_knbo3_cubic_orb_v2_q0-1d2-1d2-b0_i06,xc,xc,20,7x4x4,58,ok,7.5,8,58,933.43,True,2.609592229916982e-06,2.074288888888889
xs_knbo3_cubic_orb_v2_q0-1d2-1d2-b0_i07,xc,xc,20,7x4x4,58,ok,7.5,8,58,1129.34,True,2.588543430266487e-06,2.509644444444444
xs_knbo3_cubic_orb_v2_q0-1d2-1d2-b0_i08,xc,xc,20,7x4x4,58,ok,7.5,8,58,743.01,True,2.43832813418591e-06,1.6511333333333333
xs_knbo3_cubic_orb_v2_q0-1d2-1d2-b0_i09,xc,xc,20,7x4x4,58,ok,7.5,8,58,1116.38,True,2.4366330028039962e-06,2.4808444444444446
xs_knbo3_cubic_orb_v2_q1d2-1d2-0-b0_i00,xc,xc,10,7x5x5,88,ok,7.5,8,88,277.58,True,2.9291306959581147e-06,0.6168444444444444
xs_knbo3_cubic_orb_v2_q1d2-1d2-0-b0_i01,xc,xc,10,7x5x5,88,ok,7.5,8,88,243.05,True,3.6427946819183076e-06,0.5401111111111111
xs_knbo3_cubic_orb_v2_q1d2-1d2-0-b0_i02,xc,xc,10,7x5x5,88,ok,7.5,8,88,236.04,True,3.523003058279556e-06,0.5245333333333333
xs_knbo3_cubic_orb_v2_q1d2-1d2-0-b0_i03,xc,xc,10,7x5x5,88,ok,7.5,8,88,263.68,True,3.379910134706748e-06,0.5859555555555556
xs_knbo3_cubic_orb_v2_q1d2-1d2-0-b0_i04,xc,xc,10,7x5x5,88,ok,7.5,8,88,239.6,True,3.6199885906366244e-06,0.5324444444444444
xs_knbo3_cubic_orb_v2_q1d2-1d2-0-b0_i05,xc,xc,10,7x5x5,88,ok,7.5,8,88,251.53,True,3.7616319994491878e-06,0.5589555555555555
xs_knbo3_cubic_orb_v2_q1d2-1d2-0-b0_i06,xc,xc,10,7x5x5,88,ok,7.5,8,88,255.19,True,3.4033050635089956e-06,0.5670888888888889
xs_knbo3_cubic_orb_v2_q1d2-1d2-0-b0_i07,xc,xc,10,7x5x5,88,ok,7.5,8,88,200.78,True,3.4333593400431495e-06,0.4461777777777778
xs_knbo3_cubic_orb_v2_q1d2-1d2-0-b0_i08,xc,xc,10,7x5x5,88,ok,7.5,8,88,232.32,True,3.412984231959556e-06,0.5162666666666667
xs_knbo3_cubic_orb_v2_q1d2-1d2-0-b0_i09,xc,xc,10,7x5x5,88,ok,7.5,8,88,229.99,True,3.7216918318799885e-06,0.5110888888888889
xs_knbo3_cubic_sevennet0_q0-1d2-1d2-b0_i00,xc,xc,10,5x5x7,24,ok,7.5,8,24,105.33,True,2.548516631234372e-06,0.23406666666666667
xs_knbo3_cubic_sevennet0_q0-1d2-1d2-b0_i01,xc,xc,10,5x5x7,24,ok,7.5,8,24,102.94,True,2.548516631234372e-06,0.22875555555555555
xs_knbo3_cubic_sevennet0_q0-1d2-1d2-b0_i02,xc,xc,10,5x5x7,24,ok,7.5,8,24,104.07,True,2.548516631234372e-06,0.23126666666666665
xs_knbo3_cubic_sevennet0_q0-1d2-1d2-b0_i03,xc,xc,10,5x5x7,24,ok,7.5,8,24,82.66,True,2.548516631234372e-06,0.18368888888888887
xs_knbo3_cubic_sevennet0_q0-1d2-1d2-b0_i04,xc,xc,10,5x5x7,24,ok,7.5,8,24,93.84,True,2.548516631234372e-06,0.20853333333333335
xs_knbo3_cubic_sevennet0_q0-1d2-1d2-b0_i05,xc,xc,10,5x5x7,24,ok,7.5,8,24,88.66,True,2.548516631234372e-06,0.1970222222222222
xs_knbo3_cubic_sevennet0_q0-1d2-1d2-b0_i06,xc,xc,10,5x5x7,24,ok,7.5,8,24,90.96000000000001,True,2.548516631234372e-06,0.20213333333333336
xs_knbo3_cubic_sevennet0_q0-1d2-1d2-b0_i07,xc,xc,10,5x5x7,24,ok,7.5,8,24,85.57,True,2.548516631234372e-06,0.19015555555555555
xs_knbo3_cubic_sevennet0_q0-1d2-1d2-b0_i08,xc,xc,10,5x5x7,24,ok,7.5,8,24,77.28,True,2.548516631234372e-06,0.17173333333333335
xs_knbo3_cubic_sevennet0_q0-1d2-1d2-b0_i09,xc,xc,10,5x5x7,24,ok,7.5,8,24,75.67,True,2.548516631234372e-06,0.16815555555555556
