system,model,stem,T,gt_stable,pbe_stable,pbesol_stable,pbesol_Q0_A,pbe_Q0_A
batio3_cubic,chgnet,batio3_cubic_chgnet_q0-0-0-b0,50.0,False,False,False,0.1,0.09
batio3_cubic,chgnet,batio3_cubic_chgnet_q0-0-0-b0,100.0,False,True,False,0.1,0.0
batio3_cubic,chgnet,batio3_cubic_chgnet_q0-0-0-b0,300.0,False,True,True,0.0,0.0
batio3_cubic,chgnet,batio3_cubic_chgnet_q0-0-0-b0,600.0,True,True,True,0.0,0.0
batio3_cubic,chgnet,batio3_cubic_chgnet_q0-0-0-b0,900.0,True,True,True,0.0,0.0
batio3_cubic,chgnet,batio3_cubic_chgnet_q1d2-1d2-0-b0,50.0,False,False,False,0.085,0.08
batio3_cubic,chgnet,batio3_cubic_chgnet_q1d2-1d2-0-b0,100.0,False,False,False,0.085,0.08
batio3_cubic,chgnet,batio3_cubic_chgnet_q1d2-1d2-0-b0,300.0,False,False,False,0.085,0.075
batio3_cubic,chgnet,batio3_cubic_chgnet_q1d2-1d2-0-b0,600.0,True,True,True,0.0,0.0
batio3_cubic,chgnet,batio3_cubic_chgnet_q1d2-1d2-0-b0,900.0,True,True,True,0.0,0.0
batio3_cubic,mace_mp0,batio3_cubic_mace_mp0_q1d2-0-1d2-b0,50.0,False,False,False,0.09,0.085
batio3_cubic,mace_mp0,batio3_cubic_mace_mp0_q1d2-0-1d2-b0,100.0,False,False,False,0.09,0.085
batio3_cubic,mace_mp0,batio3_cubic_mace_mp0_q1d2-0-1d2-b0,300.0,False,False,False,0.085,0.08
batio3_cubic,mace_mp0,batio3_cubic_mace_mp0_q1d2-0-1d2-b0,600.0,True,True,True,0.0,0.0
batio3_cubic,mace_mp0,batio3_cubic_mace_mp0_q1d2-0-1d2-b0,900.0,True,True,True,0.0,0.0
batio3_cubic,mattersim,batio3_cubic_mattersim_q0-0-0-b0,50.0,False,False,False,0.11,0.105
batio3_cubic,mattersim,batio3_cubic_mattersim_q0-0-0-b0,100.0,False,False,False,0.11,0.105
batio3_cubic,mattersim,batio3_cubic_mattersim_q0-0-0-b0,300.0,False,True,False,0.105,0.0
batio3_cubic,mattersim,batio3_cubic_mattersim_q0-0-0-b0,600.0,True,True,True,0.0,0.0
batio3_cubic,mattersim,batio3_cubic_mattersim_q0-0-0-b0,900.0,True,True,True,0.0,0.0
batio3_cubic,mattersim,batio3_cubic_mattersim_q1d2-0-1d2-b0,50.0,False,False,False,0.09,0.085
batio3_cubic,mattersim,batio3_cubic_mattersim_q1d2-0-1d2-b0,100.0,False,False,False,0.09,0.085
batio3_cubic,mattersim,batio3_cubic_mattersim_q1d2-0-1d2-b0,300.0,False,False,False,0.085,0.08
batio3_cubic,mattersim,batio3_cubic_mattersim_q1d2-0-1d2-b0,600.0,True,True,True,0.0,0.0
batio3_cubic,mattersim,batio3_cubic_mattersim_q1d2-0-1d2-b0,900.0,True,True,True,0.0,0.0
batio3_cubic,orb_v2,batio3_cubic_orb_v2_q1d2-1d2-0-b0,50.0,False,False,False,0.105,0.1
batio3_cubic,orb_v2,batio3_cubic_orb_v2_q1d2-1d2-0-b0,100.0,False,False,False,0.1,0.095
batio3_cubic,orb_v2,batio3_cubic_orb_v2_q1d2-1d2-0-b0,300.0,False,True,True,0.0,0.0
batio3_cubic,orb_v2,batio3_cubic_orb_v2_q1d2-1d2-0-b0,600.0,True,True,True,0.0,0.0
batio3_cubic,orb_v2,batio3_cubic_orb_v2_q1d2-1d2-0-b0,900.0,True,True,True,0.0,0.0
batio3_cubic,sevennet0,batio3_cubic_sevennet0_q1d2-0-0-b0,50.0,False,False,False,0.09,0.085
batio3_cubic,sevennet0,batio3_cubic_sevennet0_q1d2-0-0-b0,100.0,False,False,False,0.09,0.085
batio3_cubic,sevennet0,batio3_cubic_sevennet0_q1d2-0-0-b0,300.0,False,True,True,0.0,0.0
batio3_cubic,sevennet0,batio3_cubic_sevennet0_q1d2-0-0-b0,600.0,True,True,True,0.0,0.0
batio3_cubic,sevennet0,batio3_cubic_sevennet0_q1d2-0-0-b0,900.0,True,True,True,0.0,0.0
batio3_cubic,sevennet0,batio3_cubic_sevennet0_q1d2-0-1d2-b0,50.0,False,False,False,0.085,0.08
batio3_cubic,sevennet0,batio3_cubic_sevennet0_q1d2-0-1d2-b0,100.0,False,False,False,0.085,0.08
batio3_cubic,sevennet0,batio3_cubic_sevennet0_q1d2-0-1d2-b0,300.0,False,False,False,0.08,0.075
batio3_cubic,sevennet0,batio3_cubic_sevennet0_q1d2-0-1d2-b0,600.0,True,True,True,0.0,0.0
batio3_cubic,sevennet0,batio3_cubic_sevennet0_q1d2-0-1d2-b0,900.0,True,True,True,0.0,0.0
cssnbr3_cubic,chgnet,cssnbr3_cubic_chgnet_q1d2-1d2-1d2-b0,50.0,False,False,False,0.34,0.45
cssnbr3_cubic,chgnet,cssnbr3_cubic_chgnet_q1d2-1d2-1d2-b0,100.0,False,False,False,0.33,0.445
cssnbr3_cubic,chgnet,cssnbr3_cubic_chgnet_q1d2-1d2-1d2-b0,300.0,True,False,True,0.0,0.43
cssnbr3_cubic,chgnet,cssnbr3_cubic_chgnet_q1d2-1d2-1d2-b0,600.0,True,True,True,0.0,0.0
cssnbr3_cubic,chgnet,cssnbr3_cubic_chgnet_q1d2-1d2-1d2-b0,900.0,True,True,True,0.0,0.0
cssnbr3_cubic,mace_mp0,cssnbr3_cubic_mace_mp0_q1d2-1d2-0-b0,50.0,False,False,False,0.36,0.46
cssnbr3_cubic,mace_mp0,cssnbr3_cubic_mace_mp0_q1d2-1d2-0-b0,100.0,False,False,False,0.34500000000000003,0.455
cssnbr3_cubic,mace_mp0,cssnbr3_cubic_mace_mp0_q1d2-1d2-0-b0,300.0,True,False,True,0.0,0.41500000000000004
cssnbr3_cubic,mace_mp0,cssnbr3_cubic_mace_mp0_q1d2-1d2-0-b0,600.0,True,True,True,0.0,0.0
cssnbr3_cubic,mace_mp0,cssnbr3_cubic_mace_mp0_q1d2-1d2-0-b0,900.0,True,True,True,0.0,0.0
cssnbr3_cubic,mace_mp0,cssnbr3_cubic_mace_mp0_q1d2-1d2-1d2-b0,50.0,False,False,False,0.35000000000000003,0.435
cssnbr3_cubic,mace_mp0,cssnbr3_cubic_mace_mp0_q1d2-1d2-1d2-b0,100.0,False,False,False,0.34,0.43
cssnbr3_cubic,mace_mp0,cssnbr3_cubic_mace_mp0_q1d2-1d2-1d2-b0,300.0,True,False,True,0.0,0.42
cssnbr3_cubic,mace_mp0,cssnbr3_cubic_mace_mp0_q1d2-1d2-1d2-b0,600.0,True,False,True,0.0,0.395
cssnbr3_cubic,mace_mp0,cssnbr3_cubic_mace_mp0_q1d2-1d2-1d2-b0,900.0,True,True,True,0.0,0.0
cssnbr3_cubic,mattersim,cssnbr3_cubic_mattersim_q0-1d2-1d2-b0,50.0,False,False,False,0.36,0.46
cssnbr3_cubic,mattersim,cssnbr3_cubic_mattersim_q0-1d2-1d2-b0,100.0,False,False,False,0.34500000000000003,0.455
cssnbr3_cubic,mattersim,cssnbr3_cubic_mattersim_q0-1d2-1d2-b0,300.0,True,False,True,0.0,0.42
cssnbr3_cubic,mattersim,cssnbr3_cubic_mattersim_q0-1d2-1d2-b0,600.0,True,True,True,0.0,0.0
cssnbr3_cubic,mattersim,cssnbr3_cubic_mattersim_q0-1d2-1d2-b0,900.0,True,True,True,0.0,0.0
cssnbr3_cubic,mattersim,cssnbr3_cubic_mattersim_q1d2-1d2-1d2-b0,50.0,False,False,False,0.375,0.47000000000000003
cssnbr3_cubic,mattersim,cssnbr3_cubic_mattersim_q1d2-1d2-1d2-b0,100.0,False,False,False,0.37,0.465
cssnbr3_cubic,mattersim,cssnbr3_cubic_mattersim_q1d2-1d2-1d2-b0,300.0,True,False,True,0.0,0.45
cssnbr3_cubic,mattersim,cssnbr3_cubic_mattersim_q1d2-1d2-1d2-b0,600.0,True,False,True,0.0,0.425
cssnbr3_cubic,mattersim,cssnbr3_cubic_mattersim_q1d2-1d2-1d2-b0,900.0,True,True,True,0.0,0.0
cssnbr3_cubic,orb_v2,cssnbr3_cubic_orb_v2_q1d2-1d2-1d2-b1,50.0,False,False,False,0.375,0.455
cssnbr3_cubic,orb_v2,cssnbr3_cubic_orb_v2_q1d2-1d2-1d2-b1,100.0,False,False,False,0.37,0.455
cssnbr3_cubic,orb_v2,cssnbr3_cubic_orb_v2_q1d2-1d2-1d2-b1,300.0,True,False,False,0.335,0.44
cssnbr3_cubic,orb_v2,cssnbr3_cubic_orb_v2_q1d2-1d2-1d2-b1,600.0,True,False,True,0.0,0.41500000000000004
cssnbr3_cubic,orb_v2,cssnbr3_cubic_orb_v2_q1d2-1d2-1d2-b1,900.0,True,True,True,0.0,0.0
cssnbr3_cubic,orb_v2,cssnbr3_cubic_orb_v2_q1d2-1d2-1d2-b2,50.0,False,False,False,0.335,0.425
cssnbr3_cubic,orb_v2,cssnbr3_cubic_orb_v2_q1d2-1d2-1d2-b2,100.0,False,False,False,0.325,0.42
cssnbr3_cubic,orb_v2,cssnbr3_cubic_orb_v2_q1d2-1d2-1d2-b2,300.0,True,False,True,0.0,0.405
cssnbr3_cubic,orb_v2,cssnbr3_cubic_orb_v2_q1d2-1d2-1d2-b2,600.0,True,False,True,0.0,0.375
cssnbr3_cubic,orb_v2,cssnbr3_cubic_orb_v2_q1d2-1d2-1d2-b2,900.0,True,True,True,0.0,0.0
cssnbr3_cubic,sevennet0,cssnbr3_cubic_sevennet0_q1d2-1d2-1d2-b0,50.0,False,False,False,0.375,0.47000000000000003
cssnbr3_cubic,sevennet0,cssnbr3_cubic_sevennet0_q1d2-1d2-1d2-b0,100.0,False,False,False,0.37,0.465
cssnbr3_cubic,sevennet0,cssnbr3_cubic_sevennet0_q1d2-1d2-1d2-b0,300.0,True,False,True,0.0,0.45
cssnbr3_cubic,sevennet0,cssnbr3_cubic_sevennet0_q1d2-1d2-1d2-b0,600.0,True,False,True,0.0,0.425
cssnbr3_cubic,sevennet0,cssnbr3_cubic_sevennet0_q1d2-1d2-1d2-b0,900.0,True,True,True,0.0,0.0
knbo3_cubic,chgnet,knbo3_cubic_chgnet_q0-0-0-b0,50.0,False,False,False,0.095,0.09
knbo3_cubic,chgnet,knbo3_cubic_chgnet_q0-0-0-b0,100.0,False,False,False,0.095,0.09
knbo3_cubic,chgnet,knbo3_cubic_chgnet_q0-0-0-b0,300.0,False,False,False,0.09,0.085
knbo3_cubic,chgnet,knbo3_cubic_chgnet_q0-0-0-b0,600.0,False,True,True,0.0,0.0
knbo3_cubic,chgnet,knbo3_cubic_chgnet_q0-0-0-b0,900.0,True,True,True,0.0,0.0
knbo3_cubic,mace_mp0,knbo3_cubic_mace_mp0_q0-1d2-1d2-b0,50.0,False,False,False,0.09,0.09
knbo3_cubic,mace_mp0,knbo3_cubic_mace_mp0_q0-1d2-1d2-b0,100.0,False,False,False,0.09,0.085
knbo3_cubic,mace_mp0,knbo3_cubic_mace_mp0_q0-1d2-1d2-b0,300.0,False,False,False,0.09,0.085
knbo3_cubic,mace_mp0,knbo3_cubic_mace_mp0_q0-1d2-1d2-b0,600.0,False,True,True,0.0,0.0
knbo3_cubic,mace_mp0,knbo3_cubic_mace_mp0_q0-1d2-1d2-b0,900.0,True,True,True,0.0,0.0
knbo3_cubic,mattersim,knbo3_cubic_mattersim_q0-0-0-b0,50.0,False,False,False,0.12,0.115
knbo3_cubic,mattersim,knbo3_cubic_mattersim_q0-0-0-b0,100.0,False,False,False,0.12,0.115
knbo3_cubic,mattersim,knbo3_cubic_mattersim_q0-0-0-b0,300.0,False,True,False,0.11,0.0
knbo3_cubic,mattersim,knbo3_cubic_mattersim_q0-0-0-b0,600.0,False,True,True,0.0,0.0
knbo3_cubic,mattersim,knbo3_cubic_mattersim_q0-0-0-b0,900.0,True,True,True,0.0,0.0
knbo3_cubic,mattersim,knbo3_cubic_mattersim_q0-1d2-1d2-b0,50.0,False,False,False,0.09,0.09
knbo3_cubic,mattersim,knbo3_cubic_mattersim_q0-1d2-1d2-b0,100.0,False,False,False,0.09,0.09
knbo3_cubic,mattersim,knbo3_cubic_mattersim_q0-1d2-1d2-b0,300.0,False,False,False,0.09,0.085
knbo3_cubic,mattersim,knbo3_cubic_mattersim_q0-1d2-1d2-b0,600.0,False,True,True,0.0,0.0
knbo3_cubic,mattersim,knbo3_cubic_mattersim_q0-1d2-1d2-b0,900.0,True,True,True,0.0,0.0
knbo3_cubic,orb_v2,knbo3_cubic_orb_v2_q0-1d2-1d2-b0,50.0,False,False,False,0.14,0.135
knbo3_cubic,orb_v2,knbo3_cubic_orb_v2_q0-1d2-1d2-b0,100.0,False,False,False,0.14,0.135
knbo3_cubic,orb_v2,knbo3_cubic_orb_v2_q0-1d2-1d2-b0,300.0,False,False,False,0.135,0.13
knbo3_cubic,orb_v2,knbo3_cubic_orb_v2_q0-1d2-1d2-b0,600.0,False,True,True,0.0,0.0
knbo3_cubic,orb_v2,knbo3_cubic_orb_v2_q0-1d2-1d2-b0,900.0,True,True,True,0.0,0.0
knbo3_cubic,orb_v2,knbo3_cubic_orb_v2_q1d2-1d2-0-b0,50.0,False,False,False,0.14,0.135
knbo3_cubic,orb_v2,knbo3_cubic_orb_v2_q1d2-1d2-0-b0,100.0,False,False,False,0.14,0.135
knbo3_cubic,orb_v2,knbo3_cubic_orb_v2_q1d2-1d2-0-b0,300.0,False,False,False,0.135,0.13
knbo3_cubic,orb_v2,knbo3_cubic_orb_v2_q1d2-1d2-0-b0,600.0,False,True,True,0.0,0.0
knbo3_cubic,orb_v2,knbo3_cubic_orb_v2_q1d2-1d2-0-b0,900.0,True,True,True,0.0,0.0
knbo3_cubic,sevennet0,knbo3_cubic_sevennet0_q0-1d2-1d2-b0,50.0,False,False,False,0.095,0.095
knbo3_cubic,sevennet0,knbo3_cubic_sevennet0_q0-1d2-1d2-b0,100.0,False,False,False,0.095,0.095
knbo3_cubic,sevennet0,knbo3_cubic_sevennet0_q0-1d2-1d2-b0,300.0,False,False,False,0.095,0.09
knbo3_cubic,sevennet0,knbo3_cubic_sevennet0_q0-1d2-1d2-b0,600.0,False,True,False,0.085,0.0
knbo3_cubic,sevennet0,knbo3_cubic_sevennet0_q0-1d2-1d2-b0,900.0,True,True,True,0.0,0.0
