system,model,stem,role,status,n_Q_pbesol,decide_T,pbe_depth_meV,pbe_Q_min_A,pbe_min_at_edge,pbe_omega_harm_thz,pbesol_depth_meV,pbesol_Q_min_A,pbesol_min_at_edge,pbesol_omega_harm_thz,depth_ratio_pbesol_over_pbe
batio3_cubic,chgnet,batio3_cubic_chgnet_q0-0-0-b0,decide,complete,10,100,22.474017991044093,0.13888888888888892,False,-7.548798429094379,29.31482383974071,0.13888888888888892,False,-7.89623773642004,1.3043873085543796
batio3_cubic,chgnet,batio3_cubic_chgnet_q1d2-1d2-0-b0,decide,complete,10,"300,600,900",73.29086919344263,0.08888888888888889,False,-6.376029812547551,92.24033268401399,0.08888888888888889,False,-6.728023718210883,1.2585514907806112
batio3_cubic,mace_mp0,batio3_cubic_mace_mp0_q1d2-0-1d2-b0,decide,complete,10,"100,300,600,900",73.4979478220339,0.08888888888888889,False,-6.277758985060443,90.78887747455155,0.08888888888888889,False,-6.613961209886426,1.2352573121413606
batio3_cubic,mattersim,batio3_cubic_mattersim_q0-0-0-b0,decide,complete,10,100,43.54692182641884,0.08888888888888889,False,-7.251841683952918,49.00756628558156,0.13888888888888892,False,-7.5603925577325555,1.1253967956892394
batio3_cubic,mattersim,batio3_cubic_mattersim_q1d2-0-1d2-b0,decide,complete,10,"300,600,900",73.0247418541694,0.08888888888888889,False,-6.282199305953288,90.53676399344113,0.08888888888888889,False,-6.621054010684634,1.2398094357422484
batio3_cubic,orb_v2,batio3_cubic_orb_v2_q1d2-1d2-0-b0,decide,complete,10,"100,300,600,900",21.431413813843392,0.08888888888888889,False,-3.2458040460260458,23.913636257930193,0.08888888888888889,False,-3.2924345554715813,1.1158216842644062
batio3_cubic,sevennet0,batio3_cubic_sevennet0_q1d2-0-0-b0,decide,complete,10,100,42.396288459713105,0.08888888888888889,False,-6.981352007936232,50.388135845423676,0.08888888888888889,False,-7.321630426115804,1.1885034675453912
batio3_cubic,sevennet0,batio3_cubic_sevennet0_q1d2-0-1d2-b0,decide,complete,10,"300,600,900",68.95800053462153,0.08888888888888889,False,-6.351061216120103,88.83700490696356,0.08888888888888889,False,-6.714778997784609,1.2882769833554184
cssnbr3_cubic,chgnet,cssnbr3_cubic_chgnet_q1d2-1d2-1d2-b0,decide,complete,10,"100,300,600,900",105.22587717423448,0.45,True,-0.6241132886921493,33.34755092510022,0.35555555555555557,False,-0.45508632754686096,0.3169139742107626
cssnbr3_cubic,mace_mp0,cssnbr3_cubic_mace_mp0_q1d2-1d2-0-b0,decide,complete,10,100,60.57743853307329,0.45,True,-0.6542630849974939,22.72776414611144,0.35555555555555557,False,-0.4991440539023744,0.37518529499564146
cssnbr3_cubic,mace_mp0,cssnbr3_cubic_mace_mp0_q1d2-1d2-1d2-b0,decide,complete,10,"300,600,900",127.20886574970791,0.45,True,-0.6648697138017649,49.44907098979456,0.35555555555555557,False,-0.5103030320682014,0.3887234643463371
cssnbr3_cubic,mattersim,cssnbr3_cubic_mattersim_q0-1d2-1d2-b0,decide,complete,10,100,60.80274879059289,0.45,True,-0.6550038914395425,22.87933155457722,0.35555555555555557,False,-0.5001405164255316,0.376287783195042
cssnbr3_cubic,mattersim,cssnbr3_cubic_mattersim_q1d2-1d2-1d2-b0,decide,complete,10,"300,600,900",128.05568402109202,0.45,True,-0.6649799189089279,49.02402916923165,0.35555555555555557,False,-0.5102880853013428,0.3828336832057913
cssnbr3_cubic,orb_v2,cssnbr3_cubic_orb_v2_q1d2-1d2-1d2-b1,decide,complete,10,"600,900",126.4492599730147,0.45,True,-0.6435992428986491,53.37621790386038,0.35555555555555557,False,-0.5077559798933462,0.4221157001254993
cssnbr3_cubic,orb_v2,cssnbr3_cubic_orb_v2_q1d2-1d2-1d2-b2,decide,complete,10,"100,300",107.90021198772592,0.45,True,-0.6467658289134337,39.51528319885256,0.35555555555555557,False,-0.488856922047446,0.36622062617770923
cssnbr3_cubic,sevennet0,cssnbr3_cubic_sevennet0_q1d2-1d2-1d2-b0,decide,complete,10,"100,300,600,900",127.4412509665126,0.45,True,-0.6640386868436065,48.594633539323695,0.35555555555555557,False,-0.5090219723255921,0.38131007951336554
knbo3_cubic,chgnet,knbo3_cubic_chgnet_q0-0-0-b0,decide,complete,10,"100,300,600,900",57.84473530820833,0.08888888888888889,False,-6.510292687902881,60.40301356370037,0.08888888888888889,False,-6.590042611627377,1.0442266395007431
knbo3_cubic,mace_mp0,knbo3_cubic_mace_mp0_q0-1d2-1d2-b0,decide,complete,10,"100,300,600,900",87.7958973578643,0.08888888888888889,False,-5.136159399507382,98.2562254248478,0.08888888888888889,False,-5.281419089656819,1.1191437001246904
knbo3_cubic,mattersim,knbo3_cubic_mattersim_q0-0-0-b0,decide,complete,10,100,48.77341232713661,0.13888888888888892,False,-7.486856809679079,54.54807615296886,0.13888888888888892,False,-7.640051447458368,1.1183977817073778
knbo3_cubic,mattersim,knbo3_cubic_mattersim_q0-1d2-1d2-b0,decide,complete,10,"300,600,900",91.78318143676734,0.08888888888888889,False,-5.220170843287928,102.55344717370463,0.08888888888888889,False,-5.3669220186104685,1.11734465474328
knbo3_cubic,orb_v2,knbo3_cubic_orb_v2_q0-1d2-1d2-b0,decide,complete,10,300,97.58546481680241,0.13888888888888892,False,-3.6454766149980005,100.20687348514912,0.13888888888888892,False,-3.6632604185203252,1.026862695927799
knbo3_cubic,orb_v2,knbo3_cubic_orb_v2_q1d2-1d2-0-b0,decide,complete,10,"100,600,900",100.1495935197454,0.13888888888888892,False,-3.676749570311617,102.85358873079531,0.13888888888888892,False,-3.6950568060670044,1.0269995625146178
knbo3_cubic,sevennet0,knbo3_cubic_sevennet0_q0-1d2-1d2-b0,decide,complete,10,"100,300,600,900",94.64445844787406,0.08888888888888889,False,-5.112238637484995,103.78476229016087,0.08888888888888889,False,-5.241508530938039,1.0965751613161894
