system,model,T,in_ladder,gt_stable,mlip_pred_stable_ledger,pbe_backed_stable,pbesol_backed_stable,n_paths,n_paths_selected,unit_complete,c3a_unit_pbe_backed_stable,pbe_error,pbesol_error,mlip_error,persistent_pbe_error,pbesol_changes_call
batio3_cubic,chgnet,50.0,False,False,,False,False,2,2,True,False,,,,,
batio3_cubic,chgnet,100.0,True,False,False,False,False,2,2,True,False,False,False,False,False,False
batio3_cubic,chgnet,300.0,True,False,True,False,False,2,2,True,False,False,False,True,False,False
batio3_cubic,chgnet,600.0,True,True,True,True,True,2,2,True,True,False,False,False,False,False
batio3_cubic,chgnet,900.0,True,True,True,True,True,2,2,True,True,False,False,False,False,False
batio3_cubic,mace_mp0,50.0,False,False,,False,False,1,1,True,False,,,,,
batio3_cubic,mace_mp0,100.0,True,False,False,False,False,1,1,True,False,False,False,False,False,False
batio3_cubic,mace_mp0,300.0,True,False,True,False,False,1,1,True,False,False,False,True,False,False
batio3_cubic,mace_mp0,600.0,True,True,True,True,True,1,1,True,True,False,False,False,False,False
batio3_cubic,mace_mp0,900.0,True,True,True,True,True,1,1,True,True,False,False,False,False,False
batio3_cubic,mattersim,50.0,False,False,,False,False,2,2,True,False,,,,,
batio3_cubic,mattersim,100.0,True,False,False,False,False,2,2,True,False,False,False,False,False,False
batio3_cubic,mattersim,300.0,True,False,True,False,False,2,2,True,False,False,False,True,False,False
batio3_cubic,mattersim,600.0,True,True,True,True,True,2,2,True,True,False,False,False,False,False
batio3_cubic,mattersim,900.0,True,True,True,True,True,2,2,True,True,False,False,False,False,False
batio3_cubic,orb_v2,50.0,False,False,,False,False,1,1,True,False,,,,,
batio3_cubic,orb_v2,100.0,True,False,False,False,False,1,1,True,False,False,False,False,False,False
batio3_cubic,orb_v2,300.0,True,False,False,True,True,1,1,True,True,True,True,False,True,False
batio3_cubic,orb_v2,600.0,True,True,True,True,True,1,1,True,True,False,False,False,False,False
batio3_cubic,orb_v2,900.0,True,True,True,True,True,1,1,True,True,False,False,False,False,False
batio3_cubic,sevennet0,50.0,False,False,,False,False,2,2,True,False,,,,,
batio3_cubic,sevennet0,100.0,True,False,False,False,False,2,2,True,False,False,False,False,False,False
batio3_cubic,sevennet0,300.0,True,False,True,False,False,2,2,True,False,False,False,True,False,False
batio3_cubic,sevennet0,600.0,True,True,True,True,True,2,2,True,True,False,False,False,False,False
batio3_cubic,sevennet0,900.0,True,True,True,True,True,2,2,True,True,False,False,False,False,False
cssnbr3_cubic,chgnet,50.0,False,False,,False,False,1,1,True,False,,,,,
cssnbr3_cubic,chgnet,100.0,True,False,False,False,False,1,1,True,False,False,False,False,False,False
cssnbr3_cubic,chgnet,300.0,True,True,False,False,True,1,1,True,False,True,False,True,True,True
cssnbr3_cubic,chgnet,600.0,True,True,False,True,True,1,1,True,True,False,False,True,False,False
cssnbr3_cubic,chgnet,900.0,True,True,False,True,True,1,1,True,True,False,False,True,False,False
cssnbr3_cubic,mace_mp0,50.0,False,False,,False,False,2,2,True,False,,,,,
cssnbr3_cubic,mace_mp0,100.0,True,False,False,False,False,2,2,True,False,False,False,False,False,False
cssnbr3_cubic,mace_mp0,300.0,True,True,False,False,True,2,2,True,False,True,False,True,True,True
cssnbr3_cubic,mace_mp0,600.0,True,True,False,False,True,2,2,True,False,True,False,True,True,True
cssnbr3_cubic,mace_mp0,900.0,True,True,True,True,True,2,2,True,True,False,False,False,False,False
cssnbr3_cubic,mattersim,50.0,False,False,,False,False,2,2,True,False,,,,,
cssnbr3_cubic,mattersim,100.0,True,False,False,False,False,2,2,True,False,False,False,False,False,False
cssnbr3_cubic,mattersim,300.0,True,True,False,False,True,2,2,True,False,True,False,True,True,True
cssnbr3_cubic,mattersim,600.0,True,True,False,False,True,2,2,True,False,True,False,True,True,True
cssnbr3_cubic,mattersim,900.0,True,True,True,True,True,2,2,True,True,False,False,False,False,False
cssnbr3_cubic,orb_v2,50.0,False,False,,False,False,2,2,True,False,,,,,
cssnbr3_cubic,orb_v2,100.0,True,False,False,False,False,2,2,True,False,False,False,False,False,False
cssnbr3_cubic,orb_v2,300.0,True,True,False,False,False,2,2,True,False,True,True,True,True,False
cssnbr3_cubic,orb_v2,600.0,True,True,True,False,True,2,2,True,False,True,False,False,True,True
cssnbr3_cubic,orb_v2,900.0,True,True,True,True,True,2,2,True,True,False,False,False,False,False
cssnbr3_cubic,sevennet0,50.0,False,False,,False,False,1,1,True,False,,,,,
cssnbr3_cubic,sevennet0,100.0,True,False,False,False,False,1,1,True,False,False,False,False,False,False
cssnbr3_cubic,sevennet0,300.0,True,True,False,False,True,1,1,True,False,True,False,True,True,True
cssnbr3_cubic,sevennet0,600.0,True,True,False,False,True,1,1,True,False,True,False,True,True,True
cssnbr3_cubic,sevennet0,900.0,True,True,False,True,True,1,1,True,True,False,False,True,False,False
knbo3_cubic,chgnet,50.0,False,False,,False,False,1,1,True,False,,,,,
knbo3_cubic,chgnet,100.0,True,False,False,False,False,1,1,True,False,False,False,False,False,False
knbo3_cubic,chgnet,300.0,True,False,True,False,False,1,1,True,False,False,False,True,False,False
knbo3_cubic,chgnet,600.0,True,False,True,True,True,1,1,True,True,True,True,True,True,False
knbo3_cubic,chgnet,900.0,True,True,True,True,True,1,1,True,True,False,False,False,False,False
knbo3_cubic,mace_mp0,50.0,False,False,,False,False,1,1,True,False,,,,,
knbo3_cubic,mace_mp0,100.0,True,False,False,False,False,1,1,True,False,False,False,False,False,False
knbo3_cubic,mace_mp0,300.0,True,False,True,False,False,1,1,True,False,False,False,True,False,False
knbo3_cubic,mace_mp0,600.0,True,False,True,True,True,1,1,True,True,True,True,True,True,False
knbo3_cubic,mace_mp0,900.0,True,True,True,True,True,1,1,True,True,False,False,False,False,False
knbo3_cubic,mattersim,50.0,False,False,,False,False,2,2,True,False,,,,,
knbo3_cubic,mattersim,100.0,True,False,False,False,False,2,2,True,False,False,False,False,False,False
knbo3_cubic,mattersim,300.0,True,False,True,False,False,2,2,True,False,False,False,True,False,False
knbo3_cubic,mattersim,600.0,True,False,True,True,True,2,2,True,True,True,True,True,True,False
knbo3_cubic,mattersim,900.0,True,True,True,True,True,2,2,True,True,False,False,False,False,False
knbo3_cubic,orb_v2,50.0,False,False,,False,False,2,2,True,False,,,,,
knbo3_cubic,orb_v2,100.0,True,False,False,False,False,2,2,True,False,False,False,False,False,False
knbo3_cubic,orb_v2,300.0,True,False,False,False,False,2,2,True,False,False,False,False,False,False
knbo3_cubic,orb_v2,600.0,True,False,True,True,True,2,2,True,True,True,True,True,True,False
knbo3_cubic,orb_v2,900.0,True,True,True,True,True,2,2,True,True,False,False,False,False,False
knbo3_cubic,sevennet0,50.0,False,False,,False,False,1,1,True,False,,,,,
knbo3_cubic,sevennet0,100.0,True,False,False,False,False,1,1,True,False,False,False,False,False,False
knbo3_cubic,sevennet0,300.0,True,False,True,False,False,1,1,True,False,False,False,True,False,False
knbo3_cubic,sevennet0,600.0,True,False,True,True,False,1,1,True,True,True,False,True,True,True
knbo3_cubic,sevennet0,900.0,True,True,True,True,True,1,1,True,True,False,False,False,False,False
