unit_tag,system,model,T_K,supercell,why,grid_wall_min,b_retry_1thz,verdict,n_ok,range_thz,sd_thz,imag_tol_thz,A_status,A_hessian_min_thz,A_converged,A_stop_reason,A_n_populations,A_boot_sd_thz,A_blowup,A_call_stable,B_status,B_hessian_min_thz,B_converged,B_stop_reason,B_n_populations,B_boot_sd_thz,B_blowup,B_call_stable,A10_status,A10_hessian_min_thz,A10_converged,A10_stop_reason,A10_n_populations,A10_boot_sd_thz,A10_blowup,A10_call_stable
batio3_cubic_chgnet_100K_sc222,batio3_cubic,chgnet,100.0,2x2x2,disagree,75.4,False,incomplete,2,0.0900565926175052,0.06367962733039231,-0.1,ok,1.6478018318688072,True,converged,12,1.4951975061995952,False,True,failed,,,,,,,,ok,1.557745239251302,True,converged,11,0.26964026028154076,False,True
cssni3_cubic_chgnet_900K_sc222,cssni3_cubic,chgnet,900.0,2x2x2,disagree,56.0,False,agree,3,0.1110701066438533,0.058386617092505595,-0.1,ok,-1.089461403661941,True,converged,15,0.09695121917054322,False,False,ok,-0.9783912970180877,True,converged,21,0.051473547699929185,False,False,ok,-1.0651443695614975,True,converged,14,0.06271540988498453,False,False
pbtio3_cubic_chgnet_300K_sc222,pbtio3_cubic,chgnet,300.0,2x2x2,disagree,51.9,False,unresolved,3,557.9448651786297,322.01754329996066,-0.1,ok,0.5682598185861495,True,converged,9,0.06172751736041074,False,True,ok,-557.3766053600435,False,wall_cap,26,98.59374185063791,True,False,ok,0.17981841402466836,True,converged,9,0.25647420868953924,False,True
cssni3_cubic_chgnet_600K_sc222,cssni3_cubic,chgnet,600.0,2x2x2,disagree,49.1,False,agree,3,0.2837030806658589,0.14512231784769147,-0.1,ok,-0.7936742740317595,True,converged,13,0.08275802744475878,False,False,ok,-0.9885907079195151,True,converged,18,0.09313291902469217,False,False,ok,-1.0773773546976184,True,converged,13,0.11525033050482358,False,False
pbtio3_cubic_chgnet_600K_sc222,pbtio3_cubic,chgnet,600.0,2x2x2,disagree,48.1,False,unresolved,3,4232.654736216372,2443.7150057360222,-0.1,ok,1.308486718877791,True,converged,9,0.0122891039895438,False,True,ok,-4231.346249497494,False,wall_cap,24,1138.9980822992825,True,False,ok,1.2761124069401497,True,converged,8,0.009312497072865116,False,True
srtio3_cubic_chgnet_100K_sc222,srtio3_cubic,chgnet,100.0,2x2x2,disagree,43.1,False,agree,3,0.07015433412118244,0.03533898300953134,-0.1,ok,1.0600760793145747,True,converged,5,0.026497760036293453,False,True,ok,0.9899217451933923,True,converged,7,0.010296714266971306,False,True,ok,1.0324358614573839,True,converged,5,0.026853608771157465,False,True
knbo3_cubic_chgnet_100K_sc222,knbo3_cubic,chgnet,100.0,2x2x2,disagree,36.3,False,agree,3,0.43476113405037964,0.22872839487129268,-0.1,ok,1.6211631862546707,True,converged,4,0.015864428617506015,False,True,ok,1.186402052204291,False,wall_cap,29,0.03276697818011292,False,True,ok,1.527018584355798,True,converged,5,0.02211442476834025,False,True
knbo3_cubic_chgnet_300K_sc222,knbo3_cubic,chgnet,300.0,2x2x2,disagree,31.2,False,unresolved,3,211.7063449162539,122.21360194131277,-0.1,ok,2.2047070347154594,True,converged,4,0.016092041379549255,False,True,ok,-209.50163788153844,False,wall_cap,26,50.540081096910015,True,False,ok,2.1523433639463465,True,converged,4,0.01655151943279875,False,True
ti_bcc_chgnet_100K_sc333,ti_bcc,chgnet,100.0,3x3x3,disagree,30.4,False,agree,3,0.014371237065983422,0.007221872897333072,-0.1,ok,0.4150902906688389,True,converged,6,0.009643522711452383,False,True,ok,0.4007190536028555,True,converged,6,0.014008725552175782,False,True,ok,0.4091564721720671,True,converged,6,0.010932618884219715,False,True
ti_bcc_chgnet_300K_sc333,ti_bcc,chgnet,300.0,3x3x3,disagree,25.6,False,agree,3,0.05208987050346858,0.028041925124730097,-0.1,ok,0.6776530200300015,True,converged,4,0.01623086612188171,False,True,ok,0.6696089941247922,True,converged,11,0.01878584494962792,False,True,ok,0.7216988646282608,True,converged,4,0.014556478060397846,False,True
knbo3_cubic_chgnet_600K_sc222,knbo3_cubic,chgnet,600.0,2x2x2,disagree,25.1,False,unresolved,3,461.96052208883094,266.69649743239484,-0.1,ok,2.5215523978822802,True,converged,4,0.018067871187000303,False,True,ok,-459.38168769297454,False,max_pop,30,49.004843692462444,True,False,ok,2.5788343958563877,True,converged,5,0.007936214795134382,False,True
hfo2_cubic_chgnet_900K_sc222,hfo2_cubic,chgnet,900.0,2x2x2,random,22.1,False,agree,3,316.4991289518775,182.68191897802055,-0.1,ok,-3.8871114946872285,True,converged,5,0.22808825254419593,False,False,ok,-320.21664495469213,False,max_pop,30,59.10840938402159,True,False,ok,-3.717516002814643,True,converged,5,0.1470291480618441,False,False
pbtio3_cubic_mace_mp0_100K_sc222,pbtio3_cubic,mace_mp0,100.0,2x2x2,random,79.6,True,agree,3,0.16974348953420854,0.0915277677660279,-0.1,ok,-0.3696687400665815,True,converged,9,0.058952523260455476,False,False,ok,-0.39519103127884386,True,converged,11,0.0413098377261421,False,False,ok,-0.53941222960079,True,converged,9,0.046402545599226935,False,False
pbtio3_cubic_mace_mp0_300K_sc222,pbtio3_cubic,mace_mp0,300.0,2x2x2,disagree,69.7,True,incomplete,2,0.0008574558450475944,0.0006063128426011955,-0.1,ok,0.7936535767290835,True,converged,9,0.06881409484288811,False,True,failed,,,,,,,,ok,0.792796120884036,True,converged,9,0.060265737771586544,False,True
knbo3_cubic_mace_mp0_100K_sc222,knbo3_cubic,mace_mp0,100.0,2x2x2,disagree,62.1,True,agree,3,0.14945529212124375,0.07835749659636577,-0.1,ok,1.570637082110226,True,converged,6,0.005042101704018233,False,True,ok,1.4211817899889823,True,converged,9,0.011495092493005767,False,True,ok,1.4550801749582778,True,converged,6,0.01780411487411998,False,True
srtio3_cubic_mace_mp0_100K_sc222,srtio3_cubic,mace_mp0,100.0,2x2x2,disagree,58.8,False,agree,3,0.12234308628133062,0.06292707511020168,-0.1,ok,1.12229031529287,True,converged,5,0.026015632750073597,False,True,ok,1.035553614708057,True,converged,15,0.02073546821234466,False,True,ok,1.1578967009893877,True,converged,5,0.013040373682788351,False,True
batio3_cubic_mace_mp0_100K_sc222,batio3_cubic,mace_mp0,100.0,2x2x2,disagree,56.3,True,agree,3,0.07532816816008081,0.04216983474210654,-0.1,ok,1.9809202138278255,True,converged,5,0.05549685051627736,False,True,ok,2.0562483819879063,True,converged,7,0.041985765124873335,False,True,ok,2.051434491176166,True,converged,5,0.021768529741860432,False,True
pbtio3_cubic_mace_mp0_600K_sc222,pbtio3_cubic,mace_mp0,600.0,2x2x2,disagree,54.0,True,incomplete,2,0.018241945683991734,0.012899003495187227,-0.1,ok,1.494131522829256,True,converged,10,0.007839514281438096,False,True,failed,,,,,,,,ok,1.4758895771452643,True,converged,10,0.009357488386839682,False,True
srtio3_cubic_mace_mp0_300K_sc222,srtio3_cubic,mace_mp0,300.0,2x2x2,random,51.9,True,agree,3,0.22854813636214621,0.11723422748299939,-0.1,ok,1.8317739094019432,True,converged,7,0.023127986756549167,False,True,ok,1.6721577602733737,True,converged,9,0.024623074270492065,False,True,ok,1.90070589663552,True,converged,7,0.023516030341093935,False,True
batio3_cubic_mace_mp0_300K_sc222,batio3_cubic,mace_mp0,300.0,2x2x2,disagree,48.2,True,agree,3,0.010751815495855244,0.00586005561298549,-0.1,ok,2.949402396520118,True,converged,4,0.003123128415252984,False,True,ok,2.9480662416135366,True,converged,11,0.0033777680867641694,False,True,ok,2.958818057109392,True,converged,4,0.0028198419638999256,False,True
knbo3_cubic_mace_mp0_300K_sc222,knbo3_cubic,mace_mp0,300.0,2x2x2,disagree,46.8,True,agree,3,0.021032659171212664,0.01184151404800286,-0.1,ok,2.0666397652812822,True,converged,5,0.026226492802664793,False,True,ok,2.0865839684865257,True,converged,14,0.018377581186086518,False,True,ok,2.087672424452495,True,converged,5,0.01576794138549161,False,True
cssni3_cubic_mace_mp0_900K_sc222,cssni3_cubic,mace_mp0,900.0,2x2x2,disagree,37.6,False,agree,3,0.12473420558324083,0.06530892541867155,-0.1,ok,-0.3513521900815234,True,converged,8,0.07487246315281741,False,False,ok,-0.3801514408989235,True,converged,9,0.03461960202596561,False,False,ok,-0.25541723531568267,True,converged,8,0.049555225825450765,False,False
knbo3_cubic_mace_mp0_600K_sc222,knbo3_cubic,mace_mp0,600.0,2x2x2,disagree,37.6,True,incomplete,2,0.0045971481734055075,0.003250674647534385,-0.1,ok,2.4991186567837542,True,converged,5,0.03653867748201838,False,True,failed,,,,,,,,ok,2.5037158049571597,True,converged,5,0.019677927511489637,False,True
cssni3_cubic_mace_mp0_600K_sc222,cssni3_cubic,mace_mp0,600.0,2x2x2,disagree,37.3,False,agree,3,0.030555260484302016,0.015286187831113041,-0.1,ok,-0.322117905704719,True,converged,7,0.024392379164889885,False,False,ok,-0.30595446635415685,True,converged,7,0.03607061766777682,False,False,ok,-0.29156264522041697,True,converged,7,0.03427033460422617,False,False
zro2_cubic_mace_mp0_300K_sc222,zro2_cubic,mace_mp0,300.0,2x2x2,random,34.6,True,agree,3,0.22127023188795425,0.11289863907977792,-0.1,ok,-2.8736857155128916,True,converged,4,0.5283848305248274,False,False,ok,-2.6524154836249374,True,converged,4,0.1195428268834367,False,False,ok,-2.8020111113518222,True,converged,4,0.1358895037147256,False,False
batio3_cubic_mace_mp0_900K_sc222,batio3_cubic,mace_mp0,900.0,2x2x2,random,32.8,True,incomplete,2,0.019252194199914197,0.013613357071479648,-0.1,ok,3.021405677429422,True,converged,4,0.005370570612909034,False,True,failed,,,,,,,,ok,3.040657871629336,True,converged,4,0.005628849271818041,False,True
hfo2_cubic_mace_mp0_100K_sc222,hfo2_cubic,mace_mp0,100.0,2x2x2,random,29.7,False,agree,3,9.490473068089756,4.836862038041367,-0.1,ok,-10.121633210725538,True,converged,3,2.418263219394617,False,False,ok,-13.243942194620894,True,converged,6,2.623621522850534,False,False,ok,-3.7534691265311384,True,converged,4,2.0856279227844317,False,False
pbtio3_cubic_mattersim_300K_sc222,pbtio3_cubic,mattersim,300.0,2x2x2,disagree,65.7,False,unresolved,3,6231.037075341859,3597.439574499771,-0.1,ok,1.0088543304899886,True,converged,21,0.02427545135331841,False,True,ok,-6229.850306902757,False,max_pop,30,1027.2626932253743,True,False,ok,1.1867684391015025,True,converged,20,0.022878198225366686,False,True
cssni3_cubic_mattersim_600K_sc222,cssni3_cubic,mattersim,600.0,2x2x2,disagree,46.7,False,incomplete,2,0.10304816080150542,0.07286605329154626,-0.1,ok,-0.5009481107044428,True,converged,17,0.08284034064074594,False,False,missing,,,,,,,,ok,-0.39789994990293737,True,converged,17,0.09781869074173215,False,False
cssni3_cubic_mattersim_900K_sc222,cssni3_cubic,mattersim,900.0,2x2x2,disagree,45.9,False,agree,3,0.146228197874818,0.07336359387274366,-0.1,ok,-0.6665021177889884,True,converged,18,0.06815189042655218,False,False,ok,-0.7291454800050908,True,converged,25,0.0650582286782009,False,False,ok,-0.5829172821302728,True,converged,19,0.07330301299455602,False,False
srtio3_cubic_mattersim_100K_sc222,srtio3_cubic,mattersim,100.0,2x2x2,disagree,29.8,False,agree,3,0.19751927488477006,0.10265022010191283,-0.1,ok,1.2009235107709744,True,converged,6,0.017758397482130518,False,True,ok,1.0034042358862043,True,converged,15,0.01487138377885089,False,True,ok,1.1506489751399647,True,converged,6,0.01989222254959091,False,True
zr_bcc_mattersim_600K_sc333,zr_bcc,mattersim,600.0,3x3x3,disagree,29.2,False,agree,3,0.03398550045873894,0.016995379396560886,-0.1,ok,0.5333753155622835,True,converged,10,0.026509333245007143,False,True,ok,0.5169003311351166,True,converged,15,0.022055732130096057,False,True,ok,0.5508858315938555,True,converged,10,0.03300339749792263,False,True
knbo3_cubic_mattersim_300K_sc222,knbo3_cubic,mattersim,300.0,2x2x2,disagree,27.3,False,unresolved,3,4357.476683750587,2515.7759303633975,-0.1,ok,2.2402458111373993,True,converged,6,0.011057310050917726,False,True,ok,-4355.186533706158,False,max_pop,30,869.6853500670663,True,False,ok,2.290150044428686,True,converged,6,0.014733323383189258,False,True
knbo3_cubic_mattersim_100K_sc222,knbo3_cubic,mattersim,100.0,2x2x2,disagree,25.7,False,agree,3,0.21330182709007572,0.11904454307657113,-0.1,ok,1.6033870456657906,True,converged,6,0.028703976632835786,False,True,ok,1.3900852185757149,False,max_pop,30,0.022199181266182075,False,True,ok,1.5883415775317946,True,converged,6,0.03564494394009955,False,True
batio3_cubic_mattersim_100K_sc222,batio3_cubic,mattersim,100.0,2x2x2,disagree,25.0,False,agree,3,0.2748650382752522,0.13761508916567908,-0.1,ok,1.7062371443236954,True,converged,6,0.05116215994243005,False,True,ok,1.4313721060484432,False,max_pop,30,0.03897282391043858,False,True,ok,1.556530817761659,True,converged,6,0.023924037514781248,False,True
knbo3_cubic_mattersim_600K_sc222,knbo3_cubic,mattersim,600.0,2x2x2,disagree,20.3,False,unresolved,3,3655.155123204592,2110.282000892332,-0.1,ok,2.679380697532906,True,converged,5,0.012248636285500148,False,True,ok,-3652.4757425070593,False,max_pop,30,757.645730928828,True,False,ok,2.6004206963016396,True,converged,5,0.01150475734102275,False,True
batio3_cubic_mattersim_300K_sc222,batio3_cubic,mattersim,300.0,2x2x2,disagree,19.4,True,agree,3,0.010397205364357731,0.005487633894842609,-0.1,ok,3.1451425014637024,True,converged,4,0.011622422267704035,False,True,ok,3.1472970989307076,True,converged,11,0.005398238763976606,False,True,ok,3.13689989356635,True,converged,4,0.03957215502065533,False,True
ti_bcc_mattersim_600K_sc333,ti_bcc,mattersim,600.0,3x3x3,disagree,17.1,False,agree,3,0.16987690914952153,0.08493908531542455,-0.1,ok,0.5848376675195124,True,converged,5,0.06562475273885301,False,True,ok,0.49933225085006383,True,converged,22,0.05781711973955247,False,True,ok,0.41496075836999086,True,converged,5,0.10584829355511098,False,True
hf_bcc_orb_v2_300K_sc333,hf_bcc,orb_v2,300.0,3x3x3,disagree,119.5,False,agree,3,1.6892629545440507,0.931834762302387,-0.1,ok,-2.4927477404430793,False,max_pop,30,0.14449346206650107,False,False,ok,-4.0190984234804015,False,wall_cap,25,0.3321938771296579,False,False,ok,-4.18201069498713,False,wall_cap,24,0.2498494747111686,False,False
hf_bcc_orb_v2_100K_sc333,hf_bcc,orb_v2,100.0,3x3x3,random,118.4,False,agree,3,1.0291212886357108,0.5145730502773778,-0.1,ok,1.2732751023643356,False,max_pop,30,0.001461336076959378,False,True,ok,0.24415381372862466,False,max_pop,30,0.03841040839509208,False,True,ok,0.7649033329744696,False,max_pop,30,0.006317292877321515,False,True
ti_bcc_orb_v2_100K_sc333,ti_bcc,orb_v2,100.0,3x3x3,disagree,110.7,False,agree,3,0.006416908256977383,0.0032555125216836233,-0.1,ok,2.6720821342566845,True,converged,28,0.0014483677373604569,False,True,ok,2.67624586407976,True,converged,28,0.0011481193287890862,False,True,ok,2.678499042513662,True,converged,30,0.0019505354719301364,False,True
hf_bcc_orb_v2_600K_sc333,hf_bcc,orb_v2,600.0,3x3x3,disagree,76.1,False,agree,3,3.498656704925787,1.754177323052075,-0.1,ok,-1.4134442702646068,False,max_pop,30,0.07760823158717602,False,False,ok,-2.9370179152709146,False,max_pop,30,0.32298198811887374,False,False,ok,-4.912100975190394,False,max_pop,30,0.3375443763205017,False,False
ti_bcc_orb_v2_600K_sc333,ti_bcc,orb_v2,600.0,3x3x3,disagree,69.0,False,unresolved,3,28.91920331813915,15.214158948994935,-0.1,ok,2.5336126757006445,True,converged,28,0.009338801463567858,False,True,ok,-26.385590642438505,False,max_pop,30,2.523233172349271,False,False,ok,-3.7301572892121206,False,max_pop,30,0.48829624684735645,False,False
srtio3_cubic_orb_v2_600K_sc222,srtio3_cubic,orb_v2,600.0,2x2x2,disagree,66.6,False,agree,3,33345.09939464532,18551.824002233738,-0.1,ok,-33506.4507202501,False,max_pop,30,29556.40539280152,True,False,ok,-30926.054201220864,False,max_pop,30,15038.64037920511,True,False,ok,-161.35132560477206,False,max_pop,30,35.63384497139688,True,False
srtio3_cubic_orb_v2_900K_sc222,srtio3_cubic,orb_v2,900.0,2x2x2,disagree,63.0,False,agree,3,695471.7082954046,383119.0910173224,-0.1,ok,-10459.170097973487,False,max_pop,30,6435.840509510225,True,False,ok,-705930.878393378,False,wall_cap,28,308251.2346549372,True,False,ok,-79663.08545530662,False,wall_cap,28,43605.954593323004,True,False
zr_bcc_orb_v2_100K_sc333,zr_bcc,orb_v2,100.0,3x3x3,disagree,61.5,False,agree,3,0.296202559470061,0.15342752506530266,-0.1,ok,-3.1025920859587384,True,converged,13,0.16039647395849413,False,False,ok,-2.885078637510067,True,converged,14,0.10680637395569756,False,False,ok,-2.8063895264886773,True,converged,13,0.11643981182654192,False,False
srtio3_cubic_orb_v2_300K_sc222,srtio3_cubic,orb_v2,300.0,2x2x2,disagree,52.4,False,agree,3,987202.1959248662,561398.4469920873,-0.1,ok,-96.69136668149636,False,max_pop,30,16.247589943214052,True,False,ok,-987298.8872915477,False,max_pop,30,533732.5332349485,True,False,ok,-30471.58419146935,False,max_pop,30,14131.294475048382,True,False
zr_bcc_orb_v2_300K_sc333,zr_bcc,orb_v2,300.0,3x3x3,disagree,51.1,False,agree,3,0.1594112448228311,0.08566819541521023,-0.1,ok,-1.2487778227631992,True,converged,12,0.16733021781491253,False,False,ok,-1.274094472164247,True,converged,10,0.146733698607921,False,False,ok,-1.4081890675860302,True,converged,11,0.09691911809953589,False,False
srtio3_cubic_orb_v2_100K_sc222,srtio3_cubic,orb_v2,100.0,2x2x2,random,41.8,False,agree,3,1486.0221052192178,855.8127175593404,-0.1,ok,-48.96052975222898,False,max_pop,30,3.00776430749501,False,False,ok,-56.41060616150043,False,max_pop,30,4.764219029036552,True,False,ok,-1534.9826349714467,False,max_pop,30,5311.441787647429,True,False
knbo3_cubic_orb_v2_100K_sc222,knbo3_cubic,orb_v2,100.0,2x2x2,disagree,21.3,False,incomplete,2,0.10854314058720749,0.07675159076049919,-0.1,ok,1.3090772146572927,True,converged,9,0.185804343161108,False,True,failed,,,,,,,,ok,1.4176203552445001,True,converged,10,0.11449207906266973,False,True
batio3_cubic_orb_v2_100K_sc222,batio3_cubic,orb_v2,100.0,2x2x2,disagree,20.5,False,incomplete,2,0.10440213206964466,0.07382345555677926,-0.1,ok,1.2960500044266612,True,converged,10,0.29612786965876003,False,True,failed,,,,,,,,ok,1.1916478723570165,True,converged,9,0.7647139683046326,False,True
knbo3_cubic_orb_v2_300K_sc222,knbo3_cubic,orb_v2,300.0,2x2x2,disagree,13.2,False,incomplete,2,0.13738091007876907,0.09714297312227692,-0.1,ok,1.9339503868197834,True,converged,7,0.06366419854751425,False,True,failed,,,,,,,,ok,1.7965694767410143,True,converged,7,0.08206938542557665,False,True
knbo3_cubic_orb_v2_600K_sc222,knbo3_cubic,orb_v2,600.0,2x2x2,disagree,12.1,False,incomplete,2,5.600054816490285e-05,3.959836735756668e-05,-0.1,ok,2.3981986931196237,True,converged,6,0.03403444108218897,False,True,failed,,,,,,,,ok,2.3982546936677887,True,converged,7,0.03882820850348532,False,True
hfo2_cubic_orb_v2_900K_sc222,hfo2_cubic,orb_v2,900.0,2x2x2,random,5.6,False,agree,3,239713.3761560236,138398.45431155092,-0.1,ok,-4.119284848639958,True,converged,5,0.2828187326554045,False,False,ok,-239717.0522414228,False,max_pop,30,88808.87292051683,True,False,ok,-3.67608539921555,True,converged,5,0.27513622101137947,False,False
pbtio3_cubic_sevennet0_300K_sc222,pbtio3_cubic,sevennet0,300.0,2x2x2,disagree,37.7,True,agree,3,0.11219539113046983,0.06068858574214684,-0.1,ok,1.1164520973173773,True,converged,9,0.023869154114702664,False,True,ok,1.0042567061869074,True,converged,15,0.04830325338634237,False,True,ok,1.1004599995529032,True,converged,9,0.02642045418446488,False,True
pbtio3_cubic_sevennet0_600K_sc222,pbtio3_cubic,sevennet0,600.0,2x2x2,disagree,37.3,True,incomplete,2,0.008811878358199854,0.006230938942074098,-0.1,ok,1.546763152042189,True,converged,10,0.006241726866445998,False,True,failed,,,,,,,,ok,1.537951273683989,True,converged,10,0.008465669019501349,False,True
srtio3_cubic_sevennet0_100K_sc222,srtio3_cubic,sevennet0,100.0,2x2x2,disagree,31.1,False,agree,3,0.13475354905672243,0.07489633851273186,-0.1,ok,1.0932873018992657,True,converged,5,0.03457598266849594,False,True,ok,0.969258119387622,True,converged,14,0.01478051683755434,False,True,ok,1.1040116684443444,True,converged,6,0.021473589208214395,False,True
batio3_cubic_sevennet0_100K_sc222,batio3_cubic,sevennet0,100.0,2x2x2,disagree,28.9,True,agree,3,0.25755140363436557,0.1325960434230648,-0.1,ok,1.451589435895674,True,converged,6,0.049195526482897906,False,True,ok,1.1940380322613084,True,converged,8,0.07903457311226503,False,True,ok,1.3775456996820572,True,converged,6,0.03503755198389239,False,True
knbo3_cubic_sevennet0_100K_sc222,knbo3_cubic,sevennet0,100.0,2x2x2,disagree,28.6,True,agree,3,0.02450556022820205,0.012723979780795648,-0.1,ok,1.3555486092617945,True,converged,6,0.011286083787944675,False,True,ok,1.3800541694899966,True,converged,9,0.014458527738623056,False,True,ok,1.3737433690807381,True,converged,7,0.00998274295125076,False,True
knbo3_cubic_sevennet0_300K_sc222,knbo3_cubic,sevennet0,300.0,2x2x2,disagree,25.3,True,agree,3,0.11611141759721955,0.06660272678663441,-0.1,ok,2.0802936354798587,True,converged,5,0.02236253782634102,False,True,ok,1.9657014457692017,True,converged,13,0.0133436996807829,False,True,ok,2.0818128633664212,True,converged,6,0.016636924459997066,False,True
knbo3_cubic_sevennet0_600K_sc222,knbo3_cubic,sevennet0,600.0,2x2x2,disagree,22.9,True,incomplete,2,0.08821892778554918,0.062380202066168164,-0.1,ok,2.3827090674876166,True,converged,5,0.030509835476767614,False,True,failed,,,,,,,,ok,2.4709279952731658,True,converged,5,0.01567168050360699,False,True
batio3_cubic_sevennet0_300K_sc222,batio3_cubic,sevennet0,300.0,2x2x2,disagree,22.2,True,incomplete,2,0.00033664008412470636,0.00023804048630378968,-0.1,ok,2.9463227821294473,True,converged,4,0.0032262550623130253,False,True,failed,,,,,,,,ok,2.946659422213572,True,converged,4,0.003023287140938879,False,True
zro2_cubic_sevennet0_100K_sc222,zro2_cubic,sevennet0,100.0,2x2x2,random,19.9,False,agree,3,6.939059369220793,3.66417833903882,-0.1,ok,-22.85201706905442,True,converged,5,2.187453545824367,False,False,ok,-28.36255140913861,True,converged,6,2.0542625219892514,False,False,ok,-21.423492039917818,True,converged,6,0.919659990520331,False,False
zro2_cubic_sevennet0_600K_sc222,zro2_cubic,sevennet0,600.0,2x2x2,random,15.8,False,incomplete,2,0.03630372068850507,0.025670607081144294,-0.1,ok,-3.2735431670049833,True,converged,4,0.20428843128384497,False,False,failed,,,,,,,,ok,-3.237239446316478,True,converged,4,0.17032144848331107,False,False
zr_bcc_sevennet0_100K_sc333,zr_bcc,sevennet0,100.0,3x3x3,random,10.8,False,agree,3,0.005958494104435497,0.003389810570743011,-0.1,ok,0.7840424435319202,True,converged,1,0.004374314308388365,False,True,ok,0.7842208499742284,True,converged,1,0.0021677455191797296,False,True,ok,0.7900009376363557,True,converged,1,0.0031475895252265685,False,True
