# tag	system	model	T	supercell	env	grid_wall_min	why
batio3_cubic_chgnet_100K_sc222	batio3_cubic	chgnet	100	2 2 2	chgnet	75.4	disagree
cssni3_cubic_chgnet_900K_sc222	cssni3_cubic	chgnet	900	2 2 2	chgnet	56.0	disagree
pbtio3_cubic_chgnet_300K_sc222	pbtio3_cubic	chgnet	300	2 2 2	chgnet	51.9	disagree
cssni3_cubic_chgnet_600K_sc222	cssni3_cubic	chgnet	600	2 2 2	chgnet	49.1	disagree
pbtio3_cubic_chgnet_600K_sc222	pbtio3_cubic	chgnet	600	2 2 2	chgnet	48.1	disagree
srtio3_cubic_chgnet_100K_sc222	srtio3_cubic	chgnet	100	2 2 2	chgnet	43.1	disagree
knbo3_cubic_chgnet_100K_sc222	knbo3_cubic	chgnet	100	2 2 2	chgnet	36.3	disagree
knbo3_cubic_chgnet_300K_sc222	knbo3_cubic	chgnet	300	2 2 2	chgnet	31.2	disagree
ti_bcc_chgnet_100K_sc333	ti_bcc	chgnet	100	3 3 3	chgnet	30.4	disagree
ti_bcc_chgnet_300K_sc333	ti_bcc	chgnet	300	3 3 3	chgnet	25.6	disagree
knbo3_cubic_chgnet_600K_sc222	knbo3_cubic	chgnet	600	2 2 2	chgnet	25.1	disagree
hfo2_cubic_chgnet_900K_sc222	hfo2_cubic	chgnet	900	2 2 2	chgnet	22.1	random
pbtio3_cubic_mace_mp0_100K_sc222	pbtio3_cubic	mace_mp0	100	2 2 2	mace	79.6	random
pbtio3_cubic_mace_mp0_300K_sc222	pbtio3_cubic	mace_mp0	300	2 2 2	mace	69.7	disagree
knbo3_cubic_mace_mp0_100K_sc222	knbo3_cubic	mace_mp0	100	2 2 2	mace	62.1	disagree
srtio3_cubic_mace_mp0_100K_sc222	srtio3_cubic	mace_mp0	100	2 2 2	mace	58.8	disagree
batio3_cubic_mace_mp0_100K_sc222	batio3_cubic	mace_mp0	100	2 2 2	mace	56.3	disagree
pbtio3_cubic_mace_mp0_600K_sc222	pbtio3_cubic	mace_mp0	600	2 2 2	mace	54.0	disagree
srtio3_cubic_mace_mp0_300K_sc222	srtio3_cubic	mace_mp0	300	2 2 2	mace	51.9	random
batio3_cubic_mace_mp0_300K_sc222	batio3_cubic	mace_mp0	300	2 2 2	mace	48.2	disagree
knbo3_cubic_mace_mp0_300K_sc222	knbo3_cubic	mace_mp0	300	2 2 2	mace	46.8	disagree
cssni3_cubic_mace_mp0_900K_sc222	cssni3_cubic	mace_mp0	900	2 2 2	mace	37.6	disagree
knbo3_cubic_mace_mp0_600K_sc222	knbo3_cubic	mace_mp0	600	2 2 2	mace	37.6	disagree
cssni3_cubic_mace_mp0_600K_sc222	cssni3_cubic	mace_mp0	600	2 2 2	mace	37.3	disagree
zro2_cubic_mace_mp0_300K_sc222	zro2_cubic	mace_mp0	300	2 2 2	mace	34.6	random
batio3_cubic_mace_mp0_900K_sc222	batio3_cubic	mace_mp0	900	2 2 2	mace	32.8	random
hfo2_cubic_mace_mp0_100K_sc222	hfo2_cubic	mace_mp0	100	2 2 2	mace	29.7	random
pbtio3_cubic_mattersim_300K_sc222	pbtio3_cubic	mattersim	300	2 2 2	mattersim	65.7	disagree
cssni3_cubic_mattersim_600K_sc222	cssni3_cubic	mattersim	600	2 2 2	mattersim	46.7	disagree
cssni3_cubic_mattersim_900K_sc222	cssni3_cubic	mattersim	900	2 2 2	mattersim	45.9	disagree
srtio3_cubic_mattersim_100K_sc222	srtio3_cubic	mattersim	100	2 2 2	mattersim	29.8	disagree
zr_bcc_mattersim_600K_sc333	zr_bcc	mattersim	600	3 3 3	mattersim	29.2	disagree
knbo3_cubic_mattersim_300K_sc222	knbo3_cubic	mattersim	300	2 2 2	mattersim	27.3	disagree
knbo3_cubic_mattersim_100K_sc222	knbo3_cubic	mattersim	100	2 2 2	mattersim	25.7	disagree
batio3_cubic_mattersim_100K_sc222	batio3_cubic	mattersim	100	2 2 2	mattersim	25.0	disagree
knbo3_cubic_mattersim_600K_sc222	knbo3_cubic	mattersim	600	2 2 2	mattersim	20.3	disagree
batio3_cubic_mattersim_300K_sc222	batio3_cubic	mattersim	300	2 2 2	mattersim	19.4	disagree
ti_bcc_mattersim_600K_sc333	ti_bcc	mattersim	600	3 3 3	mattersim	17.1	disagree
hf_bcc_orb_v2_300K_sc333	hf_bcc	orb_v2	300	3 3 3	orb	119.5	disagree
hf_bcc_orb_v2_100K_sc333	hf_bcc	orb_v2	100	3 3 3	orb	118.4	random
ti_bcc_orb_v2_100K_sc333	ti_bcc	orb_v2	100	3 3 3	orb	110.7	disagree
hf_bcc_orb_v2_600K_sc333	hf_bcc	orb_v2	600	3 3 3	orb	76.1	disagree
ti_bcc_orb_v2_600K_sc333	ti_bcc	orb_v2	600	3 3 3	orb	69.0	disagree
srtio3_cubic_orb_v2_600K_sc222	srtio3_cubic	orb_v2	600	2 2 2	orb	66.6	disagree
srtio3_cubic_orb_v2_900K_sc222	srtio3_cubic	orb_v2	900	2 2 2	orb	63.0	disagree
zr_bcc_orb_v2_100K_sc333	zr_bcc	orb_v2	100	3 3 3	orb	61.5	disagree
srtio3_cubic_orb_v2_300K_sc222	srtio3_cubic	orb_v2	300	2 2 2	orb	52.4	disagree
zr_bcc_orb_v2_300K_sc333	zr_bcc	orb_v2	300	3 3 3	orb	51.1	disagree
srtio3_cubic_orb_v2_100K_sc222	srtio3_cubic	orb_v2	100	2 2 2	orb	41.8	random
knbo3_cubic_orb_v2_100K_sc222	knbo3_cubic	orb_v2	100	2 2 2	orb	21.3	disagree
batio3_cubic_orb_v2_100K_sc222	batio3_cubic	orb_v2	100	2 2 2	orb	20.5	disagree
knbo3_cubic_orb_v2_300K_sc222	knbo3_cubic	orb_v2	300	2 2 2	orb	13.2	disagree
knbo3_cubic_orb_v2_600K_sc222	knbo3_cubic	orb_v2	600	2 2 2	orb	12.1	disagree
hfo2_cubic_orb_v2_900K_sc222	hfo2_cubic	orb_v2	900	2 2 2	orb	5.6	random
pbtio3_cubic_sevennet0_300K_sc222	pbtio3_cubic	sevennet0	300	2 2 2	sevennet	37.7	disagree
pbtio3_cubic_sevennet0_600K_sc222	pbtio3_cubic	sevennet0	600	2 2 2	sevennet	37.3	disagree
srtio3_cubic_sevennet0_100K_sc222	srtio3_cubic	sevennet0	100	2 2 2	sevennet	31.1	disagree
batio3_cubic_sevennet0_100K_sc222	batio3_cubic	sevennet0	100	2 2 2	sevennet	28.9	disagree
knbo3_cubic_sevennet0_100K_sc222	knbo3_cubic	sevennet0	100	2 2 2	sevennet	28.6	disagree
knbo3_cubic_sevennet0_300K_sc222	knbo3_cubic	sevennet0	300	2 2 2	sevennet	25.3	disagree
knbo3_cubic_sevennet0_600K_sc222	knbo3_cubic	sevennet0	600	2 2 2	sevennet	22.9	disagree
batio3_cubic_sevennet0_300K_sc222	batio3_cubic	sevennet0	300	2 2 2	sevennet	22.2	disagree
zro2_cubic_sevennet0_100K_sc222	zro2_cubic	sevennet0	100	2 2 2	sevennet	19.9	random
zro2_cubic_sevennet0_600K_sc222	zro2_cubic	sevennet0	600	2 2 2	sevennet	15.8	random
zr_bcc_sevennet0_100K_sc333	zr_bcc	sevennet0	100	3 3 3	sevennet	10.8	random
