system,T,gt_stable,consensus_stable,consensus_wrong,consensus_wrong_ex_orb,vote_disagreement,vote_disagreement_ex_orb,freq_std_thz,freq_std_thz_ex_orb,rms_disp_ang,min_interatomic_dist_ang,min_dist_ratio,min_pair_ratio,frac_configs_below_pair_ratio,min_pair_ratio_pair,S_5model,S_5model__n_models,S_5model__n_cfg,S_ex_orb_4model,S_ex_orb_4model__n_models,S_ex_orb_4model__n_cfg,S_mace_committee,S_mace_committee__n_models,S_mace_committee__n_cfg,S_mattersim_committee,S_mattersim_committee__n_models,S_mattersim_committee__n_cfg,Snorm_5model,Snorm_5model__n_models,Snorm_5model__n_cfg,Snorm_ex_orb_4model,Snorm_ex_orb_4model__n_models,Snorm_ex_orb_4model__n_cfg
batio3_cubic,100.0,False,False,False,False,0.0,0.0,0.06400455345166203,0.05772600013288049,0.055136139849568444,1.7503895290011393,0.8751947645005697,0.8751947645005697,0.0,O-Ti,0.037764712412874046,5,16,0.03459146095372395,4,16,0.03850984495681145,3,16,0.00860929934036836,2,16,0.062354583290142845,5,16,0.058465754259296954,4,16
batio3_cubic,300.0,False,True,True,True,0.19999999999999996,0.0,0.07804161727133427,0.0833735261662674,0.07317706462507585,1.6451956241034387,0.8225978120517193,0.8225978120517193,0.0,O-Ti,0.04296005901413849,5,16,0.04062475908528451,4,16,0.04470117971507775,3,16,0.01037140161563152,2,16,0.05828420743405022,5,16,0.05615641022664697,4,16
batio3_cubic,600.0,True,True,False,False,0.0,0.0,0.09498126375244258,0.10457019494692532,0.10247038692072169,1.270855903868386,0.635427951934193,0.635427951934193,0.1875,O-Ti,0.06622022333697564,5,16,0.06475294163130993,4,16,0.06229121937023485,3,16,0.015410664001093009,2,16,0.04292106307033136,5,16,0.04208126632777115,4,16
batio3_cubic,900.0,True,True,False,False,0.0,0.0,0.12116004164527537,0.11824111347593406,0.12061317078101211,1.373038646988961,0.6865193234944805,0.6865193234944805,0.375,O-Ti,0.08285901220496847,5,16,0.08257314863905499,4,16,0.08278798142796487,3,16,0.0219315191387797,2,16,0.042471189133879955,5,16,0.042961317340569086,4,16
c_diamond,100.0,True,True,False,False,0.0,0.0,4.554933824766581,2.1054400695840747,0.04134916905085639,1.3973607782032795,0.9047004445760453,0.9047004445760453,0.0,C-C,0.23666092387847576,5,16,0.22911339119055585,4,16,0.12506351901171647,3,16,0.03014687979591888,2,16,0.14539034887984903,5,16,0.14759837253200273,4,16
c_diamond,300.0,True,True,False,False,0.0,0.0,4.554933824766581,2.1054400695840747,0.04435860322295708,1.3752504005654802,0.8903854095538218,0.8903854095538218,0.0,C-C,0.24114516230651478,5,16,0.23344307325681973,4,16,0.12054136553472729,3,16,0.032920620661419514,2,16,0.14654883103904826,5,16,0.14546587787694948,4,16
c_diamond,600.0,True,True,False,False,0.0,0.0,4.554933824766581,2.1054400695840747,0.05317139044201926,1.3676596533219911,0.8854708931934308,0.8854708931934308,0.0,C-C,0.2636892680868205,5,16,0.24900337059112881,4,16,0.145729340732208,3,16,0.037052169308145574,2,16,0.13843677845662655,5,16,0.1383335505531912,4,16
c_diamond,900.0,True,True,False,False,0.0,0.0,4.554933824766581,2.1054400695840747,0.06129065814846273,1.3059552328649289,0.845521284265957,0.845521284265957,0.0,C-C,0.2726010087605958,5,16,0.26444623812139745,4,16,0.18832021817521988,3,16,0.04519878793764363,2,16,0.12926109565381405,5,16,0.12554368085960205,4,16
ceo2_cubic,100.0,True,True,False,False,0.0,0.0,0.40503062349245383,0.17090733335066116,0.049924426432004655,2.162736158810971,0.9232209267842159,0.9232209267842159,0.0,O-Ce,0.03402056289228807,5,16,0.03285844322730129,4,16,0.028529062412586452,3,16,0.006672723755898427,2,16,0.07208598672660242,5,16,0.07081011493544967,4,16
ceo2_cubic,300.0,True,True,False,False,0.0,0.0,0.40503062349245383,0.17090733335066116,0.06726287118614027,2.074649654090325,0.8856188807861101,0.8856188807861101,0.0,O-Ce,0.04558004837518302,5,16,0.04445378598041584,4,16,0.038528578767285715,3,16,0.008400738015122044,2,16,0.07151068608325334,5,16,0.07092299463355649,4,16
ceo2_cubic,600.0,True,True,False,False,0.0,0.0,0.40503062349245383,0.17090733335066116,0.0865877533930348,1.9670117074576041,0.8396707865432856,0.8396707865432856,0.0,O-Ce,0.06330579306798129,5,16,0.060207723214712544,4,16,0.0573840379952333,3,16,0.012306778401922115,2,16,0.07180483187659073,5,16,0.07205828692290225,4,16
ceo2_cubic,900.0,True,True,False,False,0.0,0.0,0.40503062349245383,0.17090733335066116,0.10738964328633487,1.881559210015031,0.8031931359692409,0.8031931359692409,0.0,O-Ce,0.07367842426733326,5,16,0.07214812459854766,4,16,0.0748216373980003,3,16,0.015958524962913723,2,16,0.0689939201986505,5,16,0.0685463723461516,4,16
cspbi3_cubic,100.0,False,False,False,False,0.0,0.0,0.25483527210202006,0.28488549852921496,0.17436174617270137,2.939157747400804,0.934549363243499,0.7699668845826478,0.0,I-Cs,0.037889626387857644,5,16,0.03987811843143177,4,16,0.31280305335661174,3,16,0.030177176872815778,2,16,0.2607886130432627,5,16,0.2818231581680703,4,16
cspbi3_cubic,300.0,False,False,False,False,0.0,0.0,0.3094010944123701,0.34165792098045844,0.3052137627073156,2.8302613208237815,0.8999241083700419,0.6461358314601064,0.8125,I-Cs,0.07685407681344517,5,16,0.07842763313288667,4,16,0.1319697519558285,3,16,0.03376162073456876,2,16,0.2033740713940878,5,16,0.21318010630247608,4,16
cspbi3_cubic,600.0,True,False,True,True,0.0,0.0,0.2526311603898225,0.27783903107625624,0.44231309884675274,2.116788859973754,0.6730648203414163,0.4759286986415208,1.0,I-Cs,0.2810499177096689,5,16,0.30897533884042394,4,16,0.17250227354761952,3,16,0.04226749033819695,2,16,0.19088382239657428,5,16,0.19590270139558985,4,16
cspbi3_cubic,900.0,True,False,True,True,0.0,0.0,0.054138324425922604,0.05823195782946419,0.5421334469333471,1.709035988204257,0.5434136687453918,0.38425149015932675,1.0,I-Cs,0.49554540842778816,5,16,0.5131470075134249,4,16,0.3388214148739135,3,16,0.08131606967646335,2,16,0.1874966573733316,5,16,0.19945227484310568,4,16
cssnbr3_cubic,100.0,False,False,False,False,0.0,0.0,0.3234077400959092,0.34720040533148516,0.17781207500858748,2.6340764961234098,0.9083022400425551,0.7590764763016119,0.0,Br-Cs,0.0445713570303303,5,16,0.04516105061770684,4,16,0.047649921711417076,3,16,0.018987333946341292,2,16,0.2528209504116746,5,16,0.2668821177305889,4,16
cssnbr3_cubic,300.0,True,False,True,True,0.0,0.0,0.01916040358842921,0.01073631076400066,0.31041972642109494,2.4734091786435544,0.8528997167736395,0.6387213642302897,0.9375,Br-Cs,0.08956425546669768,5,16,0.08931962640958686,4,16,0.10325100391933253,3,16,0.0241764432194494,2,16,0.14603357114133314,5,16,0.15191234998828285,4,16
cssnbr3_cubic,600.0,True,False,True,True,0.2,0.0,0.022409546327375494,0.012178037128287064,0.44242587304396175,1.6741751332202557,0.5773017700759503,0.4082139964117016,1.0,Br-Cs,0.3586561715974574,5,16,0.36553056924353644,4,16,0.23958215216536988,3,16,0.05415848971273114,2,16,0.1594699784973769,5,16,0.16712274229455648,4,16
cssnbr3_cubic,900.0,True,True,False,False,0.4,0.5,0.02378557961225867,0.012586498436067255,0.5495649329901571,0.8976654277061393,0.3095398026572894,0.2188776935061151,1.0,Br-Cs,1.6769870356851477,5,16,1.5047649799263647,4,16,1.4031662434108063,3,16,0.12829281373184123,2,16,0.28079763859662626,5,16,0.2886429140422947,4,16
cssni3_cubic,100.0,False,False,False,False,0.2,0.0,0.23641200980452418,0.2579928381369006,0.18171483380408968,2.7358007532757957,0.8796786988025068,0.7610187596093306,0.0,I-Cs,0.044396409840304144,5,16,0.044682055958329706,4,16,0.1739152323799502,3,16,0.033553084166563704,2,16,0.2834544921158326,5,16,0.3025760085348493,4,16
cssni3_cubic,300.0,False,False,False,False,0.2,0.0,0.10805645275493697,0.03070394776628347,0.3195567726651415,2.229993355617229,0.7170396641856043,0.5070236089253656,1.0,I-Cs,0.10232481720238495,5,16,0.10326049532577415,4,16,0.13462231481128623,3,16,0.03612359209984324,2,16,0.19843629194778434,5,16,0.2078634889277023,4,16
cssni3_cubic,600.0,True,False,True,True,0.2,0.0,0.1356843923774887,0.03901003903152588,0.44340412848455873,2.2731309216917244,0.7309102642095578,0.5168316042614295,1.0,I-Cs,0.17943835480813264,5,16,0.1925901837579804,4,16,0.16283468684140362,3,16,0.03302455341186028,2,16,0.17958562357373936,5,16,0.191222154066267,4,16
cssni3_cubic,900.0,True,False,True,True,0.4,0.25,0.155261538999851,0.043871531795361705,0.5510003630252523,1.3803702154284097,0.44384894386765594,0.3138485980313068,1.0,I-Cs,1.900826081462014,5,16,2.0613773912394495,4,16,1.6002443777915079,3,16,0.1393154265832117,2,16,0.32933268724831766,5,16,0.3579021454939272,4,16
cu_fcc,100.0,True,True,False,False,0.0,0.0,0.6124824407524956,0.5650749076747673,0.04623765174298981,2.3642755591930906,0.9262023714676185,0.9262023714676185,0.0,Cu-Cu,0.035030458511137993,5,16,0.031235759033861395,4,16,0.03374914177959849,3,16,0.012105611950278213,2,16,0.10814262507618344,5,16,0.10452250441758394,4,16
cu_fcc,300.0,True,True,False,False,0.0,0.0,0.6124824407524956,0.5650749076747673,0.0753749269444712,2.30235999901497,0.9019470183025698,0.9019470183025698,0.0,Cu-Cu,0.03901496784632887,5,16,0.03515294481699936,4,16,0.039078132829014955,3,16,0.013126482346408404,2,16,0.08408506818281783,5,16,0.07518565383784959,4,16
cu_fcc,600.0,True,True,False,False,0.0,0.0,0.6124824407524956,0.5650749076747673,0.10464127628974415,2.1750417455672384,0.8520702313874904,0.8520702313874904,0.0,Cu-Cu,0.04996806494803686,5,16,0.04277898230949279,4,16,0.04176339509094331,3,16,0.012082041770720545,2,16,0.07511110241217302,5,16,0.06746950789671971,4,16
cu_fcc,900.0,True,True,False,False,0.0,0.0,0.6124824407524956,0.5650749076747673,0.10976054110918354,2.1097853700976685,0.8265061174760286,0.8265061174760286,0.0,Cu-Cu,0.05720945543682732,5,16,0.051098581607085525,4,16,0.05492439996507868,3,16,0.014356551493604208,2,16,0.07159442597911858,5,16,0.06458239320733603,4,16
hfo2_cubic,100.0,False,False,False,False,0.0,0.0,12.224572651003538,13.133156045311766,0.050380587847370296,1.9762787760482812,0.898429199484425,0.898429199484425,0.0,O-Hf,0.05851761364494355,5,16,0.05859795493151243,4,16,0.04563608236671658,3,16,0.010886139494928806,2,16,0.09544718573641556,5,16,0.09694937815232235,4,16
hfo2_cubic,300.0,False,False,False,False,0.0,0.0,0.22769754199608194,0.14285658943679896,0.06574445160656772,1.934693697186947,0.8795243518664226,0.8795243518664226,0.0,O-Hf,0.07012861374379833,5,16,0.0703108960329728,4,16,0.060094289018251056,3,16,0.014258715706207646,2,16,0.09295841948008159,5,16,0.09494867164274327,4,16
hfo2_cubic,600.0,False,False,False,False,0.2,0.25,0.2834201662984128,0.1889639916956485,0.0859204154168852,1.847909241745826,0.8400715733542916,0.8400715733542916,0.0,O-Hf,0.08721311461633607,5,16,0.08712714417337197,4,16,0.07376781609570734,3,16,0.017725337611684357,2,16,0.07839899858486801,5,16,0.07923598784284941,4,16
hfo2_cubic,900.0,False,False,False,False,0.2,0.25,0.3139303347673948,0.20155713521826082,0.10772123019600999,1.714278847198438,0.7793223259024409,0.7793223259024409,0.0,O-Hf,0.10104414399006047,5,16,0.0997415274655662,4,16,0.09832882264240231,3,16,0.01898429535420245,2,16,0.066156672736118,5,16,0.06626355489007553,4,16
knbo3_cubic,100.0,False,False,False,False,0.0,0.0,0.4066976001724169,0.2857656691383537,0.06028512594478684,1.8059826384339268,0.898498825091506,0.8871914756101188,0.0,O-K,0.03131250667191228,5,16,0.027881890904066477,4,16,0.038710601058495796,3,16,0.011866369753928754,2,16,0.05326821420569049,5,16,0.047155511518375604,4,16
knbo3_cubic,300.0,False,True,True,True,0.19999999999999996,0.0,0.5911977906541319,0.40533936264549325,0.08632766017847278,1.7287149710467813,0.8600571995257619,0.8475606684969197,0.0,O-K,0.04153116925985703,5,16,0.037620679132312165,4,16,0.0498859489591507,3,16,0.01353024696248282,2,16,0.050574048815212935,5,16,0.045727020564942135,4,16
knbo3_cubic,600.0,False,True,True,True,0.0,0.0,0.7450869208580141,0.5071528796511352,0.11499243118369859,1.5971025513740547,0.7945783837681865,0.7945783837681865,0.0,O-Nb,0.05321142749656746,5,16,0.051575721581174336,4,16,0.06431774952905549,3,16,0.016994467022282668,2,16,0.043890805435110494,5,16,0.042002693572505814,4,16
knbo3_cubic,900.0,True,True,False,False,0.0,0.0,0.8493501582378182,0.5766344932999334,0.13656208040455806,1.5210203667461115,0.7567265506199561,0.7567265506199561,0.0,O-Nb,0.0728593105804981,5,16,0.07389465775433027,4,16,0.07719597838284306,3,16,0.022613808408706144,2,16,0.034270171073762165,5,16,0.03421676279744551,4,16
mgo_rocksalt,100.0,True,True,False,False,0.0,0.0,0.9321918160492393,0.5177056940222718,0.04893570378025496,1.8310933307818111,0.8698780668797205,0.8698780668797205,0.0,O-Mg,0.05140593617324778,5,16,0.05200824256337866,4,16,0.038510533403308664,3,16,0.010424584776522729,2,16,0.09207602926069583,5,16,0.0953694341625779,4,16
mgo_rocksalt,300.0,True,True,False,False,0.0,0.0,0.9321918160492393,0.5177056940222718,0.060675763515368346,1.8573207698440124,0.8823376578831414,0.8823376578831414,0.0,O-Mg,0.05804557662756303,5,16,0.058349117932748995,4,16,0.042337092153347314,3,16,0.011926684066582191,2,16,0.08505330825532252,5,16,0.08701205514207198,4,16
mgo_rocksalt,600.0,True,True,False,False,0.0,0.0,0.9321918160492393,0.5177056940222718,0.07818724162825914,1.773818078732035,0.8426689210128434,0.8426689210128434,0.0,O-Mg,0.06846050613206034,5,16,0.06999106658641074,4,16,0.05161247273005036,3,16,0.013476830521816027,2,16,0.07256175062818233,5,16,0.0726758171617052,4,16
mgo_rocksalt,900.0,True,True,False,False,0.0,0.0,0.9321918160492393,0.5177056940222718,0.09219473103097756,1.7263391564963892,0.8201136135374772,0.8199081912098546,0.0,O-O,0.07325947009794728,5,16,0.07679232182929979,4,16,0.059901797577771615,3,16,0.015140666626336039,2,16,0.06841965308067194,5,16,0.07026411258544288,4,16
nacl_rocksalt,100.0,True,True,False,False,0.0,0.0,0.4231030129988871,0.45720323485715864,0.0848421760045449,2.4036964517045654,0.8523746282640304,0.8523746282640304,0.0,Na-Cl,0.01811771654860353,5,16,0.017421840518149566,4,16,0.013683769618500222,3,16,0.005722024762299074,2,16,0.09535581368929869,5,16,0.09358035626473803,4,16
nacl_rocksalt,300.0,True,True,False,False,0.0,0.0,0.4231030129988871,0.45720323485715864,0.14049009248061373,2.312497684891139,0.820034640032319,0.820034640032319,0.0,Na-Cl,0.02624537227716811,5,16,0.02415706340061974,4,16,0.019740625672758805,3,16,0.007382229132352923,2,16,0.08504845653657472,5,16,0.08365282104562102,4,16
nacl_rocksalt,600.0,True,True,False,False,0.0,0.0,0.4231030129988871,0.45720323485715864,0.19618522035190852,2.17248350396554,0.7703842212643761,0.7600673871547535,0.0,Na-Na,0.044726800517962136,5,16,0.041820068727419474,4,16,0.025326123074327363,3,16,0.008334019597895446,2,16,0.08900037542799485,5,16,0.08493502815148019,4,16
nacl_rocksalt,900.0,True,True,False,False,0.0,0.0,0.4231030129988871,0.45720323485715864,0.24513976730617626,1.8638832865365167,0.6609515200484103,0.6609515200484103,0.3125,Na-Cl,0.0827823540415927,5,16,0.08349513397026384,4,16,0.03348489850624566,3,16,0.010682407032559158,2,16,0.09423802491643626,5,16,0.09699652881771384,4,16
pbtio3_cubic,100.0,False,True,True,True,0.4,0.5,0.8300471332675309,0.27054819562786475,0.09024906157934062,1.7367855213017316,0.8749549225701418,0.7901872233084107,0.0,O-Pb,0.04925780286994268,5,16,0.047807415289279814,4,16,0.03768036823936993,3,16,0.015726715456026684,2,16,0.08879418982191706,5,16,0.08696198515989972,4,16
pbtio3_cubic,300.0,False,True,True,True,0.4,0.5,1.025442321263326,0.3990028588967238,0.14483909009568274,1.5592446901662502,0.7855136978167507,0.6652439810776454,0.375,O-Pb,0.08810081540934092,5,16,0.08689279754477867,4,16,0.0645703242283347,3,16,0.020946627212837143,2,16,0.09151405130431896,5,16,0.09074261687146917,4,16
pbtio3_cubic,600.0,False,True,True,True,0.19999999999999996,0.25,1.1835637313667782,0.49933071331459555,0.20796052861765696,1.5613975066336463,0.7865982401177058,0.556208949656634,1.0,O-Pb,0.20627831347756645,5,16,0.19637441131826544,4,16,0.19238137139753064,3,16,0.037772650665465174,2,16,0.08576130848419808,5,16,0.08486127531510226,4,16
pbtio3_cubic,900.0,True,True,False,False,0.0,0.0,1.2931118444979701,0.5658210379836581,0.2525850162708213,1.1469503398138559,0.5778087354225974,0.40857247504614225,1.0,O-Pb,0.25493357994281857,5,16,0.23988333049470145,4,16,0.2600634789513953,3,16,0.04724169156872719,2,16,0.0761758298537489,5,16,0.07632519812971035,4,16
si_diamond,100.0,True,True,False,False,0.0,0.0,0.48923764673792225,0.537700406140462,0.048051267300709494,2.194584873781799,0.9333658693461528,0.9333658693461528,0.0,Si-Si,0.10594219420463359,5,16,0.08926423497995198,4,16,0.0412603734509805,3,16,0.018245209365095952,2,16,0.21757118233184178,5,16,0.19863710322725198,4,16
si_diamond,300.0,True,True,False,False,0.0,0.0,0.48923764673792225,0.537700406140462,0.06526490296859562,2.1753969934410184,0.9252051858250273,0.9252051858250273,0.0,Si-Si,0.12389578582996624,5,16,0.1055295478247347,4,16,0.04488664073436947,3,16,0.020876766312368872,2,16,0.22044101394919308,5,16,0.20126784308238432,4,16
si_diamond,600.0,True,True,False,False,0.0,0.0,0.48923764673792225,0.537700406140462,0.08205298116322658,2.1339194294359873,0.9075646092182983,0.9075646092182983,0.0,Si-Si,0.1484010316287647,5,16,0.13092290490584357,4,16,0.056116299995004684,3,16,0.02473347424147095,2,16,0.21171620097898403,5,16,0.19665169827173984,4,16
si_diamond,900.0,True,True,False,False,0.0,0.0,0.48923764673792225,0.537700406140462,0.10615769973329996,2.0862504146872802,0.887290783437694,0.887290783437694,0.0,Si-Si,0.18173859391431577,5,16,0.16022153616859997,4,16,0.06746393021303396,3,16,0.027567592917444747,2,16,0.1791327999647349,5,16,0.16814132741534396,4,16
srtio3_cubic,100.0,False,False,False,False,0.4,0.25,0.15664226528145722,0.05694306595722837,0.059719578383521016,1.7220171667059634,0.88195501495824,0.88195501495824,0.0,O-Ti,0.03277520142521333,5,16,0.029808673559392408,4,16,0.028066892706483826,3,16,0.011201760016445165,2,16,0.052958785215148116,5,16,0.048638143543450654,4,16
srtio3_cubic,300.0,True,True,False,False,0.0,0.0,0.08713785615502367,0.07046068235298297,0.09034340140809687,1.6936301898137052,0.8674162303783383,0.8440263761458201,0.0,O-Sr,0.04156464273132401,5,16,0.037934425920044396,4,16,0.034889625124776905,3,16,0.012389578928916505,2,16,0.05539052525841022,5,16,0.050835337154998474,4,16
srtio3_cubic,600.0,True,True,False,False,0.0,0.0,0.24220520685192726,0.08816499711390392,0.12812817079180178,1.587225026058323,0.812919347533072,0.7415834611724095,0.125,O-Sr,0.05782640438913536,5,16,0.05467381151221945,4,16,0.05792538859797802,3,16,0.014174716700186158,2,16,0.04866257644402543,5,16,0.04646326649976921,4,16
srtio3_cubic,900.0,True,True,False,False,0.0,0.0,0.35569273513129435,0.10484806734387156,0.1540770352557026,1.5041602199508186,0.7703765531118151,0.7003500339897957,0.1875,O-Sr,0.07028231870613488,5,16,0.06657395235498789,4,16,0.07361661066770459,3,16,0.016720221199719415,2,16,0.0520428706517706,5,16,0.04924022271007106,4,16
zro2_cubic,100.0,False,False,False,False,0.0,0.0,2.1558311957606873,0.09830866097227525,0.050269345527338756,1.9578841910388982,0.8883182434093686,0.8883182434093686,0.0,O-Zr,0.05799903220059323,5,16,0.05603432357105078,4,16,0.03876240042237758,3,16,0.014026065217648168,2,16,0.08944717081311902,5,16,0.0906605120690038,4,16
zro2_cubic,300.0,False,False,False,False,0.0,0.0,1.0662863079834337,0.03313693251434623,0.06502104934613083,1.9251640300811486,0.8734726687634868,0.8734726687634868,0.0,O-Zr,0.06913188044729954,5,16,0.0674424955558414,4,16,0.04876870203564604,3,16,0.016615203619650958,2,16,0.09087041448442029,5,16,0.08976010834109269,4,16
zro2_cubic,600.0,False,False,False,False,0.0,0.0,0.2197024342503673,0.04268434161487247,0.08682393291179516,1.8054763848549542,0.8191687833489361,0.8191687833489361,0.0,O-Zr,0.07785474738512582,5,16,0.07583020490362403,4,16,0.07431896724633155,3,16,0.01788787224216127,2,16,0.0709027263376523,5,16,0.07067282570585054,4,16
zro2_cubic,900.0,False,False,False,False,0.0,0.0,0.25337599674945244,0.04905294442045169,0.11014445743819704,1.8029251766033887,0.8180112660437886,0.8180112660437886,0.0,O-Zr,0.08902646321133026,5,16,0.08368015145260047,4,16,0.10103991360762624,3,16,0.020742450477828318,2,16,0.061825595187562477,5,16,0.058538910341536105,4,16
