system,model,T,pred_stable,gt_stable,wrong,loo_5model,loo_5model__n_models,loo_5model__n_cfg,loo_ex_orb,loo_ex_orb__n_models,loo_ex_orb__n_cfg,committee,committee__n_models,committee__n_cfg
batio3_cubic,chgnet,100.0,False,False,False,0.06718277567113762,5,16,0.06184475852223627,4,16,,0,0
batio3_cubic,chgnet,300.0,True,False,True,0.07840443458541682,5,16,0.0734696508672735,4,16,,0,0
batio3_cubic,chgnet,600.0,True,True,False,0.10753996602005565,5,16,0.10180824670876336,4,16,,0,0
batio3_cubic,chgnet,900.0,True,True,False,0.13378918011226804,5,16,0.1274327790413228,4,16,,0,0
batio3_cubic,mace_mp0,100.0,False,False,False,0.044423130886695736,5,16,0.04244574899500095,4,16,0.03850984495681145,3,16
batio3_cubic,mace_mp0,300.0,True,False,True,0.05280388398389725,5,16,0.05114983862277442,4,16,0.04470117971507775,3,16
batio3_cubic,mace_mp0,600.0,True,True,False,0.10387412009683136,5,16,0.10439511007124483,4,16,0.06229121937023485,3,16
batio3_cubic,mace_mp0,900.0,True,True,False,0.1280071564224751,5,16,0.12843605829428556,4,16,0.08278798142796487,3,16
batio3_cubic,mattersim,100.0,False,False,False,0.033051278310644916,5,16,0.04400511945215696,4,16,0.00860929934036836,2,16
batio3_cubic,mattersim,300.0,True,False,True,0.03914672774415562,5,16,0.05188929199628277,4,16,0.01037140161563152,2,16
batio3_cubic,mattersim,600.0,True,True,False,0.06080364123197739,5,16,0.07603415590540011,4,16,0.015410664001093009,2,16
batio3_cubic,mattersim,900.0,True,True,False,0.08331664234182183,5,16,0.10188274985898434,4,16,0.0219315191387797,2,16
batio3_cubic,orb_v2,100.0,False,False,False,0.05254849463099861,5,16,,0,0,,0,0
batio3_cubic,orb_v2,300.0,False,False,False,0.057871263070611356,5,16,,0,0,,0,0
batio3_cubic,orb_v2,600.0,True,True,False,0.07837792394535575,5,16,,0,0,,0,0
batio3_cubic,orb_v2,900.0,True,True,False,0.09238024140835713,5,16,,0,0,,0,0
batio3_cubic,sevennet0,100.0,False,False,False,0.025145549441874283,5,16,0.030293368730262032,4,16,,0,0
batio3_cubic,sevennet0,300.0,True,False,True,0.035505846496825644,5,16,0.039286350272829784,4,16,,0,0
batio3_cubic,sevennet0,600.0,True,True,False,0.05053679303768521,5,16,0.05832263177026269,4,16,,0,0
batio3_cubic,sevennet0,900.0,True,True,False,0.07070816578110362,5,16,0.07594750987966617,4,16,,0,0
c_diamond,chgnet,100.0,True,True,False,0.3738326506121496,5,16,0.34961693069015043,4,16,,0,0
c_diamond,chgnet,300.0,True,True,False,0.3782023025799923,5,16,0.35479832864607025,4,16,,0,0
c_diamond,chgnet,600.0,True,True,False,0.41383619170977626,5,16,0.3771638986770933,4,16,,0,0
c_diamond,chgnet,900.0,True,True,False,0.4153117552014729,5,16,0.3790298248192487,4,16,,0,0
c_diamond,mace_mp0,100.0,True,True,False,0.2347385787304638,5,16,0.20534810913108165,4,16,0.12506351901171647,3,16
c_diamond,mace_mp0,300.0,True,True,False,0.25239799214763714,5,16,0.2202910168258284,4,16,0.12054136553472729,3,16
c_diamond,mace_mp0,600.0,True,True,False,0.2762978463606698,5,16,0.25044029764409115,4,16,0.145729340732208,3,16
c_diamond,mace_mp0,900.0,True,True,False,0.312876002553305,5,16,0.281536631828718,4,16,0.18832021817521988,3,16
c_diamond,mattersim,100.0,True,True,False,0.33997502435238025,5,16,0.42503326979546696,4,16,0.03014687979591888,2,16
c_diamond,mattersim,300.0,True,True,False,0.3433942927882177,5,16,0.43000314353596536,4,16,0.032920620661419514,2,16
c_diamond,mattersim,600.0,True,True,False,0.3398784425915513,5,16,0.42665849664729305,4,16,0.037052169308145574,2,16
c_diamond,mattersim,900.0,True,True,False,0.37282336965006113,5,16,0.4691403573955386,4,16,0.04519878793764363,2,16
c_diamond,orb_v2,100.0,True,True,False,0.29415104016557464,5,16,,0,0,,0,0
c_diamond,orb_v2,300.0,True,True,False,0.30850333427380333,5,16,,0,0,,0,0
c_diamond,orb_v2,600.0,True,True,False,0.3235426999250123,5,16,,0,0,,0,0
c_diamond,orb_v2,900.0,True,True,False,0.3570094449916938,5,16,,0,0,,0,0
c_diamond,sevennet0,100.0,True,True,False,0.21114319098566392,5,16,0.18619526197254221,4,16,,0,0
c_diamond,sevennet0,300.0,True,True,False,0.20293884535055262,5,16,0.19540481730213427,4,16,,0,0
c_diamond,sevennet0,600.0,True,True,False,0.22215358515080402,5,16,0.21903340091785067,4,16,,0,0
c_diamond,sevennet0,900.0,True,True,False,0.2439440812173231,5,16,0.22718842921235494,4,16,,0,0
ceo2_cubic,chgnet,100.0,True,True,False,0.05223318264238772,5,16,0.04698263544456543,4,16,,0,0
ceo2_cubic,chgnet,300.0,True,True,False,0.07083469245493373,5,16,0.06377312643444946,4,16,,0,0
ceo2_cubic,chgnet,600.0,True,True,False,0.10019633799034981,5,16,0.09230942985985031,4,16,,0,0
ceo2_cubic,chgnet,900.0,True,True,False,0.12771805372191725,5,16,0.11839429677093588,4,16,,0,0
ceo2_cubic,mace_mp0,100.0,True,True,False,0.040492257827885555,5,16,0.03539267529417341,4,16,0.028529062412586452,3,16
ceo2_cubic,mace_mp0,300.0,True,True,False,0.05349742601160739,5,16,0.04633749017414883,4,16,0.038528578767285715,3,16
ceo2_cubic,mace_mp0,600.0,True,True,False,0.07701825375676791,5,16,0.06541759983334311,4,16,0.0573840379952333,3,16
ceo2_cubic,mace_mp0,900.0,True,True,False,0.08374771912021062,5,16,0.0753681407327911,4,16,0.0748216373980003,3,16
ceo2_cubic,mattersim,100.0,True,True,False,0.04295254059831635,5,16,0.0533815072258781,4,16,0.006672723755898427,2,16
ceo2_cubic,mattersim,300.0,True,True,False,0.05594568209687671,5,16,0.07225560578350693,4,16,0.008400738015122044,2,16
ceo2_cubic,mattersim,600.0,True,True,False,0.07661132799132019,5,16,0.09976788981523996,4,16,0.012306778401922115,2,16
ceo2_cubic,mattersim,900.0,True,True,False,0.08934304579431955,5,16,0.11296407254512808,4,16,0.015958524962913723,2,16
ceo2_cubic,orb_v2,100.0,True,True,False,0.042412010468924496,5,16,,0,0,,0,0
ceo2_cubic,orb_v2,300.0,True,True,False,0.0556029866254522,5,16,,0,0,,0,0
ceo2_cubic,orb_v2,600.0,True,True,False,0.0794564697660734,5,16,,0,0,,0,0
ceo2_cubic,orb_v2,900.0,True,True,False,0.0882308822351075,5,16,,0,0,,0,0
ceo2_cubic,sevennet0,100.0,True,True,False,0.02754925535533078,5,16,0.034725148963478045,4,16,,0,0
ceo2_cubic,sevennet0,300.0,True,True,False,0.034669730998037294,5,16,0.04276973261841701,4,16,,0,0
ceo2_cubic,sevennet0,600.0,True,True,False,0.045751517272946095,5,16,0.056769726323976685,4,16,,0,0
ceo2_cubic,sevennet0,900.0,True,True,False,0.0597624188154805,5,16,0.07140103653851343,4,16,,0,0
cspbi3_cubic,chgnet,100.0,False,False,False,0.07455595769271842,5,16,0.07604196588049758,4,16,,0,0
cspbi3_cubic,chgnet,300.0,False,False,False,0.12840110639503785,5,16,0.1231732770628513,4,16,,0,0
cspbi3_cubic,chgnet,600.0,False,True,True,0.44303412103422457,5,16,0.4582282160860329,4,16,,0,0
cspbi3_cubic,chgnet,900.0,False,True,True,0.7513577974460564,5,16,0.7243713015427412,4,16,,0,0
cspbi3_cubic,mace_mp0,100.0,False,False,False,0.027260281693377936,5,16,0.034084978710638404,4,16,0.31280305335661174,3,16
cspbi3_cubic,mace_mp0,300.0,False,False,False,0.06638229210373804,5,16,0.06530175570984145,4,16,0.1319697519558285,3,16
cspbi3_cubic,mace_mp0,600.0,False,True,True,0.4522072664778065,5,16,0.4629538843255374,4,16,0.17250227354761952,3,16
cspbi3_cubic,mace_mp0,900.0,False,True,True,0.5394476941807751,5,16,0.5270732001569286,4,16,0.3388214148739135,3,16
cspbi3_cubic,mattersim,100.0,False,False,False,0.052843197509652745,5,16,0.05663823515242081,4,16,0.030177176872815778,2,16
cspbi3_cubic,mattersim,300.0,False,False,False,0.10575695468509402,5,16,0.12005763382847864,4,16,0.03376162073456876,2,16
cspbi3_cubic,mattersim,600.0,False,True,True,0.24718395897577172,5,16,0.31851590574999167,4,16,0.04226749033819695,2,16
cspbi3_cubic,mattersim,900.0,False,True,True,0.6701532194925499,5,16,0.8287209400485962,4,16,0.08131606967646335,2,16
cspbi3_cubic,orb_v2,100.0,False,False,False,0.031563528648560796,5,16,,0,0,,0,0
cspbi3_cubic,orb_v2,300.0,False,False,False,0.07817139940530032,5,16,,0,0,,0,0
cspbi3_cubic,orb_v2,600.0,False,True,True,0.21320145000514198,5,16,,0,0,,0,0
cspbi3_cubic,orb_v2,900.0,False,True,True,0.443763064795467,5,16,,0,0,,0,0
cspbi3_cubic,sevennet0,100.0,False,False,False,0.03665924928294516,5,16,0.039680792076900964,4,16,,0,0
cspbi3_cubic,sevennet0,300.0,False,False,False,0.06597757777989702,5,16,0.0674309468705478,4,16,,0,0
cspbi3_cubic,sevennet0,600.0,False,True,True,0.21773722009654903,5,16,0.21177918532110918,4,16,,0,0
cspbi3_cubic,sevennet0,900.0,False,True,True,0.5364517882818065,5,16,0.45502034412755127,4,16,,0,0
cssnbr3_cubic,chgnet,100.0,False,False,False,0.08913234073243476,5,16,0.08391334413214,4,16,,0,0
cssnbr3_cubic,chgnet,300.0,False,True,True,0.15228728550153575,5,16,0.14444912687702097,4,16,,0,0
cssnbr3_cubic,chgnet,600.0,False,True,True,0.4294279698373988,5,16,0.4849103969129903,4,16,,0,0
cssnbr3_cubic,chgnet,900.0,False,True,True,2.6051114103439135,5,16,2.223612050546199,4,16,,0,0
cssnbr3_cubic,mace_mp0,100.0,False,False,False,0.04311408523202132,5,16,0.04304796560054207,4,16,0.047649921711417076,3,16
cssnbr3_cubic,mace_mp0,300.0,False,True,True,0.11332424043404701,5,16,0.10928986497773646,4,16,0.10325100391933253,3,16
cssnbr3_cubic,mace_mp0,600.0,False,True,True,0.6100357977122557,5,16,0.5247807240467783,4,16,0.23958215216536988,3,16
cssnbr3_cubic,mace_mp0,900.0,True,True,False,1.202873290576913,5,16,0.8700834787418943,4,16,1.4031662434108063,3,16
cssnbr3_cubic,mattersim,100.0,False,False,False,0.04631165649218056,5,16,0.06023315443130584,4,16,0.018987333946341292,2,16
cssnbr3_cubic,mattersim,300.0,False,True,True,0.10267453313654629,5,16,0.12979206343940602,4,16,0.0241764432194494,2,16
cssnbr3_cubic,mattersim,600.0,False,True,True,0.32202503983880043,5,16,0.43268038588198576,4,16,0.05415848971273114,2,16
cssnbr3_cubic,mattersim,900.0,True,True,False,2.093235806859907,5,16,2.8783595024433066,4,16,0.12829281373184123,2,16
cssnbr3_cubic,orb_v2,100.0,False,False,False,0.04788919472812446,5,16,,0,0,,0,0
cssnbr3_cubic,orb_v2,300.0,False,True,True,0.08969634471584526,5,16,,0,0,,0,0
cssnbr3_cubic,orb_v2,600.0,True,True,False,0.34101870159658565,5,16,,0,0,,0,0
cssnbr3_cubic,orb_v2,900.0,True,True,False,2.1109437132246516,5,16,,0,0,,0,0
cssnbr3_cubic,sevennet0,100.0,False,False,False,0.028405176172366937,5,16,0.03562780842084152,4,16,,0,0
cssnbr3_cubic,sevennet0,300.0,False,True,True,0.05607412107944457,5,16,0.07425288528656104,4,16,,0,0
cssnbr3_cubic,sevennet0,600.0,False,True,True,0.25404185873760343,5,16,0.21702296965292028,4,16,,0,0
cssnbr3_cubic,sevennet0,900.0,False,True,True,1.2822087762172971,5,16,1.2828462488220875,4,16,,0,0
cssni3_cubic,chgnet,100.0,False,False,False,0.0904448589677733,5,16,0.08592926078851348,4,16,,0,0
cssni3_cubic,chgnet,300.0,False,False,False,0.1804729734247678,5,16,0.16975875846461536,4,16,,0,0
cssni3_cubic,chgnet,600.0,False,True,True,0.30921575035807863,5,16,0.30240997276119014,4,16,,0,0
cssni3_cubic,chgnet,900.0,False,True,True,2.9275295987126526,5,16,2.852530389345999,4,16,,0,0
cssni3_cubic,mace_mp0,100.0,False,False,False,0.031436686143957115,5,16,0.03659559516397999,4,16,0.1739152323799502,3,16
cssni3_cubic,mace_mp0,300.0,False,False,False,0.1215327148939238,5,16,0.1138549667095892,4,16,0.13462231481128623,3,16
cssni3_cubic,mace_mp0,600.0,False,True,True,0.2456837284634453,5,16,0.24737108159911406,4,16,0.16283468684140362,3,16
cssni3_cubic,mace_mp0,900.0,False,True,True,3.2736258389001103,5,16,3.7340943001641405,4,16,1.6002443777915079,3,16
cssni3_cubic,mattersim,100.0,False,False,False,0.050052824328477116,5,16,0.06154851116077753,4,16,0.033553084166563704,2,16
cssni3_cubic,mattersim,300.0,False,False,False,0.12691423536913635,5,16,0.15705875501855918,4,16,0.03612359209984324,2,16
cssni3_cubic,mattersim,600.0,False,True,True,0.18594728472487881,5,16,0.2265978356437782,4,16,0.03302455341186028,2,16
cssni3_cubic,mattersim,900.0,True,True,False,1.0238717709148715,5,16,1.3560006950323595,4,16,0.1393154265832117,2,16
cssni3_cubic,orb_v2,100.0,True,False,True,0.045626664062313776,5,16,,0,0,,0,0
cssni3_cubic,orb_v2,300.0,True,False,True,0.10629585144295021,5,16,,0,0,,0,0
cssni3_cubic,orb_v2,600.0,True,True,False,0.13615987029864696,5,16,,0,0,,0,0
cssni3_cubic,orb_v2,900.0,True,True,False,0.9279141863291281,5,16,,0,0,,0,0
cssni3_cubic,sevennet0,100.0,False,False,False,0.033947451391858986,5,16,0.039300933114923095,4,16,,0,0
cssni3_cubic,sevennet0,300.0,False,False,False,0.0715047577487132,5,16,0.08199334663381443,4,16,,0,0
cssni3_cubic,sevennet0,600.0,False,True,True,0.1188953869619162,5,16,0.13135065456105013,4,16,,0,0
cssni3_cubic,sevennet0,900.0,False,True,True,1.3341353472960622,5,16,1.2180057979440095,4,16,,0,0
cu_fcc,chgnet,100.0,True,True,False,0.07026038124754796,5,16,0.06289061221463968,4,16,,0,0
cu_fcc,chgnet,300.0,True,True,False,0.0724398736109942,5,16,0.0620381711411476,4,16,,0,0
cu_fcc,chgnet,600.0,True,True,False,0.07060144524115956,5,16,0.05875367177682858,4,16,,0,0
cu_fcc,chgnet,900.0,True,True,False,0.07832681636480665,5,16,0.06436033346752074,4,16,,0,0
cu_fcc,mace_mp0,100.0,True,True,False,0.010826209645669261,5,16,0.005593738278756719,4,16,0.03374914177959849,3,16
cu_fcc,mace_mp0,300.0,True,True,False,0.02519806863884865,5,16,0.012960735474745617,4,16,0.039078132829014955,3,16
cu_fcc,mace_mp0,600.0,True,True,False,0.04562287322289725,5,16,0.030199538878521233,4,16,0.04176339509094331,3,16
cu_fcc,mace_mp0,900.0,True,True,False,0.061856521082367485,5,16,0.044853926628647345,4,16,0.05492439996507868,3,16
cu_fcc,mattersim,100.0,True,True,False,0.03755545976861788,5,16,0.052986791647045964,4,16,0.012105611950278213,2,16
cu_fcc,mattersim,300.0,True,True,False,0.04786367396263345,5,16,0.06599321100998773,4,16,0.013126482346408404,2,16
cu_fcc,mattersim,600.0,True,True,False,0.061809723498403496,5,16,0.08516566763221396,4,16,0.012082041770720545,2,16
cu_fcc,mattersim,900.0,True,True,False,0.07490380734780802,5,16,0.10149141022048624,4,16,0.014356551493604208,2,16
cu_fcc,orb_v2,100.0,True,True,False,0.046820007054484386,5,16,,0,0,,0,0
cu_fcc,orb_v2,300.0,True,True,False,0.059817832455151994,5,16,,0,0,,0,0
cu_fcc,orb_v2,600.0,True,True,False,0.0771482783943731,5,16,,0,0,,0,0
cu_fcc,orb_v2,900.0,True,True,False,0.08920265582003115,5,16,,0,0,,0,0
cu_fcc,sevennet0,100.0,True,True,False,0.005459414074523068,5,16,0.012219446897170715,4,16,,0,0
cu_fcc,sevennet0,300.0,True,True,False,0.010316137524493615,5,16,0.013753550466683898,4,16,,0,0
cu_fcc,sevennet0,600.0,True,True,False,0.03236459946983395,5,16,0.03346139747546582,4,16,,0,0
cu_fcc,sevennet0,900.0,True,True,False,0.048520476358758474,5,16,0.04203869375445837,4,16,,0,0
hfo2_cubic,chgnet,100.0,False,False,False,0.07595327887809586,5,16,0.07358899602488325,4,16,,0,0
hfo2_cubic,chgnet,300.0,False,False,False,0.1012896260150132,5,16,0.09787822610552127,4,16,,0,0
hfo2_cubic,chgnet,600.0,False,False,False,0.11704327747785351,5,16,0.11400152876695197,4,16,,0,0
hfo2_cubic,chgnet,900.0,False,False,False,0.12586779407052134,5,16,0.11915874969078614,4,16,,0,0
hfo2_cubic,mace_mp0,100.0,False,False,False,0.091945497957777,5,16,0.08481168647140094,4,16,0.04563608236671658,3,16
hfo2_cubic,mace_mp0,300.0,False,False,False,0.11359276575782001,5,16,0.1081376321071924,4,16,0.060094289018251056,3,16
hfo2_cubic,mace_mp0,600.0,True,False,True,0.13484922175977576,5,16,0.13046916857022614,4,16,0.07376781609570734,3,16
hfo2_cubic,mace_mp0,900.0,True,False,True,0.15665035539536,5,16,0.15458276169805,4,16,0.09832882264240231,3,16
hfo2_cubic,mattersim,100.0,False,False,False,0.05210908529611975,5,16,0.06456606991802685,4,16,0.010886139494928806,2,16
hfo2_cubic,mattersim,300.0,False,False,False,0.06943007042321366,5,16,0.08481109890652555,4,16,0.014258715706207646,2,16
hfo2_cubic,mattersim,600.0,False,False,False,0.08207324190408173,5,16,0.10002970391161733,4,16,0.017725337611684357,2,16
hfo2_cubic,mattersim,900.0,False,False,False,0.08665169811468476,5,16,0.10652388267343096,4,16,0.01898429535420245,2,16
hfo2_cubic,orb_v2,100.0,False,False,False,0.06585295103627475,5,16,,0,0,,0,0
hfo2_cubic,orb_v2,300.0,False,False,False,0.0789006328525422,5,16,,0,0,,0,0
hfo2_cubic,orb_v2,600.0,False,False,False,0.09832960855063137,5,16,,0,0,,0,0
hfo2_cubic,orb_v2,900.0,False,False,False,0.12320121837576259,5,16,,0,0,,0,0
hfo2_cubic,sevennet0,100.0,False,False,False,0.07135960910914954,5,16,0.08246687241496845,4,16,,0,0
hfo2_cubic,sevennet0,300.0,False,False,False,0.08392364588679896,5,16,0.09677678236247139,4,16,,0,0
hfo2_cubic,sevennet0,600.0,False,False,False,0.10569434317210173,5,16,0.12253131526226432,4,16,,0,0
hfo2_cubic,sevennet0,900.0,False,False,False,0.1247907033823494,5,16,0.13590703397994025,4,16,,0,0
knbo3_cubic,chgnet,100.0,False,False,False,0.05311642615017462,5,16,0.048934303101936985,4,16,,0,0
knbo3_cubic,chgnet,300.0,True,False,True,0.0660511108923088,5,16,0.062047575758205645,4,16,,0,0
knbo3_cubic,chgnet,600.0,True,False,True,0.08386043692244113,5,16,0.08173868394299999,4,16,,0,0
knbo3_cubic,chgnet,900.0,True,True,False,0.10075861550640888,5,16,0.09918496963425635,4,16,,0,0
knbo3_cubic,mace_mp0,100.0,False,False,False,0.036620189814696474,5,16,0.03571623917501912,4,16,0.038710601058495796,3,16
knbo3_cubic,mace_mp0,300.0,True,False,True,0.050352516679405636,5,16,0.048689748840793495,4,16,0.0498859489591507,3,16
knbo3_cubic,mace_mp0,600.0,True,False,True,0.07573183050402371,5,16,0.07023111490287849,4,16,0.06431774952905549,3,16
knbo3_cubic,mace_mp0,900.0,True,True,False,0.10986648735418872,5,16,0.10608370194012903,4,16,0.07719597838284306,3,16
knbo3_cubic,mattersim,100.0,False,False,False,0.023715867432575633,5,16,0.029592649326084255,4,16,0.011866369753928754,2,16
knbo3_cubic,mattersim,300.0,True,False,True,0.03332341996760588,5,16,0.04048847582622243,4,16,0.01353024696248282,2,16
knbo3_cubic,mattersim,600.0,True,False,True,0.05378345929577545,5,16,0.06294897587174794,4,16,0.016994467022282668,2,16
knbo3_cubic,mattersim,900.0,True,True,False,0.08390032209458831,5,16,0.09592837463631006,4,16,0.022613808408706144,2,16
knbo3_cubic,orb_v2,100.0,False,False,False,0.04774312942238983,5,16,,0,0,,0,0
knbo3_cubic,orb_v2,300.0,False,False,False,0.059618873323206076,5,16,,0,0,,0,0
knbo3_cubic,orb_v2,600.0,True,False,True,0.07207381104388161,5,16,,0,0,,0,0
knbo3_cubic,orb_v2,900.0,True,True,False,0.08359607048321871,5,16,,0,0,,0,0
knbo3_cubic,sevennet0,100.0,False,False,False,0.024261943435031567,5,16,0.030445894089840053,4,16,,0,0
knbo3_cubic,sevennet0,300.0,True,False,True,0.035056877489226264,5,16,0.042173597889834234,4,16,,0,0
knbo3_cubic,sevennet0,600.0,True,False,True,0.05375782790830491,5,16,0.06158304094488139,4,16,,0,0
knbo3_cubic,sevennet0,900.0,True,True,False,0.07857256724336639,5,16,0.08855593013877973,4,16,,0,0
mgo_rocksalt,chgnet,100.0,True,True,False,0.06703047957902784,5,16,0.06127056079254163,4,16,,0,0
mgo_rocksalt,chgnet,300.0,True,True,False,0.07277355146665118,5,16,0.06509795881636174,4,16,,0,0
mgo_rocksalt,chgnet,600.0,True,True,False,0.076772937385606,5,16,0.06869213197286858,4,16,,0,0
mgo_rocksalt,chgnet,900.0,True,True,False,0.08424971553114469,5,16,0.08236308975794962,4,16,,0,0
mgo_rocksalt,mace_mp0,100.0,True,True,False,0.07309777944318319,5,16,0.06239814387594691,4,16,0.038510533403308664,3,16
mgo_rocksalt,mace_mp0,300.0,True,True,False,0.08831259934298247,5,16,0.07892566129383155,4,16,0.042337092153347314,3,16
mgo_rocksalt,mace_mp0,600.0,True,True,False,0.11698843182017435,5,16,0.1085052512313196,4,16,0.05161247273005036,3,16
mgo_rocksalt,mace_mp0,900.0,True,True,False,0.1259076228202236,5,16,0.118565355915628,4,16,0.059901797577771615,3,16
mgo_rocksalt,mattersim,100.0,True,True,False,0.08521971234660505,5,16,0.10155595366185172,4,16,0.010424584776522729,2,16
mgo_rocksalt,mattersim,300.0,True,True,False,0.09281308044721728,5,16,0.11265016901483835,4,16,0.011926684066582191,2,16
mgo_rocksalt,mattersim,600.0,True,True,False,0.09343076974554385,5,16,0.11577530839691719,4,16,0.013476830521816027,2,16
mgo_rocksalt,mattersim,900.0,True,True,False,0.09452563684898982,5,16,0.11506749735173796,4,16,0.015140666626336039,2,16
mgo_rocksalt,orb_v2,100.0,True,True,False,0.057801099971413764,5,16,,0,0,,0,0
mgo_rocksalt,orb_v2,300.0,True,True,False,0.059922090121699884,5,16,,0,0,,0,0
mgo_rocksalt,orb_v2,600.0,True,True,False,0.07620953043310821,5,16,,0,0,,0,0
mgo_rocksalt,orb_v2,900.0,True,True,False,0.07630768363866641,5,16,,0,0,,0,0
mgo_rocksalt,sevennet0,100.0,True,True,False,0.024362551836435084,5,16,0.02923231583631255,4,16,,0,0
mgo_rocksalt,sevennet0,300.0,True,True,False,0.029887096415134276,5,16,0.03784147119819519,4,16,,0,0
mgo_rocksalt,sevennet0,600.0,True,True,False,0.04436691823312598,5,16,0.05594876784890154,4,16,,0,0
mgo_rocksalt,sevennet0,900.0,True,True,False,0.05587967574771816,5,16,0.06508545631136611,4,16,,0,0
nacl_rocksalt,chgnet,100.0,True,True,False,0.035972087523931676,5,16,0.033534394594439215,4,16,,0,0
nacl_rocksalt,chgnet,300.0,True,True,False,0.04402827931204821,5,16,0.04179603858241937,4,16,,0,0
nacl_rocksalt,chgnet,600.0,True,True,False,0.05818868575326401,5,16,0.06605289841559185,4,16,,0,0
nacl_rocksalt,chgnet,900.0,True,True,False,0.09558895486613228,5,16,0.11765462306482398,4,16,,0,0
nacl_rocksalt,mace_mp0,100.0,True,True,False,0.018989261564987397,5,16,0.01849232546050942,4,16,0.013683769618500222,3,16
nacl_rocksalt,mace_mp0,300.0,True,True,False,0.030594740531713082,5,16,0.02895529379928278,4,16,0.019740625672758805,3,16
nacl_rocksalt,mace_mp0,600.0,True,True,False,0.06208208099015238,5,16,0.05088839639488854,4,16,0.025326123074327363,3,16
nacl_rocksalt,mace_mp0,900.0,True,True,False,0.07785141728421224,5,16,0.0664157213025855,4,16,0.03348489850624566,3,16
nacl_rocksalt,mattersim,100.0,True,True,False,0.016798943057372555,5,16,0.022586448514625608,4,16,0.005722024762299074,2,16
nacl_rocksalt,mattersim,300.0,True,True,False,0.0271998212358477,5,16,0.03810506431967115,4,16,0.007382229132352923,2,16
nacl_rocksalt,mattersim,600.0,True,True,False,0.04851074092084365,5,16,0.06571382098650931,4,16,0.008334019597895446,2,16
nacl_rocksalt,mattersim,900.0,True,True,False,0.07259023773857429,5,16,0.09957107719152841,4,16,0.010682407032559158,2,16
nacl_rocksalt,orb_v2,100.0,True,True,False,0.021047642232080638,5,16,,0,0,,0,0
nacl_rocksalt,orb_v2,300.0,True,True,False,0.035448784259945174,5,16,,0,0,,0,0
nacl_rocksalt,orb_v2,600.0,True,True,False,0.06542909428904917,5,16,,0,0,,0,0
nacl_rocksalt,orb_v2,900.0,True,True,False,0.08230406412140487,5,16,,0,0,,0,0
nacl_rocksalt,sevennet0,100.0,True,True,False,0.009246366226901994,5,16,0.011095400284563177,4,16,,0,0
nacl_rocksalt,sevennet0,300.0,True,True,False,0.021757274963329833,5,16,0.019396003725589372,4,16,,0,0
nacl_rocksalt,sevennet0,600.0,True,True,False,0.04900987851779405,5,16,0.0400091199601899,4,16,,0,0
nacl_rocksalt,sevennet0,900.0,True,True,False,0.1496444746342948,5,16,0.13918701668579445,4,16,,0,0
pbtio3_cubic,chgnet,100.0,False,False,False,0.09478163639407736,5,16,0.08919147934957732,4,16,,0,0
pbtio3_cubic,chgnet,300.0,False,False,False,0.1719208409718104,5,16,0.16335465347467334,4,16,,0,0
pbtio3_cubic,chgnet,600.0,False,False,False,0.3575072790432047,5,16,0.33017600676000436,4,16,,0,0
pbtio3_cubic,chgnet,900.0,True,True,False,0.40084341602498097,5,16,0.3646846003707762,4,16,,0,0
pbtio3_cubic,mace_mp0,100.0,True,False,True,0.052612278406956835,5,16,0.05234975642670652,4,16,0.03768036823936993,3,16
pbtio3_cubic,mace_mp0,300.0,True,False,True,0.08124078501734674,5,16,0.07561411582009724,4,16,0.0645703242283347,3,16
pbtio3_cubic,mace_mp0,600.0,True,False,True,0.1886587524240047,5,16,0.1662269143576563,4,16,0.19238137139753064,3,16
pbtio3_cubic,mace_mp0,900.0,True,True,False,0.29841839863240327,5,16,0.2828399779711528,4,16,0.2600634789513953,3,16
pbtio3_cubic,mattersim,100.0,True,False,True,0.03983652073540156,5,16,0.050984027631104656,4,16,0.015726715456026684,2,16
pbtio3_cubic,mattersim,300.0,True,False,True,0.09511641041032348,5,16,0.11968953209163744,4,16,0.020946627212837143,2,16
pbtio3_cubic,mattersim,600.0,True,False,True,0.25430606238101816,5,16,0.34029603028846656,4,16,0.037772650665465174,2,16
pbtio3_cubic,mattersim,900.0,True,True,False,0.3157063762867836,5,16,0.41852898190041565,4,16,0.04724169156872719,2,16
pbtio3_cubic,orb_v2,100.0,True,False,True,0.059505649411857965,5,16,,0,0,,0,0
pbtio3_cubic,orb_v2,300.0,True,False,True,0.1042260229963846,5,16,,0,0,,0,0
pbtio3_cubic,orb_v2,600.0,True,False,True,0.26545009565669553,5,16,,0,0,,0,0
pbtio3_cubic,orb_v2,900.0,True,True,False,0.3078017073529806,5,16,,0,0,,0,0
pbtio3_cubic,sevennet0,100.0,False,False,False,0.04274835823717445,5,16,0.05308554925035652,4,16,,0,0
pbtio3_cubic,sevennet0,300.0,False,False,False,0.07486739831875863,5,16,0.08743978893126689,4,16,,0,0
pbtio3_cubic,sevennet0,600.0,True,False,True,0.13675972932329522,5,16,0.13628841317566825,4,16,,0,0
pbtio3_cubic,sevennet0,900.0,True,True,False,0.22186095804663952,5,16,0.2201924145645383,4,16,,0,0
si_diamond,chgnet,100.0,True,True,False,0.1577633643286694,5,16,0.12412394285016823,4,16,,0,0
si_diamond,chgnet,300.0,True,True,False,0.19321818366325105,5,16,0.15662331774447819,4,16,,0,0
si_diamond,chgnet,600.0,True,True,False,0.2462509903496085,5,16,0.20638725183311202,4,16,,0,0
si_diamond,chgnet,900.0,True,True,False,0.31081281732253463,5,16,0.261069541814808,4,16,,0,0
si_diamond,mace_mp0,100.0,True,True,False,0.10240541368335665,5,16,0.06586830032355903,4,16,0.0412603734509805,3,16
si_diamond,mace_mp0,300.0,True,True,False,0.10736298551758448,5,16,0.07225711132714438,4,16,0.04488664073436947,3,16
si_diamond,mace_mp0,600.0,True,True,False,0.12296910964317086,5,16,0.08111826424674726,4,16,0.056116299995004684,3,16
si_diamond,mace_mp0,900.0,True,True,False,0.15643135704388533,5,16,0.10439927339134444,4,16,0.06746393021303396,3,16
si_diamond,mattersim,100.0,True,True,False,0.13571319863222847,5,16,0.18843650622255131,4,16,0.018245209365095952,2,16
si_diamond,mattersim,300.0,True,True,False,0.15453993775001593,5,16,0.21486732064011757,4,16,0.020876766312368872,2,16
si_diamond,mattersim,600.0,True,True,False,0.1906876861737784,5,16,0.2617316345558639,4,16,0.02473347424147095,2,16
si_diamond,mattersim,900.0,True,True,False,0.2313928230263397,5,16,0.315573528408162,4,16,0.027567592917444747,2,16
si_diamond,orb_v2,100.0,True,True,False,0.16877643813753362,5,16,,0,0,,0,0
si_diamond,orb_v2,300.0,True,True,False,0.19587139595957104,5,16,,0,0,,0,0
si_diamond,orb_v2,600.0,True,True,False,0.22774843013425233,5,16,,0,0,,0,0
si_diamond,orb_v2,900.0,True,True,False,0.27481630441884575,5,16,,0,0,,0,0
si_diamond,sevennet0,100.0,True,True,False,0.06547088355805161,5,16,0.039990665204153314,4,16,,0,0
si_diamond,sevennet0,300.0,True,True,False,0.07270770809881924,5,16,0.05025445221816485,4,16,,0,0
si_diamond,sevennet0,600.0,True,True,False,0.08229086908863359,5,16,0.06311951591766185,4,16,,0,0
si_diamond,sevennet0,900.0,True,True,False,0.08736549174325903,5,16,0.07937445096336981,4,16,,0,0
srtio3_cubic,chgnet,100.0,True,False,True,0.048865364170712786,5,16,0.04462509916946232,4,16,,0,0
srtio3_cubic,chgnet,300.0,True,True,False,0.06734187556984794,5,16,0.061230384268098195,4,16,,0,0
srtio3_cubic,chgnet,600.0,True,True,False,0.09348005714805602,5,16,0.08808470953158384,4,16,,0,0
srtio3_cubic,chgnet,900.0,True,True,False,0.11084603876286475,5,16,0.10583072570876327,4,16,,0,0
srtio3_cubic,mace_mp0,100.0,False,False,False,0.0455711453408862,5,16,0.04117173317911883,4,16,0.028066892706483826,3,16
srtio3_cubic,mace_mp0,300.0,True,True,False,0.05271013342206299,5,16,0.04947184801349991,4,16,0.034889625124776905,3,16
srtio3_cubic,mace_mp0,600.0,True,True,False,0.07442232537697457,5,16,0.07151803829848032,4,16,0.05792538859797802,3,16
srtio3_cubic,mace_mp0,900.0,True,True,False,0.09382216876077651,5,16,0.08781737589282468,4,16,0.07361661066770459,3,16
srtio3_cubic,mattersim,100.0,False,False,False,0.03196469947530094,5,16,0.04100078265976627,4,16,0.011201760016445165,2,16
srtio3_cubic,mattersim,300.0,True,True,False,0.03984944722192466,5,16,0.051736585624677756,4,16,0.012389578928916505,2,16
srtio3_cubic,mattersim,600.0,True,True,False,0.0547880861296883,5,16,0.06976697024959243,4,16,0.014174716700186158,2,16
srtio3_cubic,mattersim,900.0,True,True,False,0.0695205189034843,5,16,0.08723878308555028,4,16,0.016720221199719415,2,16
srtio3_cubic,orb_v2,100.0,True,False,True,0.047902746820355044,5,16,,0,0,,0,0
srtio3_cubic,orb_v2,300.0,True,True,False,0.05816809207408968,5,16,,0,0,,0,0
srtio3_cubic,orb_v2,600.0,True,True,False,0.07822205097534313,5,16,,0,0,,0,0
srtio3_cubic,orb_v2,900.0,True,True,False,0.09081772710788316,5,16,,0,0,,0,0
srtio3_cubic,sevennet0,100.0,False,False,False,0.023495269879185574,5,16,0.02860975787628439,4,16,,0,0
srtio3_cubic,sevennet0,300.0,True,True,False,0.03233896492918644,5,16,0.03700662062718582,4,16,,0,0
srtio3_cubic,sevennet0,600.0,True,True,False,0.05065594465602754,5,16,0.05819308737895448,4,16,,0,0
srtio3_cubic,sevennet0,900.0,True,True,False,0.06432068409242674,5,16,0.07163219457674747,4,16,,0,0
zro2_cubic,chgnet,100.0,False,False,False,0.0775452394636138,5,16,0.07219027943479314,4,16,,0,0
zro2_cubic,chgnet,300.0,False,False,False,0.09057996867226872,5,16,0.08255946529956049,4,16,,0,0
zro2_cubic,chgnet,600.0,False,False,False,0.10235615608390962,5,16,0.09221210978497132,4,16,,0,0
zro2_cubic,chgnet,900.0,False,False,False,0.1075074174221715,5,16,0.10026832303623046,4,16,,0,0
zro2_cubic,mace_mp0,100.0,False,False,False,0.078529741056966,5,16,0.07482153778250558,4,16,0.03876240042237758,3,16
zro2_cubic,mace_mp0,300.0,False,False,False,0.09910856590394414,5,16,0.09395622670055753,4,16,0.04876870203564604,3,16
zro2_cubic,mace_mp0,600.0,False,False,False,0.11342672867576399,5,16,0.10650498073074927,4,16,0.07431896724633155,3,16
zro2_cubic,mace_mp0,900.0,False,False,False,0.12829808001073845,5,16,0.12341181615066127,4,16,0.10103991360762624,3,16
zro2_cubic,mattersim,100.0,False,False,False,0.06625904600512827,5,16,0.0769610540535621,4,16,0.014026065217648168,2,16
zro2_cubic,mattersim,300.0,False,False,False,0.07047483617860774,5,16,0.08842193897482939,4,16,0.016615203619650958,2,16
zro2_cubic,mattersim,600.0,False,False,False,0.0852811601958039,5,16,0.10289095862109979,4,16,0.01788787224216127,2,16
zro2_cubic,mattersim,900.0,False,False,False,0.09580068746758436,5,16,0.11150008960547322,4,16,0.020742450477828318,2,16
zro2_cubic,orb_v2,100.0,False,False,False,0.06854645861383585,5,16,,0,0,,0,0
zro2_cubic,orb_v2,300.0,False,False,False,0.08252700796300014,5,16,,0,0,,0,0
zro2_cubic,orb_v2,600.0,False,False,False,0.10334243378659985,5,16,,0,0,,0,0
zro2_cubic,orb_v2,900.0,False,False,False,0.11236926341546966,5,16,,0,0,,0,0
zro2_cubic,sevennet0,100.0,False,False,False,0.06646948751191303,5,16,0.07559286754606703,4,16,,0,0
zro2_cubic,sevennet0,300.0,False,False,False,0.07915038409621908,5,16,0.08888613573664653,4,16,,0,0
zro2_cubic,sevennet0,600.0,False,False,False,0.08858064631424814,5,16,0.10145349581825712,4,16,,0,0
zro2_cubic,sevennet0,900.0,False,False,False,0.10877355554985113,5,16,0.11976799685796469,4,16,,0,0
