stem,system,path_model,pattern_model,role,band,n_atoms,m_eff,status,n_Q_dft,cache_check_pass,cache_check_max_diff_meV,cache_check_window_diff_meV,q,curve,depth_meV,Q_min_A,a,b,c,bounded,omega_harm_thz,rmse_vs_pbe_window_meV,max_abs_vs_pbe_meV,max_abs_vs_pbe_meV_per_atom
batio3_cubic_chgnet_q0-0-0-b0,batio3_cubic,chgnet,chgnet,decide,0,5,31.346233238108958,complete,10,False,3835.285186767578,13.813018798828125,"0,0,0",pbe,22.474017991044093,0.13888888888888892,-3.654344311356298,127.81906949647737,0.0,True,-7.548798429094379,,,
batio3_cubic_chgnet_q0-0-0-b0,batio3_cubic,chgnet,chgnet,decide,0,5,31.346233238108958,complete,10,False,3835.285186767578,13.813018798828125,"0,0,0",mace_mp0,13.407729376389455,0.08888888888888889,-2.5387170750739454,100.90951114447137,712.5537988941528,True,-6.291877359469644,14.054485494870411,959.6786476101187,191.93572952202373
batio3_cubic_chgnet_q0-0-0-b0,batio3_cubic,chgnet,chgnet,decide,0,5,31.346233238108958,complete,10,False,3835.285186767578,13.813018798828125,"0,0,0",chgnet,16.59393310546875,0.08888888888888889,-2.8463448438196934,82.72191239913681,1485.457439384737,True,-6.662187547292101,8.516371658437912,797.3439331144618,159.46878662289237
batio3_cubic_chgnet_q0-0-0-b0,batio3_cubic,chgnet,chgnet,decide,0,5,31.346233238108958,complete,10,False,3835.285186767578,13.813018798828125,"0,0,0",orb_v2,22.245407104492188,0.08888888888888889,-3.3317384039667464,137.6371447276563,0.0,True,-7.207896539013063,11.686751889161064,714.9550552458095,142.9910110491619
batio3_cubic_chgnet_q0-0-0-b0,batio3_cubic,chgnet,chgnet,decide,0,5,31.346233238108958,complete,10,False,3835.285186767578,13.813018798828125,"0,0,0",sevennet0,17.688751220703125,0.08888888888888889,-3.3704852781233634,142.01006393588042,0.0,True,-7.249687958881122,11.083768114241042,891.7500610441493,178.35001220882987
batio3_cubic_chgnet_q0-0-0-b0,batio3_cubic,chgnet,chgnet,decide,0,5,31.346233238108958,complete,10,False,3835.285186767578,13.813018798828125,"0,0,0",mattersim,15.84625244140625,0.08888888888888889,-3.0893823570198995,136.5580567620039,0.0,True,-6.940790370691963,12.803341484037313,625.945770272665,125.18915405453299
batio3_cubic_chgnet_q1d2-1d2-0-b0,batio3_cubic,chgnet,chgnet,decide,0,20,245.05495663079842,complete,10,True,0.6103515625,0.152587890625,"1d2,1d2,0",pbe,73.29086919344263,0.08888888888888889,-20.381334418489523,1399.3730136026272,0.0,True,-6.376029812547551,,,
batio3_cubic_chgnet_q1d2-1d2-0-b0,batio3_cubic,chgnet,chgnet,decide,0,20,245.05495663079842,complete,10,True,0.6103515625,0.152587890625,"1d2,1d2,0",mace_mp0,40.88293920426622,0.08888888888888889,-14.987680073613962,1110.075336115153,16698.312779220985,True,-5.4676567007735075,34.466089950037016,17810.296099204807,890.5148049602403
batio3_cubic_chgnet_q1d2-1d2-0-b0,batio3_cubic,chgnet,chgnet,decide,0,20,245.05495663079842,complete,10,True,0.6103515625,0.152587890625,"1d2,1d2,0",chgnet,38.6199951171875,0.08888888888888889,-15.12062654612645,1295.2084098596313,0.0,True,-5.491853267377828,36.8100044194337,25613.67834683915,1280.6839173419576
batio3_cubic_chgnet_q1d2-1d2-0-b0,batio3_cubic,chgnet,chgnet,decide,0,20,245.05495663079842,complete,10,True,0.6103515625,0.152587890625,"1d2,1d2,0",orb_v2,43.285369873046875,0.08888888888888889,-1.4320125011681621,-7045.101904645488,826832.0325626498,True,-1.6900806761242373,47.023707196537664,7318.44366666337,365.9221833331685
batio3_cubic_chgnet_q1d2-1d2-0-b0,batio3_cubic,chgnet,chgnet,decide,0,20,245.05495663079842,complete,10,True,0.6103515625,0.152587890625,"1d2,1d2,0",sevennet0,37.5518798828125,0.08888888888888889,-17.528796461685523,1617.0338330752643,0.0,True,-5.9130299757479206,45.52255289537698,17373.588930335245,868.6794465167623
batio3_cubic_chgnet_q1d2-1d2-0-b0,batio3_cubic,chgnet,chgnet,decide,0,20,245.05495663079842,complete,10,True,0.6103515625,0.152587890625,"1d2,1d2,0",mattersim,39.2608642578125,0.08888888888888889,-17.067053001709176,1531.188533354393,0.0,True,-5.834629723789812,40.76384592767456,11939.125429358683,596.9562714679341
batio3_cubic_mace_mp0_q1d2-0-1d2-b0,batio3_cubic,mace_mp0,mace_mp0,decide,0,20,238.0248635134242,complete,10,True,8.810729923425242e-09,2.8421709430404007e-11,"1d2,0,1d2",pbe,73.4979478220339,0.08888888888888889,-19.191107893804116,1246.0567295563283,0.0,True,-6.277758985060443,,,
batio3_cubic_mace_mp0_q1d2-0-1d2-b0,batio3_cubic,mace_mp0,mace_mp0,decide,0,20,238.0248635134242,complete,10,True,8.810729923425242e-09,2.8421709430404007e-11,"1d2,0,1d2",mace_mp0,42.572104226167085,0.08888888888888889,-14.258170434634911,1080.634436993357,5314.009129027995,True,-5.411111906739757,32.30865810722804,14563.000268725105,728.1500134362552
batio3_cubic_mace_mp0_q1d2-0-1d2-b0,batio3_cubic,mace_mp0,mace_mp0,decide,0,20,238.0248635134242,complete,10,True,8.810729923425242e-09,2.8421709430404007e-11,"1d2,0,1d2",chgnet,40.1763916015625,0.08888888888888889,-14.077911502590942,1138.2766737653917,0.0,True,-5.376798115262655,34.493132378549156,19680.556826438988,984.0278413219494
batio3_cubic_mace_mp0_q1d2-0-1d2-b0,batio3_cubic,mace_mp0,mace_mp0,decide,0,20,238.0248635134242,complete,10,True,8.810729923425242e-09,2.8421709430404007e-11,"1d2,0,1d2",orb_v2,53.897857666015625,0.08888888888888889,-18.473956265328976,1469.6011926759088,0.0,True,-6.159345562645512,40.495259664043985,7202.182345237816,360.1091172618908
batio3_cubic_mace_mp0_q1d2-0-1d2-b0,batio3_cubic,mace_mp0,mace_mp0,decide,0,20,238.0248635134242,complete,10,True,8.810729923425242e-09,2.8421709430404007e-11,"1d2,0,1d2",sevennet0,40.0390625,0.08888888888888889,-16.42528110308421,1437.5247281902653,0.0,True,-5.807791545504172,42.075003581301495,13034.827761497581,651.7413880748791
batio3_cubic_mace_mp0_q1d2-0-1d2-b0,batio3_cubic,mace_mp0,mace_mp0,decide,0,20,238.0248635134242,complete,10,True,8.810729923425242e-09,2.8421709430404007e-11,"1d2,0,1d2",mattersim,41.9921875,0.08888888888888889,-16.108759248482595,1366.145590102192,0.0,True,-5.751560072944513,37.481221874112165,9383.773379173363,469.18866895866813
batio3_cubic_mattersim_q0-0-0-b0,batio3_cubic,mattersim,mattersim,decide,0,5,68.02938344444154,complete,10,True,0.00762939453125,0.00762939453125,"0,0,0",pbe,43.54692182641884,0.08888888888888889,-7.319166205876825,275.9979543650312,0.0,True,-7.251841683952918,,,
batio3_cubic_mattersim_q0-0-0-b0,batio3_cubic,mattersim,mattersim,decide,0,5,68.02938344444154,complete,10,True,0.00762939453125,0.00762939453125,"0,0,0",mace_mp0,24.85013993459262,0.08888888888888889,-5.484008037540265,293.75317935811927,0.0,True,-6.277208454594281,33.90644437982641,1012.4086481347803,202.48172962695605
batio3_cubic_mattersim_q0-0-0-b0,batio3_cubic,mattersim,mattersim,decide,0,5,68.02938344444154,complete,10,True,0.00762939453125,0.00762939453125,"0,0,0",chgnet,33.98895263671875,0.08888888888888889,-6.234833315884225,214.41024924073628,3818.628880798282,True,-6.693140372739785,17.941282042238317,837.6573122386617,167.53146244773234
batio3_cubic_mattersim_q0-0-0-b0,batio3_cubic,mattersim,mattersim,decide,0,5,68.02938344444154,complete,10,True,0.00762939453125,0.00762939453125,"0,0,0",orb_v2,42.87528991699219,0.08888888888888889,-9.108913012362661,435.5334152784267,0.0,True,-8.090042200447716,20.50129927581359,754.7033227328939,150.94066454657877
batio3_cubic_mattersim_q0-0-0-b0,batio3_cubic,mattersim,mattersim,decide,0,5,68.02938344444154,complete,10,True,0.00762939453125,0.00762939453125,"0,0,0",sevennet0,34.671783447265625,0.08888888888888889,-7.054135712382169,331.75785838886225,0.0,True,-7.119334768983418,21.301866569838037,799.0678346995992,159.81356693991984
batio3_cubic_mattersim_q0-0-0-b0,batio3_cubic,mattersim,mattersim,decide,0,5,68.02938344444154,complete,10,True,0.00762939453125,0.00762939453125,"0,0,0",mattersim,33.237457275390625,0.08888888888888889,-6.7073915221723786,313.4674305556688,0.0,True,-6.9421555180476915,20.64148705551512,726.9509828929586,145.3901965785917
batio3_cubic_mattersim_q1d2-0-1d2-b0,batio3_cubic,mattersim,mattersim,decide,0,20,238.97406041293536,complete,10,True,0.67138671875,0.0,"1d2,0,1d2",pbe,73.0247418541694,0.08888888888888889,-19.294904323458844,1266.6869245973567,0.0,True,-6.282199305953288,,,
batio3_cubic_mattersim_q1d2-0-1d2-b0,batio3_cubic,mattersim,mattersim,decide,0,20,238.97406041293536,complete,10,True,0.67138671875,0.0,"1d2,0,1d2",mace_mp0,41.87948840612421,0.08888888888888889,-14.297230074362727,1083.2824879784569,7009.317709043179,True,-5.407746797477065,32.62037079301412,14983.519366939945,749.1759683469973
batio3_cubic_mattersim_q1d2-0-1d2-b0,batio3_cubic,mattersim,mattersim,decide,0,20,238.97406041293536,complete,10,True,0.67138671875,0.0,"1d2,0,1d2",chgnet,39.4744873046875,0.08888888888888889,-14.159371159971199,1159.8404922346026,0.0,True,-5.381611947454128,34.83477293610478,20524.969843281724,1026.2484921640862
batio3_cubic_mattersim_q1d2-0-1d2-b0,batio3_cubic,mattersim,mattersim,decide,0,20,238.97406041293536,complete,10,True,0.67138671875,0.0,"1d2,0,1d2",orb_v2,53.1158447265625,0.08888888888888889,-18.57317788999486,1491.4186460614346,0.0,True,-6.163586637584847,40.70574688352163,7327.093866719224,366.3546933359612
batio3_cubic_mattersim_q1d2-0-1d2-b0,batio3_cubic,mattersim,mattersim,decide,0,20,238.97406041293536,complete,10,True,0.67138671875,0.0,"1d2,0,1d2",sevennet0,39.2303466796875,0.08888888888888889,-16.507481133411584,1460.8800963564925,0.0,True,-5.810731398203717,42.563418140967876,13582.800653828599,679.14003269143
batio3_cubic_mattersim_q1d2-0-1d2-b0,batio3_cubic,mattersim,mattersim,decide,0,20,238.97406041293536,complete,10,True,0.67138671875,0.0,"1d2,0,1d2",mattersim,41.1224365234375,0.08888888888888889,-16.15473828414093,1385.9055619080514,0.0,True,-5.748312355680023,37.9746335735646,9708.044794453599,485.40223972267995
batio3_cubic_orb_v2_q1d2-1d2-0-b0,batio3_cubic,orb_v2,orb_v2,decide,0,20,191.5018680845739,complete,10,True,0.5931854248046875,0.217437744140625,"1d2,1d2,0",pbe,21.431413813843392,0.08888888888888889,-4.127490240770454,178.29286378587196,0.0,True,-3.2458040460260458,,,
batio3_cubic_orb_v2_q1d2-1d2-0-b0,batio3_cubic,orb_v2,orb_v2,decide,0,20,191.5018680845739,complete,10,True,0.5931854248046875,0.217437744140625,"1d2,1d2,0",mace_mp0,12.10911587381247,0.08888888888888889,-2.59627543371164,130.38426849058052,536.8925550272154,True,-2.574273296926449,7.562910469180596,432.15338006308457,21.60766900315423
batio3_cubic_orb_v2_q1d2-1d2-0-b0,batio3_cubic,orb_v2,orb_v2,decide,0,20,191.5018680845739,complete,10,True,0.5931854248046875,0.217437744140625,"1d2,1d2,0",chgnet,16.90673828125,0.13888888888888892,-1.7486234480915994,-81.37510652973265,6562.503131798204,True,-2.1126493414174563,3.380044253533771,116.32276343152625,5.816138171576313
batio3_cubic_orb_v2_q1d2-1d2-0-b0,batio3_cubic,orb_v2,orb_v2,decide,0,20,191.5018680845739,complete,10,True,0.5931854248046875,0.217437744140625,"1d2,1d2,0",orb_v2,32.7606201171875,0.08888888888888889,1.1386502843793125,-1049.1405220628876,47699.240949880674,True,1.704803974582775,7.935739744319059,513.9668064002763,25.698340320013813
batio3_cubic_orb_v2_q1d2-1d2-0-b0,batio3_cubic,orb_v2,orb_v2,decide,0,20,191.5018680845739,complete,10,True,0.5931854248046875,0.217437744140625,"1d2,1d2,0",sevennet0,15.19775390625,0.08888888888888889,-3.326007061429651,176.10153112548247,0.0,True,-2.9136732931111355,6.54471048602423,385.27417944715125,19.263708972357563
batio3_cubic_orb_v2_q1d2-1d2-0-b0,batio3_cubic,orb_v2,orb_v2,decide,0,20,191.5018680845739,complete,10,True,0.5931854248046875,0.217437744140625,"1d2,1d2,0",mattersim,15.0909423828125,0.08888888888888889,-3.33251542971885,178.9333394562891,0.0,True,-2.916522654327369,6.911521595353954,156.86536597058875,7.843268298529438
batio3_cubic_sevennet0_q1d2-0-0-b0,batio3_cubic,sevennet0,sevennet0,decide,0,10,98.7709514921702,complete,10,True,0.30517578125,0.00762939453125,"1d2,0,0",pbe,42.396288459713105,0.08888888888888889,-9.848651172920693,563.8107284780548,0.0,True,-6.981352007936232,,,
batio3_cubic_sevennet0_q1d2-0-0-b0,batio3_cubic,sevennet0,sevennet0,decide,0,10,98.7709514921702,complete,10,True,0.30517578125,0.00762939453125,"1d2,0,0",mace_mp0,23.771630819609868,0.08888888888888889,-6.864324307383665,467.6358794210179,2574.9189260183693,True,-5.828409471578744,18.379631552370398,6072.100908476614,607.2100908476614
batio3_cubic_sevennet0_q1d2-0-0-b0,batio3_cubic,sevennet0,sevennet0,decide,0,10,98.7709514921702,complete,10,True,0.30517578125,0.00762939453125,"1d2,0,0",chgnet,26.214599609375,0.08888888888888889,-7.052879694334076,445.70908769886194,3426.56970704379,True,-5.907917150269207,15.85146371235079,7388.574775213783,738.8574775213783
batio3_cubic_sevennet0_q1d2-0-0-b0,batio3_cubic,sevennet0,sevennet0,decide,0,10,98.7709514921702,complete,10,True,0.30517578125,0.00762939453125,"1d2,0,0",orb_v2,31.63909912109375,0.08888888888888889,-8.510975441609585,524.9978116626223,5507.750343670255,True,-6.489942172349932,21.333744489049206,3327.367480749672,332.7367480749672
batio3_cubic_sevennet0_q1d2-0-0-b0,batio3_cubic,sevennet0,sevennet0,decide,0,10,98.7709514921702,complete,10,True,0.30517578125,0.00762939453125,"1d2,0,0",sevennet0,28.20587158203125,0.08888888888888889,-8.234700477952725,585.5467770819877,0.0,True,-6.383738110232856,17.104932998006745,5282.20194196183,528.220194196183
batio3_cubic_sevennet0_q1d2-0-0-b0,batio3_cubic,sevennet0,sevennet0,decide,0,10,98.7709514921702,complete,10,True,0.30517578125,0.00762939453125,"1d2,0,0",mattersim,26.5960693359375,0.08888888888888889,-7.925748814588125,573.9413171617267,0.0,True,-6.262839912467048,18.00393960127163,3783.9032969422988,378.3903296942299
batio3_cubic_sevennet0_q1d2-0-1d2-b0,batio3_cubic,sevennet0,sevennet0,decide,0,20,249.53831996979613,complete,10,False,5.2642822265625,0.030517578125,"1d2,0,1d2",pbe,68.95800053462153,0.08888888888888889,-20.59198864724839,1495.0841902616469,0.0,True,-6.351061216120103,,,
batio3_cubic_sevennet0_q1d2-0-1d2-b0,batio3_cubic,sevennet0,sevennet0,decide,0,20,249.53831996979613,complete,10,False,5.2642822265625,0.030517578125,"1d2,0,1d2",mace_mp0,35.45532276402241,0.08888888888888889,-15.070035107967067,1212.8047990326481,16019.117120870891,True,-5.433182407349405,35.994868731273485,20195.74871428121,1009.7874357140605
batio3_cubic_sevennet0_q1d2-0-1d2-b0,batio3_cubic,sevennet0,sevennet0,decide,0,20,249.53831996979613,complete,10,False,5.2642822265625,0.030517578125,"1d2,0,1d2",chgnet,33.111572265625,0.08888888888888889,-15.211753991097357,1394.9983634177609,0.0,True,-5.458669500180086,38.51881854231112,28678.298168379115,1433.9149084189557
batio3_cubic_sevennet0_q1d2-0-1d2-b0,batio3_cubic,sevennet0,sevennet0,decide,0,20,249.53831996979613,complete,10,False,5.2642822265625,0.030517578125,"1d2,0,1d2",orb_v2,39.86358642578125,0.08888888888888889,2.2273046203046656,-9954.14356224944,1143329.2914734946,True,2.0887524039029475,47.37742621326402,8281.989269453334,414.0994634726667
batio3_cubic_sevennet0_q1d2-0-1d2-b0,batio3_cubic,sevennet0,sevennet0,decide,0,20,249.53831996979613,complete,10,False,5.2642822265625,0.030517578125,"1d2,0,1d2",sevennet0,33.3099365234375,0.049999999999999996,-17.662464135431293,1728.0603986797814,0.0,True,-5.881969933768435,47.83104633371665,20226.149730879115,1011.3074865439557
batio3_cubic_sevennet0_q1d2-0-1d2-b0,batio3_cubic,sevennet0,sevennet0,decide,0,20,249.53831996979613,complete,10,False,5.2642822265625,0.030517578125,"1d2,0,1d2",mattersim,33.2794189453125,0.08888888888888889,-17.158693834478715,1638.598704894638,0.0,True,-5.797480096177217,42.94053770635914,13732.46686955099,686.6233434775495
cssnbr3_cubic_chgnet_q1d2-1d2-1d2-b0,cssnbr3_cubic,chgnet,chgnet,decide,0,40,1278.4636492413042,complete,10,True,0.0152587890625,0.0152587890625,"1d2,1d2,1d2",pbe,105.22587717423448,0.45,-1.018787691296593,2.4661794500215866,0.0,True,-0.6241132886921493,,,
cssnbr3_cubic_chgnet_q1d2-1d2-1d2-b0,cssnbr3_cubic,chgnet,chgnet,decide,0,40,1278.4636492413042,complete,10,True,0.0152587890625,0.0152587890625,"1d2,1d2,1d2",mace_mp0,99.12495382879172,0.45,-0.9386594277833255,2.2324519266399574,0.0,True,-0.5990672917174015,3.5385618735710143,7.903511653495343,0.19758779133738358
cssnbr3_cubic_chgnet_q1d2-1d2-1d2-b0,cssnbr3_cubic,chgnet,chgnet,decide,0,40,1278.4636492413042,complete,10,True,0.0152587890625,0.0152587890625,"1d2,1d2,1d2",chgnet,228.302001953125,0.45,-1.3154915613654241,-0.41926334611631844,6.659859333027269,True,-0.7091949237020873,46.502079335654365,123.07612477889052,3.076903119472263
cssnbr3_cubic_chgnet_q1d2-1d2-1d2-b0,cssnbr3_cubic,chgnet,chgnet,decide,0,40,1278.4636492413042,complete,10,True,0.0152587890625,0.0152587890625,"1d2,1d2,1d2",orb_v2,75.08087158203125,0.35555555555555557,-1.0003625743738138,3.136483906759086,0.0,True,-0.6184438894663136,10.890678579669707,30.740098365640733,0.7685024591410183
cssnbr3_cubic_chgnet_q1d2-1d2-1d2-b0,cssnbr3_cubic,chgnet,chgnet,decide,0,40,1278.4636492413042,complete,10,True,0.0152587890625,0.0152587890625,"1d2,1d2,1d2",sevennet0,123.5504150390625,0.45,-0.9489297381024691,1.6772535142146063,0.0,True,-0.6023357129449342,5.919837616036246,18.324537864828017,0.4581134466207004
cssnbr3_cubic_chgnet_q1d2-1d2-1d2-b0,cssnbr3_cubic,chgnet,chgnet,decide,0,40,1278.4636492413042,complete,10,True,0.0152587890625,0.0152587890625,"1d2,1d2,1d2",mattersim,111.8621826171875,0.45,-1.0570391251725992,2.506530405356999,0.0,True,-0.6357218175038597,2.6563990354525657,6.636305442953017,0.16590763607382542
cssnbr3_cubic_mace_mp0_q1d2-1d2-0-b0,cssnbr3_cubic,mace_mp0,mace_mp0,decide,0,20,639.2319999999992,complete,10,True,7.105427357601002e-12,7.105427357601002e-12,"1d2,1d2,0",pbe,60.57743853307329,0.45,-0.559798573647863,1.2875752319165883,0.0,True,-0.6542630849974939,,,
cssnbr3_cubic_mace_mp0_q1d2-1d2-0-b0,cssnbr3_cubic,mace_mp0,mace_mp0,decide,0,20,639.2319999999992,complete,10,True,7.105427357601002e-12,7.105427357601002e-12,"1d2,1d2,0",mace_mp0,55.73749048624421,0.45,-0.492587189351467,1.0790558395366687,0.0,True,-0.6137310275144607,2.752911376589665,5.759890183512084,0.2879945091756042
cssnbr3_cubic_mace_mp0_q1d2-1d2-0-b0,cssnbr3_cubic,mace_mp0,mace_mp0,decide,0,20,639.2319999999992,complete,10,True,7.105427357601002e-12,7.105427357601002e-12,"1d2,1d2,0",chgnet,123.0621337890625,0.45,-0.6885044346916693,-0.25879714205608206,3.247467849000124,True,-0.7255876703249831,23.317873193070046,62.48469525598921,3.1242347627994604
cssnbr3_cubic_mace_mp0_q1d2-1d2-0-b0,cssnbr3_cubic,mace_mp0,mace_mp0,decide,0,20,639.2319999999992,complete,10,True,7.105427357601002e-12,7.105427357601002e-12,"1d2,1d2,0",orb_v2,47.946929931640625,0.45,-0.5297089737715797,1.4545312596547444,0.0,True,-0.6364366608829132,4.747930990956613,12.630508601432666,0.6315254300716333
cssnbr3_cubic_mace_mp0_q1d2-1d2-0-b0,cssnbr3_cubic,mace_mp0,mace_mp0,decide,0,20,639.2319999999992,complete,10,True,7.105427357601002e-12,7.105427357601002e-12,"1d2,1d2,0",sevennet0,61.916351318359375,0.45,-0.4926100273356879,0.9258768142403144,0.0,True,-0.6137452546577639,1.555082427532131,3.0521664266416337,0.1526083213320817
cssnbr3_cubic_mace_mp0_q1d2-1d2-0-b0,cssnbr3_cubic,mace_mp0,mace_mp0,decide,0,20,639.2319999999992,complete,10,True,7.105427357601002e-12,7.105427357601002e-12,"1d2,1d2,0",mattersim,64.13650512695312,0.45,-0.5604564379153643,1.2100370994788472,0.0,True,-0.6546474106687947,1.194450982586214,3.559066593879834,0.1779533296939917
cssnbr3_cubic_mace_mp0_q1d2-1d2-1d2-b0,cssnbr3_cubic,mace_mp0,mace_mp0,decide,0,40,1473.4286401151417,complete,10,True,5.6843418860808015e-11,5.6843418860808015e-11,"1d2,1d2,1d2",pbe,127.20886574970791,0.45,-1.3325105424956456,3.478452369952577,0.0,True,-0.6648697138017649,,,
cssnbr3_cubic_mace_mp0_q1d2-1d2-1d2-b0,cssnbr3_cubic,mace_mp0,mace_mp0,decide,0,40,1473.4286401151417,complete,10,True,5.6843418860808015e-11,5.6843418860808015e-11,"1d2,1d2,1d2",mace_mp0,116.83164703015336,0.45,-1.1816757575746277,2.9977819465855,0.0,True,-0.626109634177214,6.023010286484,12.631864581265972,0.3157966145316493
cssnbr3_cubic_mace_mp0_q1d2-1d2-1d2-b0,cssnbr3_cubic,mace_mp0,mace_mp0,decide,0,40,1473.4286401151417,complete,10,True,5.6843418860808015e-11,5.6843418860808015e-11,"1d2,1d2,1d2",chgnet,257.2784423828125,0.45,-1.6100324832968032,0.347045462693653,6.571805907999244,True,-0.7308336620206444,48.57846923238273,130.0695766331046,3.2517394158276147
cssnbr3_cubic_mace_mp0_q1d2-1d2-1d2-b0,cssnbr3_cubic,mace_mp0,mace_mp0,decide,0,40,1473.4286401151417,complete,10,True,5.6843418860808015e-11,5.6843418860808015e-11,"1d2,1d2,1d2",orb_v2,89.85137939453125,0.35555555555555557,-1.2267119990619657,3.9441067194353776,0.0,True,-0.6379292713446323,14.931749899870287,39.75311623798916,0.993827905949729
cssnbr3_cubic_mace_mp0_q1d2-1d2-1d2-b0,cssnbr3_cubic,mace_mp0,mace_mp0,decide,0,40,1473.4286401151417,complete,10,True,5.6843418860808015e-11,5.6843418860808015e-11,"1d2,1d2,1d2",sevennet0,149.63531494140625,0.45,-1.3444614324158757,2.892409228079784,0.4807135220339806,True,-0.6678445677003689,7.875218026805915,22.42644919169834,0.5606612297924585
cssnbr3_cubic_mace_mp0_q1d2-1d2-1d2-b0,cssnbr3_cubic,mace_mp0,mace_mp0,decide,0,40,1473.4286401151417,complete,10,True,5.6843418860808015e-11,5.6843418860808015e-11,"1d2,1d2,1d2",mattersim,120.79620361328125,0.45,-1.2689659534628623,3.3361366207606813,0.0,True,-0.6488229579464903,3.3749050019438065,7.575263975013513,0.18938159937533783
cssnbr3_cubic_mattersim_q0-1d2-1d2-b0,cssnbr3_cubic,mattersim,mattersim,decide,0,20,639.2319857454854,complete,10,True,0.019073486328125,0.019073486328125,"0,1d2,1d2",pbe,60.80274879059289,0.45,-0.5610669718962794,1.288316827245359,0.0,True,-0.6550038914395425,,,
cssnbr3_cubic_mattersim_q0-1d2-1d2-b0,cssnbr3_cubic,mattersim,mattersim,decide,0,20,639.2319857454854,complete,10,True,0.019073486328125,0.019073486328125,"0,1d2,1d2",mace_mp0,55.91281018850225,0.45,-0.4933038145880652,1.0782841679283948,0.0,True,-0.6141773059115374,2.777390380388298,5.803948038121121,0.29019740190605603
cssnbr3_cubic_mattersim_q0-1d2-1d2-b0,cssnbr3_cubic,mattersim,mattersim,decide,0,20,639.2319857454854,complete,10,True,0.019073486328125,0.019073486328125,"0,1d2,1d2",chgnet,123.26812744140625,0.45,-0.6885154505377943,-0.2710584709040064,3.2835152540142185,True,-0.7255934829748214,23.304811493172586,62.46537865081336,3.123268932540668
cssnbr3_cubic_mattersim_q0-1d2-1d2-b0,cssnbr3_cubic,mattersim,mattersim,decide,0,20,639.2319857454854,complete,10,True,0.019073486328125,0.019073486328125,"0,1d2,1d2",orb_v2,42.209625244140625,0.45,-0.4692775191976387,1.2918049839097498,0.0,True,-0.5990339038157465,7.423318746585194,18.59312354645226,0.9296561773226131
cssnbr3_cubic_mattersim_q0-1d2-1d2-b0,cssnbr3_cubic,mattersim,mattersim,decide,0,20,639.2319857454854,complete,10,True,0.019073486328125,0.019073486328125,"0,1d2,1d2",sevennet0,62.213897705078125,0.45,-0.49490875477913965,0.9299921781961562,0.0,True,-0.6151755927367925,1.5302450618038697,2.9822092765243724,0.14911046382621862
cssnbr3_cubic_mattersim_q0-1d2-1d2-b0,cssnbr3_cubic,mattersim,mattersim,decide,0,20,639.2319857454854,complete,10,True,0.019073486328125,0.019073486328125,"0,1d2,1d2",mattersim,64.3310546875,0.45,-0.5614220768517731,1.2101346868079352,0.0,True,-0.6552111379431302,1.1824974713082617,3.5283058969071135,0.17641529484535567
cssnbr3_cubic_mattersim_q1d2-1d2-1d2-b0,cssnbr3_cubic,mattersim,mattersim,decide,0,40,1280.6579215203617,complete,10,True,1.2664794921875,1.2664794921875,"1d2,1d2,1d2",pbe,128.05568402109202,0.45,-1.1585603121962917,2.5992129799318424,0.0,True,-0.6649799189089279,,,
cssnbr3_cubic_mattersim_q1d2-1d2-1d2-b0,cssnbr3_cubic,mattersim,mattersim,decide,0,40,1280.6579215203617,complete,10,True,1.2664794921875,1.2664794921875,"1d2,1d2,1d2",mace_mp0,115.11849343932568,0.45,-1.0063856094133756,2.1739765822521506,0.0,True,-0.6197712354691339,6.768323096554406,13.63918882982773,0.34097972074569327
cssnbr3_cubic_mattersim_q1d2-1d2-1d2-b0,cssnbr3_cubic,mattersim,mattersim,decide,0,40,1280.6579215203617,complete,10,True,1.2664794921875,1.2664794921875,"1d2,1d2,1d2",chgnet,246.7498779296875,0.45,-1.3809594233644815,-0.5226742328364631,6.541256129459565,True,-0.7260050908356845,44.12616785202984,118.69419390859548,2.967354847714887
cssnbr3_cubic_mattersim_q1d2-1d2-1d2-b0,cssnbr3_cubic,mattersim,mattersim,decide,0,40,1280.6579215203617,complete,10,True,1.2664794921875,1.2664794921875,"1d2,1d2,1d2",orb_v2,103.67584228515625,0.45,-1.0527103843252976,2.6817418463783613,0.0,True,-0.633875054030664,9.646507897927055,24.37984173593577,0.6094960433983942
cssnbr3_cubic_mattersim_q1d2-1d2-1d2-b0,cssnbr3_cubic,mattersim,mattersim,decide,0,40,1280.6579215203617,complete,10,True,1.2664794921875,1.2664794921875,"1d2,1d2,1d2",sevennet0,149.87945556640625,0.45,-1.153146109612435,2.045595789465237,0.0,True,-0.6634243019499271,7.361301182896773,21.82377154531423,0.5455942886328558
cssnbr3_cubic_mattersim_q1d2-1d2-1d2-b0,cssnbr3_cubic,mattersim,mattersim,decide,0,40,1280.6579215203617,complete,10,True,1.2664794921875,1.2664794921875,"1d2,1d2,1d2",mattersim,128.570556640625,0.45,-1.124023426669718,2.428198153011963,0.0,True,-0.6549933466191236,1.1035271373184774,3.1402110689668916,0.07850527672417229
cssnbr3_cubic_orb_v2_q1d2-1d2-1d2-b1,cssnbr3_cubic,orb_v2,orb_v2,decide,1,40,1417.7964514941566,complete,10,False,5.4168701171875,5.4168701171875,"1d2,1d2,1d2",pbe,126.4492599730147,0.45,-1.2014712410766404,2.850625239747385,0.0,True,-0.6435992428986491,,,
cssnbr3_cubic_orb_v2_q1d2-1d2-1d2-b1,cssnbr3_cubic,orb_v2,orb_v2,decide,1,40,1417.7964514941566,complete,10,False,5.4168701171875,5.4168701171875,"1d2,1d2,1d2",mace_mp0,111.40024528452841,0.45,-1.0348441067035175,2.405276729999557,0.0,True,-0.5973052060365728,7.6437178421317,15.124306190102743,0.3781076547525686
cssnbr3_cubic_orb_v2_q1d2-1d2-1d2-b1,cssnbr3_cubic,orb_v2,orb_v2,decide,1,40,1417.7964514941566,complete,10,False,5.4168701171875,5.4168701171875,"1d2,1d2,1d2",chgnet,256.7596435546875,0.45,-1.5047387066942897,0.0646861019805205,5.455768823165787,True,-0.7202601396979563,48.718787582846765,130.3103835816728,3.25775958954182
cssnbr3_cubic_orb_v2_q1d2-1d2-1d2-b1,cssnbr3_cubic,orb_v2,orb_v2,decide,1,40,1417.7964514941566,complete,10,False,5.4168701171875,5.4168701171875,"1d2,1d2,1d2",orb_v2,72.57080078125,0.45,-0.9352584985389786,2.8514999496627196,0.0,True,-0.5678382796729439,21.398252393912454,53.878459191764705,1.3469614797941176
cssnbr3_cubic_orb_v2_q1d2-1d2-1d2-b1,cssnbr3_cubic,orb_v2,orb_v2,decide,1,40,1417.7964514941566,complete,10,False,5.4168701171875,5.4168701171875,"1d2,1d2,1d2",sevennet0,136.03973388671875,0.45,-1.1337237157484452,2.284725821812798,0.0,True,-0.6251906155338287,3.1451708364494486,9.590473913704045,0.23976184784260113
cssnbr3_cubic_orb_v2_q1d2-1d2-1d2-b1,cssnbr3_cubic,orb_v2,orb_v2,decide,1,40,1417.7964514941566,complete,10,False,5.4168701171875,5.4168701171875,"1d2,1d2,1d2",mattersim,126.77764892578125,0.45,-1.187096713322581,2.784960376335077,0.0,True,-0.6397376135368981,0.8867367231362904,2.4161766123143025,0.06040441530785756
cssnbr3_cubic_orb_v2_q1d2-1d2-1d2-b2,cssnbr3_cubic,orb_v2,orb_v2,decide,2,40,1390.6849904240607,complete,10,False,6.561279296875,6.561279296875,"1d2,1d2,1d2",pbe,107.90021198772592,0.45,-1.190121623082337,3.2460609842470345,0.0,True,-0.6467658289134337,,,
cssnbr3_cubic_orb_v2_q1d2-1d2-1d2-b2,cssnbr3_cubic,orb_v2,orb_v2,decide,2,40,1390.6849904240607,complete,10,False,6.561279296875,6.561279296875,"1d2,1d2,1d2",mace_mp0,99.15045617096041,0.45,-1.0680140777255742,2.8678519482675338,0.0,True,-0.6126887162637674,5.021666240357609,10.686770040379656,0.2671692510094914
cssnbr3_cubic_orb_v2_q1d2-1d2-1d2-b2,cssnbr3_cubic,orb_v2,orb_v2,decide,2,40,1390.6849904240607,complete,10,False,6.561279296875,6.561279296875,"1d2,1d2,1d2",chgnet,240.1123046875,0.45,-1.5013315570136028,0.30896286493239744,6.175023386413211,True,-0.7264231902866265,49.60262691900247,132.21209269977408,3.305302317494352
cssnbr3_cubic_orb_v2_q1d2-1d2-1d2-b2,cssnbr3_cubic,orb_v2,orb_v2,decide,2,40,1390.6849904240607,complete,10,False,6.561279296875,6.561279296875,"1d2,1d2,1d2",orb_v2,73.8372802734375,0.35555555555555557,-0.9975063339280091,3.178839790878182,0.0,True,-0.5921193101597676,14.588201762018446,35.893986401788425,0.8973496600447106
cssnbr3_cubic_orb_v2_q1d2-1d2-1d2-b2,cssnbr3_cubic,orb_v2,orb_v2,decide,2,40,1390.6849904240607,complete,10,False,6.561279296875,6.561279296875,"1d2,1d2,1d2",sevennet0,132.0343017578125,0.45,-1.2085653114219432,2.6234476796670028,0.615066411391912,True,-0.6517581279948065,8.540801412731257,24.134089770086575,0.6033522442521644
cssnbr3_cubic_orb_v2_q1d2-1d2-1d2-b2,cssnbr3_cubic,orb_v2,orb_v2,decide,2,40,1390.6849904240607,complete,10,False,6.561279296875,6.561279296875,"1d2,1d2,1d2",mattersim,105.14068603515625,0.45,-1.1565192861946396,3.1606198886496504,0.0,True,-0.6375699405467359,1.7915622614963764,4.4597890810109675,0.11149472702527419
cssnbr3_cubic_sevennet0_q1d2-1d2-1d2-b0,cssnbr3_cubic,sevennet0,sevennet0,decide,0,40,1278.6749980890154,complete,10,True,0.66375732421875,0.66375732421875,"1d2,1d2,1d2",pbe,127.4412509665126,0.45,-1.1534941154665102,2.589355841042054,0.0,True,-0.6640386868436065,,,
cssnbr3_cubic_sevennet0_q1d2-1d2-1d2-b0,cssnbr3_cubic,sevennet0,sevennet0,decide,0,40,1278.6749980890154,complete,10,True,0.66375732421875,0.66375732421875,"1d2,1d2,1d2",mace_mp0,114.571253335086,0.45,-1.0025913552624994,2.1686850603696537,0.0,True,-0.6190812748226306,6.723647983857265,13.543172646095059,0.33857931615237646
cssnbr3_cubic_sevennet0_q1d2-1d2-1d2-b0,cssnbr3_cubic,sevennet0,sevennet0,decide,0,40,1278.6749980890154,complete,10,True,0.66375732421875,0.66375732421875,"1d2,1d2,1d2",chgnet,246.063232421875,0.45,-1.3786649190119307,-0.4994559099419848,6.453174054169717,True,-0.7259639463859561,44.11603041834369,118.6219814553624,2.96554953638406
cssnbr3_cubic_sevennet0_q1d2-1d2-1d2-b0,cssnbr3_cubic,sevennet0,sevennet0,decide,0,40,1278.6749980890154,complete,10,True,0.66375732421875,0.66375732421875,"1d2,1d2,1d2",orb_v2,114.1204833984375,0.45,-1.1648988990535187,2.9876419985919416,0.0,True,-0.6673133416427824,4.88314366106399,13.320767568075098,0.33301918920187745
cssnbr3_cubic_sevennet0_q1d2-1d2-1d2-b0,cssnbr3_cubic,sevennet0,sevennet0,decide,0,40,1278.6749980890154,complete,10,True,0.66375732421875,0.66375732421875,"1d2,1d2,1d2",sevennet0,149.0020751953125,0.45,-1.144563546930944,2.0246465202695307,0.0,True,-0.6614631358124248,7.247836257864278,21.560824228799902,0.5390206057199975
cssnbr3_cubic_sevennet0_q1d2-1d2-1d2-b0,cssnbr3_cubic,sevennet0,sevennet0,decide,0,40,1278.6749980890154,complete,10,True,0.66375732421875,0.66375732421875,"1d2,1d2,1d2",mattersim,128.082275390625,0.45,-1.1215459337368132,2.4283535415028688,0.0,True,-0.6547782169975872,1.0568019682980014,3.025899590284098,0.07564748975710245
knbo3_cubic_chgnet_q0-0-0-b0,knbo3_cubic,chgnet,chgnet,decide,0,5,144.99082158928317,complete,10,True,0.095367431640625,0.019073486328125,"0,0,0",pbe,57.84473530820833,0.08888888888888889,-12.572162455158491,646.5096002576548,0.0,True,-6.510292687902881,,,
knbo3_cubic_chgnet_q0-0-0-b0,knbo3_cubic,chgnet,chgnet,decide,0,5,144.99082158928317,complete,10,True,0.095367431640625,0.019073486328125,"0,0,0",mace_mp0,29.605984245399952,0.08888888888888889,-8.816015125046915,630.9054740785994,0.0,True,-5.4516966848933786,29.88081922050952,974.8523861404194,194.9704772280839
knbo3_cubic_chgnet_q0-0-0-b0,knbo3_cubic,chgnet,chgnet,decide,0,5,144.99082158928317,complete,10,True,0.095367431640625,0.019073486328125,"0,0,0",chgnet,30.31158447265625,0.08888888888888889,-8.273031571949456,552.2076633531133,1102.0988193138949,True,-5.2811422141729905,25.96493761601597,1372.189103420169,274.4378206840338
knbo3_cubic_chgnet_q0-0-0-b0,knbo3_cubic,chgnet,chgnet,decide,0,5,144.99082158928317,complete,10,True,0.095367431640625,0.019073486328125,"0,0,0",orb_v2,29.144287109375,0.08888888888888889,-9.260661607271047,645.7974258477249,0.0,True,-5.58748704584392,28.399086085426056,1444.1695797995635,288.8339159599127
knbo3_cubic_chgnet_q0-0-0-b0,knbo3_cubic,chgnet,chgnet,decide,0,5,144.99082158928317,complete,10,True,0.095367431640625,0.019073486328125,"0,0,0",sevennet0,30.8685302734375,0.08888888888888889,-8.937967216112051,624.948613235778,0.0,True,-5.48927388738007,27.9501812064591,1429.153977687747,285.8307955375494
knbo3_cubic_chgnet_q0-0-0-b0,knbo3_cubic,chgnet,chgnet,decide,0,5,144.99082158928317,complete,10,True,0.095367431640625,0.019073486328125,"0,0,0",mattersim,35.82000732421875,0.08888888888888889,-9.730102606213377,645.297438491176,0.0,True,-5.72735669934553,24.18783183866437,1388.5388959006377,277.70777918012755
knbo3_cubic_mace_mp0_q0-1d2-1d2-b0,knbo3_cubic,mace_mp0,mace_mp0,decide,0,20,398.31542501719963,complete,10,True,1.6271428648906294e-08,2.8421709430404007e-11,"0,1d2,1d2",pbe,87.7958973578643,0.08888888888888889,-21.496737721673966,1305.095314890097,0.0,True,-5.136159399507382,,,
knbo3_cubic_mace_mp0_q0-1d2-1d2-b0,knbo3_cubic,mace_mp0,mace_mp0,decide,0,20,398.31542501719963,complete,10,True,1.6271428648906294e-08,2.8421709430404007e-11,"0,1d2,1d2",mace_mp0,27.879491384709354,0.049999999999999996,-14.740059759846805,1395.2469962575165,16022.323695442696,True,-4.253063204302247,85.02194594027596,22949.3218991297,1147.466094956485
knbo3_cubic_mace_mp0_q0-1d2-1d2-b0,knbo3_cubic,mace_mp0,mace_mp0,decide,0,20,398.31542501719963,complete,10,True,1.6271428648906294e-08,2.8421709430404007e-11,"0,1d2,1d2",chgnet,14.9993896484375,0.049999999999999996,-3.017081985123379,-2009.584986656626,326516.0620345604,True,-1.92418032884046,112.83754495240194,25599.908561885968,1279.9954280942984
knbo3_cubic_mace_mp0_q0-1d2-1d2-b0,knbo3_cubic,mace_mp0,mace_mp0,decide,0,20,398.31542501719963,complete,10,True,1.6271428648906294e-08,2.8421709430404007e-11,"0,1d2,1d2",orb_v2,33.9508056640625,0.049999999999999996,-18.721175853611435,2030.6740350786047,0.0,True,-4.7931252306018095,84.77921833854312,18271.85985583128,913.592992791564
knbo3_cubic_mace_mp0_q0-1d2-1d2-b0,knbo3_cubic,mace_mp0,mace_mp0,decide,0,20,398.31542501719963,complete,10,True,1.6271428648906294e-08,2.8421709430404007e-11,"0,1d2,1d2",sevennet0,26.30615234375,0.049999999999999996,-14.397864590592837,1546.316780188707,0.0,True,-4.203405198704057,86.71357135454498,22820.451469600812,1141.0225734800406
knbo3_cubic_mace_mp0_q0-1d2-1d2-b0,knbo3_cubic,mace_mp0,mace_mp0,decide,0,20,398.31542501719963,complete,10,True,1.6271428648906294e-08,2.8421709430404007e-11,"0,1d2,1d2",mattersim,27.3895263671875,0.049999999999999996,-14.849907552526494,1553.426346730366,0.0,True,-4.268881404098888,83.35848980510652,20997.712822139874,1049.8856411069937
knbo3_cubic_mattersim_q0-0-0-b0,knbo3_cubic,mattersim,mattersim,decide,0,5,59.49473668408246,complete,10,True,0.003814697265625,0.003814697265625,"0,0,0",pbe,48.77341232713661,0.13888888888888892,-6.822539308597356,217.07548204250625,0.0,True,-7.486856809679079,,,
knbo3_cubic_mattersim_q0-0-0-b0,knbo3_cubic,mattersim,mattersim,decide,0,5,59.49473668408246,complete,10,True,0.003814697265625,0.003814697265625,"0,0,0",mace_mp0,22.200768371135382,0.08888888888888889,-4.830946776546886,254.49858261085862,0.0,True,-6.300030183997552,47.47649281989192,2065.8103543317416,413.1620708663483
knbo3_cubic_mattersim_q0-0-0-b0,knbo3_cubic,mattersim,mattersim,decide,0,5,59.49473668408246,complete,10,True,0.003814697265625,0.003814697265625,"0,0,0",chgnet,18.581390380859375,0.08888888888888889,-3.484324221533682,111.85645888604955,3935.6761755133784,True,-5.350394238732872,46.449383210530264,2073.2592150779965,414.6518430155993
knbo3_cubic_mattersim_q0-0-0-b0,knbo3_cubic,mattersim,mattersim,decide,0,5,59.49473668408246,complete,10,True,0.003814697265625,0.003814697265625,"0,0,0",orb_v2,22.803306579589844,0.08888888888888889,-5.054830461307409,262.35639739153726,0.0,True,-6.444360110506748,42.24236785702985,1973.9851758095028,394.79703516190057
knbo3_cubic_mattersim_q0-0-0-b0,knbo3_cubic,mattersim,mattersim,decide,0,5,59.49473668408246,complete,10,True,0.003814697265625,0.003814697265625,"0,0,0",sevennet0,23.15521240234375,0.08888888888888889,-4.937196037812807,251.43895706755904,0.0,True,-6.368933139038576,44.03536616535184,2035.6443926903012,407.12887853806023
knbo3_cubic_mattersim_q0-0-0-b0,knbo3_cubic,mattersim,mattersim,decide,0,5,59.49473668408246,complete,10,True,0.003814697265625,0.003814697265625,"0,0,0",mattersim,25.44403076171875,0.08888888888888889,-5.252938745343887,254.81653326068056,0.0,True,-6.569429737482707,39.99209167952249,1831.9376513572934,366.3875302714587
knbo3_cubic_mattersim_q0-1d2-1d2-b0,knbo3_cubic,mattersim,mattersim,decide,0,20,399.51141068970367,complete,10,False,3.83758544921875,0.0152587890625,"0,1d2,1d2",pbe,91.78318143676734,0.08888888888888889,-22.272402523108653,1339.1059809327617,0.0,True,-5.220170843287928,,,
knbo3_cubic_mattersim_q0-1d2-1d2-b0,knbo3_cubic,mattersim,mattersim,decide,0,20,399.51141068970367,complete,10,False,3.83758544921875,0.0152587890625,"0,1d2,1d2",mace_mp0,29.324859095879674,0.049999999999999996,-15.335866307471786,1392.4905019325377,19950.31005293727,True,-4.331669768496931,86.44192491191735,23812.01531068882,1190.600765534441
knbo3_cubic_mattersim_q0-1d2-1d2-b0,knbo3_cubic,mattersim,mattersim,decide,0,20,399.51141068970367,complete,10,False,3.83758544921875,0.0152587890625,"0,1d2,1d2",chgnet,16.510009765625,0.049999999999999996,-3.5122716202711852,-2081.1249662267323,337686.737472483,True,-2.0729805650634483,114.22791164378691,26432.5680978327,1321.628404891635
knbo3_cubic_mattersim_q0-1d2-1d2-b0,knbo3_cubic,mattersim,mattersim,decide,0,20,399.51141068970367,complete,10,False,3.83758544921875,0.0152587890625,"0,1d2,1d2",orb_v2,37.273406982421875,0.049999999999999996,-21.0113265080559,2273.8266408764284,0.0,True,-5.070233016252972,86.01624632157352,18827.339673760434,941.3669836880217
knbo3_cubic_mattersim_q0-1d2-1d2-b0,knbo3_cubic,mattersim,mattersim,decide,0,20,399.51141068970367,complete,10,False,3.83758544921875,0.0152587890625,"0,1d2,1d2",sevennet0,27.64892578125,0.049999999999999996,-15.02940129241636,1584.6896336259995,0.0,True,-4.288170288727473,88.49380856784525,23832.23393035223,1191.6116965176116
knbo3_cubic_mattersim_q0-1d2-1d2-b0,knbo3_cubic,mattersim,mattersim,decide,0,20,399.51141068970367,complete,10,False,3.83758544921875,0.0152587890625,"0,1d2,1d2",mattersim,28.8848876953125,0.049999999999999996,-15.5505934284226,1595.1726290703853,0.0,True,-4.361889572589621,84.7715395672167,21844.61643767645,1092.2308218838225
knbo3_cubic_orb_v2_q0-1d2-1d2-b0,knbo3_cubic,orb_v2,orb_v2,decide,0,20,371.57904203098013,complete,10,True,0.518798828125,0.3948211669921875,"0,1d2,1d2",pbe,97.58546481680241,0.13888888888888892,-10.102486755442694,258.3632745108984,0.0,True,-3.6454766149980005,,,
knbo3_cubic_orb_v2_q0-1d2-1d2-b0,knbo3_cubic,orb_v2,orb_v2,decide,0,20,371.57904203098013,complete,10,True,0.518798828125,0.3948211669921875,"0,1d2,1d2",mace_mp0,54.6335196931409,0.13888888888888892,-8.049812912845153,268.0378009914958,0.0,True,-3.2541162625266598,40.883654145900955,1616.436514342098,80.8218257171049
knbo3_cubic_orb_v2_q0-1d2-1d2-b0,knbo3_cubic,orb_v2,orb_v2,decide,0,20,371.57904203098013,complete,10,True,0.518798828125,0.3948211669921875,"0,1d2,1d2",chgnet,32.8369140625,0.08888888888888889,-5.2935918579126175,98.59780170223152,5639.363632983727,True,-2.6388542185291457,61.05454963507452,1613.6896343159606,80.68448171579803
knbo3_cubic_orb_v2_q0-1d2-1d2-b0,knbo3_cubic,orb_v2,orb_v2,decide,0,20,371.57904203098013,complete,10,True,0.518798828125,0.3948211669921875,"0,1d2,1d2",orb_v2,58.78448486328125,0.08888888888888889,-8.407704869583334,317.12590466103575,0.0,True,-3.325668072271773,65.27076824952086,1927.0326824116637,96.35163412058318
knbo3_cubic_orb_v2_q0-1d2-1d2-b0,knbo3_cubic,orb_v2,orb_v2,decide,0,20,371.57904203098013,complete,10,True,0.518798828125,0.3948211669921875,"0,1d2,1d2",sevennet0,61.065673828125,0.13888888888888892,-8.551295089899341,276.0739054512275,0.0,True,-3.3539464055163357,37.22064459966791,1527.004453651898,76.3502226825949
knbo3_cubic_orb_v2_q0-1d2-1d2-b0,knbo3_cubic,orb_v2,orb_v2,decide,0,20,371.57904203098013,complete,10,True,0.518798828125,0.3948211669921875,"0,1d2,1d2",mattersim,49.072265625,0.13888888888888892,-7.903855597640179,274.1418853544616,0.0,True,-3.2244798724622052,47.07612811280503,1440.9296245503356,72.04648122751678
knbo3_cubic_orb_v2_q1d2-1d2-0-b0,knbo3_cubic,orb_v2,orb_v2,decide,0,20,371.6820794126926,complete,10,False,2.704620361328125,0.3566741943359375,"1d2,1d2,0",pbe,100.1495935197454,0.13888888888888892,-10.279409527361887,260.6145060817077,0.0,True,-3.676749570311617,,,
knbo3_cubic_orb_v2_q1d2-1d2-0-b0,knbo3_cubic,orb_v2,orb_v2,decide,0,20,371.6820794126926,complete,10,False,2.704620361328125,0.3566741943359375,"1d2,1d2,0",mace_mp0,56.62039493813609,0.13888888888888892,-8.19610179046423,270.2940462011327,0.0,True,-3.2830964218935867,41.40946810668966,1637.353606894834,81.8676803447417
knbo3_cubic_orb_v2_q1d2-1d2-0-b0,knbo3_cubic,orb_v2,orb_v2,decide,0,20,371.6820794126926,complete,10,False,2.704620361328125,0.3566741943359375,"1d2,1d2,0",chgnet,33.782958984375,0.08888888888888889,-5.47610464587644,108.54031018180487,5386.9682073464,True,-2.683587964350954,61.823005354871206,1632.111158411135,81.60555792055675
knbo3_cubic_orb_v2_q1d2-1d2-0-b0,knbo3_cubic,orb_v2,orb_v2,decide,0,20,371.6820794126926,complete,10,False,2.704620361328125,0.3566741943359375,"1d2,1d2,0",orb_v2,56.640625,0.08888888888888889,-7.983524431640958,299.96299249269254,0.0,True,-3.2402408687878665,63.5789322693973,1874.1393948002951,93.70696974001476
knbo3_cubic_orb_v2_q1d2-1d2-0-b0,knbo3_cubic,orb_v2,orb_v2,decide,0,20,371.6820794126926,complete,10,False,2.704620361328125,0.3566741943359375,"1d2,1d2,0",sevennet0,63.262939453125,0.13888888888888892,-8.715629761390758,278.6393907627023,0.0,True,-3.385550939819209,37.62680904318661,1546.14314083301,77.3071570416505
knbo3_cubic_orb_v2_q1d2-1d2-0-b0,knbo3_cubic,orb_v2,orb_v2,decide,0,20,371.6820794126926,complete,10,False,2.704620361328125,0.3566741943359375,"1d2,1d2,0",mattersim,51.2847900390625,0.13888888888888892,-8.067348933885082,276.61971189403675,0.0,True,-3.257207206133288,47.4428257401656,1459.53425411426,72.976712705713
knbo3_cubic_sevennet0_q0-1d2-1d2-b0,knbo3_cubic,sevennet0,sevennet0,decide,0,20,393.16441566723944,complete,10,True,0.16021728515625,0.0152587890625,"0,1d2,1d2",pbe,94.64445844787406,0.08888888888888889,-21.02155732293564,1136.587346221689,0.0,True,-5.112238637484995,,,
knbo3_cubic_sevennet0_q0-1d2-1d2-b0,knbo3_cubic,sevennet0,sevennet0,decide,0,20,393.16441566723944,complete,10,True,0.16021728515625,0.0152587890625,"0,1d2,1d2",mace_mp0,35.01213055545804,0.08888888888888889,-14.704802887406625,1167.6223143695427,16785.69005922998,True,-4.275710367188004,75.70039349301497,18328.150623414258,916.4075311707129
knbo3_cubic_sevennet0_q0-1d2-1d2-b0,knbo3_cubic,sevennet0,sevennet0,decide,0,20,393.16441566723944,complete,10,True,0.16021728515625,0.0152587890625,"0,1d2,1d2",chgnet,17.1356201171875,0.049999999999999996,-3.4360846408896384,-2170.5883085075693,321247.75127460633,True,-2.066857817213634,102.67329093342708,20859.488057765702,1042.974402888285
knbo3_cubic_sevennet0_q0-1d2-1d2-b0,knbo3_cubic,sevennet0,sevennet0,decide,0,20,393.16441566723944,complete,10,True,0.16021728515625,0.0152587890625,"0,1d2,1d2",orb_v2,36.84425354003906,0.049999999999999996,-19.805378636106443,1967.7925937729037,0.0,True,-4.96215413154058,76.72598218177453,15345.6998344991,767.284991724955
knbo3_cubic_sevennet0_q0-1d2-1d2-b0,knbo3_cubic,sevennet0,sevennet0,decide,0,20,393.16441566723944,complete,10,True,0.16021728515625,0.0152587890625,"0,1d2,1d2",sevennet0,31.6314697265625,0.08888888888888889,-14.624215775850017,1344.2324490858807,0.0,True,-4.263978127929589,77.0169373278285,17913.687276515702,895.6843638257851
knbo3_cubic_sevennet0_q0-1d2-1d2-b0,knbo3_cubic,sevennet0,sevennet0,decide,0,20,393.16441566723944,complete,10,True,0.16021728515625,0.0152587890625,"0,1d2,1d2",mattersim,33.8134765625,0.08888888888888889,-14.941016614246209,1349.3926737500205,0.0,True,-4.309915440498091,74.6329684783161,16668.173360500077,833.4086680250039
srtio3_cubic_chgnet_q1d2-1d2-1d2-b0,srtio3_cubic,chgnet,chgnet,decide,0,40,295.6057446044714,complete,10,False,6.622314453125,4.180908203125,"1d2,1d2,1d2",pbe,23.420157805958297,0.13888888888888892,-2.4036158450473817,61.45034755281326,0.0,True,-1.9936176573448796,,,
srtio3_cubic_chgnet_q1d2-1d2-1d2-b0,srtio3_cubic,chgnet,chgnet,decide,0,40,295.6057446044714,complete,10,False,6.622314453125,4.180908203125,"1d2,1d2,1d2",mace_mp0,22.881095767047555,0.13888888888888892,-2.346525671878958,59.9064542218636,0.0,True,-1.969799384128723,0.2555652085110317,26.963589520676123,0.6740897380169031
srtio3_cubic_chgnet_q1d2-1d2-1d2-b0,srtio3_cubic,chgnet,chgnet,decide,0,40,295.6057446044714,complete,10,False,6.622314453125,4.180908203125,"1d2,1d2,1d2",chgnet,5.79833984375,0.13888888888888892,-0.8328553386032544,16.521491167474068,563.9172453856526,True,-1.1735298189240413,12.841714282719986,49.999334194581024,1.2499833548645256
srtio3_cubic_chgnet_q1d2-1d2-1d2-b0,srtio3_cubic,chgnet,chgnet,decide,0,40,295.6057446044714,complete,10,False,6.622314453125,4.180908203125,"1d2,1d2,1d2",orb_v2,39.1387939453125,0.13888888888888892,-3.1995636751212517,39.390072693621576,1064.5512208770706,True,-2.300142386616532,6.763476221153201,136.17315115698148,3.404328778924537
srtio3_cubic_chgnet_q1d2-1d2-1d2-b0,srtio3_cubic,chgnet,chgnet,decide,0,40,295.6057446044714,complete,10,False,6.622314453125,4.180908203125,"1d2,1d2,1d2",sevennet0,20.81298828125,0.13888888888888892,-2.123590762024825,52.246645911905595,98.33057923544105,True,-1.8738928584619006,1.6143550167779732,26.867009975831024,0.6716752493957756
srtio3_cubic_chgnet_q1d2-1d2-1d2-b0,srtio3_cubic,chgnet,chgnet,decide,0,40,295.6057446044714,complete,10,False,6.622314453125,4.180908203125,"1d2,1d2,1d2",mattersim,15.625,0.13888888888888892,-1.8299095685589657,51.059022990155405,95.60878951798004,True,-1.7394988917886125,5.787976355744406,80.34124197729398,2.0085310494323494
srtio3_cubic_mace_mp0_q1d2-1d2-1d2-b0,srtio3_cubic,mace_mp0,mace_mp0,decide,0,40,293.47435064719843,complete,10,True,0.0036168057135910203,0.00039967420661923825,"1d2,1d2,1d2",pbe,27.673977390804794,0.13888888888888892,-2.6203739996408726,61.227300254233455,0.0,True,-2.0891149779224305,,,
srtio3_cubic_mace_mp0_q1d2-1d2-1d2-b0,srtio3_cubic,mace_mp0,mace_mp0,decide,0,40,293.47435064719843,complete,10,True,0.0036168057135910203,0.00039967420661923825,"1d2,1d2,1d2",mace_mp0,27.42497629941454,0.13888888888888892,-2.570660819735978,59.33335459324154,0.0,True,-2.069202960853485,0.4206584248034439,16.60178416244662,0.4150446040611655
srtio3_cubic_mace_mp0_q1d2-1d2-1d2-b0,srtio3_cubic,mace_mp0,mace_mp0,decide,0,40,293.47435064719843,complete,10,True,0.0036168057135910203,0.00039967420661923825,"1d2,1d2,1d2",chgnet,8.026123046875,0.13888888888888892,-0.8680218227025752,11.327959921936056,618.9225560906691,True,-1.2023918500284634,14.239424639740134,30.68569872993976,0.767142468248494
srtio3_cubic_mace_mp0_q1d2-1d2-1d2-b0,srtio3_cubic,mace_mp0,mace_mp0,decide,0,40,293.47435064719843,complete,10,True,0.0036168057135910203,0.00039967420661923825,"1d2,1d2,1d2",orb_v2,50.19378662109375,0.19999999999999998,-3.3660584063011845,31.834891233437318,527.1412474245711,True,-2.367780969403417,18.463546002314615,149.10619159491034,3.7276547898727586
srtio3_cubic_mace_mp0_q1d2-1d2-1d2-b0,srtio3_cubic,mace_mp0,mace_mp0,decide,0,40,293.47435064719843,complete,10,True,0.0036168057135910203,0.00039967420661923825,"1d2,1d2,1d2",sevennet0,24.749755859375,0.13888888888888892,-2.3174143251206756,51.50202782111541,109.8127054341981,True,-1.9646380257532576,1.9259928484684157,5.234038573689759,0.13085096434224397
srtio3_cubic_mace_mp0_q1d2-1d2-1d2-b0,srtio3_cubic,mace_mp0,mace_mp0,decide,0,40,293.47435064719843,complete,10,True,0.0036168057135910203,0.00039967420661923825,"1d2,1d2,1d2",mattersim,19.805908203125,0.13888888888888892,-2.016018457137465,48.6486790882369,137.72198948946937,True,-1.8324323654187875,5.948472018331032,98.76744647772284,2.469186161943071
srtio3_cubic_mattersim_q1d2-1d2-1d2-b0,srtio3_cubic,mattersim,mattersim,decide,0,40,387.475622352629,complete,10,False,1.40380859375,1.40380859375,"1d2,1d2,1d2",pbe,26.547426103206817,0.13888888888888892,-3.3899093196450094,104.06134041757133,0.0,True,-2.067938531387283,,,
srtio3_cubic_mattersim_q1d2-1d2-1d2-b0,srtio3_cubic,mattersim,mattersim,decide,0,40,387.475622352629,complete,10,False,1.40380859375,1.40380859375,"1d2,1d2,1d2",mace_mp0,25.577590309524112,0.13888888888888892,-3.3006176062891757,101.8827924334248,0.0,True,-2.040521574315827,0.41745814146783655,36.07344391394918,0.9018360978487294
srtio3_cubic_mattersim_q1d2-1d2-1d2-b0,srtio3_cubic,mattersim,mattersim,decide,0,40,387.475622352629,complete,10,False,1.40380859375,1.40380859375,"1d2,1d2,1d2",chgnet,10.101318359375,0.08888888888888889,-1.0490383148603228,-73.2242857727867,5577.797877166681,True,-1.1503745368952414,13.16849606996993,149.8750782920979,3.7468769573024474
srtio3_cubic_mattersim_q1d2-1d2-1d2-b0,srtio3_cubic,mattersim,mattersim,decide,0,40,387.475622352629,complete,10,False,1.40380859375,1.40380859375,"1d2,1d2,1d2",orb_v2,56.00738525390625,0.13888888888888892,-4.418413306280428,37.52808330659262,2099.977569779084,True,-2.360895443417255,13.024971530465827,225.11729231337085,5.627932307834271
srtio3_cubic_mattersim_q1d2-1d2-1d2-b0,srtio3_cubic,mattersim,mattersim,decide,0,40,387.475622352629,complete,10,False,1.40380859375,1.40380859375,"1d2,1d2,1d2",sevennet0,23.651123046875,0.13888888888888892,-3.0862808677284392,95.04685815304215,69.66454244909467,True,-1.9731554810719543,1.6015270704601032,63.937578292097896,1.5984394573024474
srtio3_cubic_mattersim_q1d2-1d2-1d2-b0,srtio3_cubic,mattersim,mattersim,decide,0,40,387.475622352629,complete,10,False,1.40380859375,1.40380859375,"1d2,1d2,1d2",mattersim,17.15087890625,0.13888888888888892,-2.7036650665916993,92.73611429375033,71.83677208485092,True,-1.8468006968368382,6.660505447434573,107.1134470985271,2.6778361774631776
srtio3_cubic_orb_v2_q1d2-1d2-1d2-b0-refmattersim,srtio3_cubic,orb_v2,mattersim,ref,0,40,387.475622352629,complete,10,,,,"1d2,1d2,1d2",pbe,26.747973999590613,0.13888888888888892,-3.401289325651966,104.10777489718787,0.0,True,-2.0714066825140063,,,
srtio3_cubic_orb_v2_q1d2-1d2-1d2-b0-refmattersim,srtio3_cubic,orb_v2,mattersim,ref,0,40,387.475622352629,complete,10,,,,"1d2,1d2,1d2",mace_mp0,25.776703786675625,0.13888888888888892,-3.311750325952821,101.92468566034225,0.0,True,-2.043959935604123,0.4187542668526519,36.018613198905314,0.9004653299726328
srtio3_cubic_orb_v2_q1d2-1d2-1d2-b0-refmattersim,srtio3_cubic,orb_v2,mattersim,ref,0,40,387.475622352629,complete,10,,,,"1d2,1d2,1d2",chgnet,10.07080078125,0.08888888888888889,-0.9464395144297295,-90.76378634495029,6207.103627227629,True,-1.092672509826461,13.276454806803667,149.9355287232902,3.7483882180822548
srtio3_cubic_orb_v2_q1d2-1d2-1d2-b0-refmattersim,srtio3_cubic,orb_v2,mattersim,ref,0,40,387.475622352629,complete,10,,,,"1d2,1d2,1d2",orb_v2,57.403564453125,0.13888888888888892,-4.551549840225688,41.838280884397264,2041.0875997861194,True,-2.396200951389995,13.77866527155836,223.7064390501473,5.592660976253683
srtio3_cubic_orb_v2_q1d2-1d2-1d2-b0-refmattersim,srtio3_cubic,orb_v2,mattersim,ref,0,40,387.475622352629,complete,10,,,,"1d2,1d2,1d2",sevennet0,23.834228515625,0.13888888888888892,-3.1041360731347534,95.71456091575504,57.929079830416946,True,-1.9788549440762524,1.599575413806115,64.08958145766519,1.6022395364416298
srtio3_cubic_orb_v2_q1d2-1d2-1d2-b0-refmattersim,srtio3_cubic,orb_v2,mattersim,ref,0,40,387.475622352629,complete,10,,,,"1d2,1d2,1d2",mattersim,17.364501953125,0.13888888888888892,-2.689506077049153,90.78076268431239,105.19718280450805,True,-1.841958536999588,6.656155053505499,107.14454940170981,2.6786137350427452
srtio3_cubic_sevennet0_q1d2-1d2-1d2-b0,srtio3_cubic,sevennet0,sevennet0,decide,0,40,257.0080363549521,complete,10,True,0.030517578125,0.030517578125,"1d2,1d2,1d2",pbe,26.05544427933637,0.13888888888888892,-2.2101936535346107,45.59061058928323,0.0,True,-2.050253628620693,,,
srtio3_cubic_sevennet0_q1d2-1d2-1d2-b0,srtio3_cubic,sevennet0,sevennet0,decide,0,40,257.0080363549521,complete,10,True,0.030517578125,0.030517578125,"1d2,1d2,1d2",mace_mp0,25.97779763220842,0.13888888888888892,-2.2008906452075023,44.69379861771901,0.0,True,-2.045934179129572,1.5530972912787986,5.160577308572556,0.1290144327143139
srtio3_cubic_sevennet0_q1d2-1d2-1d2-b0,srtio3_cubic,sevennet0,sevennet0,decide,0,40,257.0080363549521,complete,10,True,0.030517578125,0.030517578125,"1d2,1d2,1d2",chgnet,7.14111328125,0.13888888888888892,-0.590851987249676,-1.348231296726805,667.1198242735771,True,-1.0600632425734424,17.635856685154913,31.866468678344972,0.7966617169586243
srtio3_cubic_sevennet0_q1d2-1d2-1d2-b0,srtio3_cubic,sevennet0,sevennet0,decide,0,40,257.0080363549521,complete,10,True,0.030517578125,0.030517578125,"1d2,1d2,1d2",orb_v2,55.87005615234375,0.19999999999999998,-2.5385703401507467,9.394518008003914,485.68987095384193,True,-2.197288214091238,17.89098228685683,79.84849202330224,1.996212300582556
srtio3_cubic_sevennet0_q1d2-1d2-1d2-b0,srtio3_cubic,sevennet0,sevennet0,decide,0,40,257.0080363549521,complete,10,True,0.030517578125,0.030517578125,"1d2,1d2,1d2",sevennet0,22.94921875,0.13888888888888892,-1.9701223693176257,38.84666639455067,83.72830877450953,True,-1.9357043521496757,3.2476252190753505,34.20945393736474,0.8552363484341186
srtio3_cubic_sevennet0_q1d2-1d2-1d2-b0,srtio3_cubic,sevennet0,sevennet0,decide,0,40,257.0080363549521,complete,10,True,0.030517578125,0.030517578125,"1d2,1d2,1d2",mattersim,19.134521484375,0.13888888888888892,-1.7709941731412437,38.4792397855945,98.16647260672487,True,-1.8352743359922654,9.182268114127169,94.78684651548974,2.3696711628872436
zr_bcc_chgnet_q1d3-2d3-0-b0-refmattersim,zr_bcc,chgnet,mattersim,ref,0,9,821.015980321056,complete,10,,,,"1d3,2d3,0",pbe,159.46864160832774,0.19999999999999998,-3.9922703328820237,28.76153807936967,0.0,True,-1.541700249617317,,,
zr_bcc_chgnet_q1d3-2d3-0-b0-refmattersim,zr_bcc,chgnet,mattersim,ref,0,9,821.015980321056,complete,10,,,,"1d3,2d3,0",mace_mp0,-0.0,0.0,4.223468414075116,6.241177846933788,0.0,True,1.5857130388618763,317.953597552592,568.6762307969673,63.186247866329694
zr_bcc_chgnet_q1d3-2d3-0-b0-refmattersim,zr_bcc,chgnet,mattersim,ref,0,9,821.015980321056,complete,10,,,,"1d3,2d3,0",chgnet,-0.0,0.0,1.8813895506127505,-25.40900685155514,364.64419141350317,True,1.0583500527579093,130.38444045676673,256.2748125365033,28.47497917072259
zr_bcc_chgnet_q1d3-2d3-0-b0-refmattersim,zr_bcc,chgnet,mattersim,ref,0,9,821.015980321056,complete,10,,,,"1d3,2d3,0",orb_v2,141.7217254638672,0.27222222222222214,-3.5235289841855604,23.41739992166042,0.0,True,-1.4483679170437205,46.298177612246,115.19063828927756,12.79895980991973
zr_bcc_chgnet_q1d3-2d3-0-b0-refmattersim,zr_bcc,chgnet,mattersim,ref,0,9,821.015980321056,complete,10,,,,"1d3,2d3,0",sevennet0,-0.0,0.0,1.2871320826192794,-29.964724255934236,441.3947123992678,True,0.8753898963978738,108.2382409521256,209.3235185911908,23.258168732354534
zr_bcc_chgnet_q1d3-2d3-0-b0-refmattersim,zr_bcc,chgnet,mattersim,ref,0,9,821.015980321056,complete,10,,,,"1d3,2d3,0",mattersim,189.73541259765625,0.27222222222222214,-4.079088925035394,20.83466981841446,0.0,True,-1.558373514714919,119.2823946019985,330.43016313058615,36.71446257006513
zr_bcc_mace_mp0_q1d3-2d3-0-b0-refmattersim,zr_bcc,mace_mp0,mattersim,ref,0,9,821.015980321056,complete,10,,,,"1d3,2d3,0",pbe,173.75176093992195,0.19999999999999998,-4.3551469626540245,29.457218544636977,0.0,True,-1.6102428496607024,,,
zr_bcc_mace_mp0_q1d3-2d3-0-b0-refmattersim,zr_bcc,mace_mp0,mattersim,ref,0,9,821.015980321056,complete,10,,,,"1d3,2d3,0",mace_mp0,-0.0,0.0,4.127483081500299,4.308041548557453,23.544016391624048,True,1.5675904999979255,323.03291863239644,570.9770711557667,63.441896795085185
zr_bcc_mace_mp0_q1d3-2d3-0-b0-refmattersim,zr_bcc,mace_mp0,mattersim,ref,0,9,821.015980321056,complete,10,,,,"1d3,2d3,0",chgnet,-0.0,0.0,1.1509283281658047,-11.738576611461786,244.78015582111018,True,0.827778442019382,128.5538773862765,252.58677950660058,28.06519772295562
zr_bcc_mace_mp0_q1d3-2d3-0-b0-refmattersim,zr_bcc,mace_mp0,mattersim,ref,0,9,821.015980321056,complete,10,,,,"1d3,2d3,0",orb_v2,157.67765045166016,0.27222222222222214,-3.702492927363869,23.411949417642074,0.0,True,-1.4846944695122337,44.66140384878188,104.88484411689569,11.653871568543966
zr_bcc_mace_mp0_q1d3-2d3-0-b0-refmattersim,zr_bcc,mace_mp0,mattersim,ref,0,9,821.015980321056,complete,10,,,,"1d3,2d3,0",sevennet0,-0.0,0.0,0.5781045048914008,-9.069487570979033,97.58851731355784,True,0.5866690113634493,105.70909077659088,201.36302462378808,22.37366940264312
zr_bcc_mace_mp0_q1d3-2d3-0-b0-refmattersim,zr_bcc,mace_mp0,mattersim,ref,0,9,821.015980321056,complete,10,,,,"1d3,2d3,0",mattersim,196.17462158203125,0.27222222222222214,-4.15877460730538,20.406364726480643,0.0,True,-1.573521436454907,113.42384414025364,318.9790061042004,35.4421117893556
zr_bcc_mattersim_q1d3-2d3-0-b0,zr_bcc,mattersim,mattersim,decide,0,9,821.015980321056,complete,10,True,0.0152587890625,0.0152587890625,"1d3,2d3,0",pbe,161.60133381890773,0.19999999999999998,-4.046295747641745,28.870761329461633,0.0,True,-1.5520967277125868,,,
zr_bcc_mattersim_q1d3-2d3-0-b0,zr_bcc,mattersim,mattersim,decide,0,9,821.015980321056,complete,10,True,0.0152587890625,0.0152587890625,"1d3,2d3,0",mace_mp0,-0.0,0.0,4.207579609396735,6.008945778810311,0.0,True,1.5827274801803883,318.71671827754176,569.0695096051428,63.22994551168253
zr_bcc_mattersim_q1d3-2d3-0-b0,zr_bcc,mattersim,mattersim,decide,0,9,821.015980321056,complete,10,True,0.0152587890625,0.0152587890625,"1d3,2d3,0",chgnet,-0.0,0.0,1.7755197056554164,-23.95070107352297,355.73084655429903,True,1.0281410997525988,130.0535409347248,255.67418103310047,28.408242337011163
zr_bcc_mattersim_q1d3-2d3-0-b0,zr_bcc,mattersim,mattersim,decide,0,9,821.015980321056,complete,10,True,0.0152587890625,0.0152587890625,"1d3,2d3,0",orb_v2,139.31655883789062,0.27222222222222214,-3.4784835523356477,23.12161556045715,0.0,True,-1.4390800383671583,45.70282100744451,110.91888595365162,12.324320661516847
zr_bcc_mattersim_q1d3-2d3-0-b0,zr_bcc,mattersim,mattersim,decide,0,9,821.015980321056,complete,10,True,0.0152587890625,0.0152587890625,"1d3,2d3,0",sevennet0,-0.0,0.0,1.0444737760849174,-13.145756096578971,131.43866381574088,True,0.7885672605639112,107.86363080992201,208.11253552528797,23.12361505836533
zr_bcc_mattersim_q1d3-2d3-0-b0,zr_bcc,mattersim,mattersim,decide,0,9,821.015980321056,complete,10,True,0.0152587890625,0.0152587890625,"1d3,2d3,0",mattersim,190.86456298828125,0.27222222222222214,-4.092373590045844,20.762812148345972,0.0,True,-1.5609090860234909,118.69440848725372,329.5391862466204,36.61546513851337
zr_bcc_orb_v2_q1d3-2d3-0-b0-refmattersim,zr_bcc,orb_v2,mattersim,ref,0,9,821.015980321056,complete,10,,,,"1d3,2d3,0",pbe,158.4082139779639,0.19999999999999998,-3.9667366039274166,28.70724733364523,0.0,True,-1.5367621444462265,,,
zr_bcc_orb_v2_q1d3-2d3-0-b0-refmattersim,zr_bcc,orb_v2,mattersim,ref,0,9,821.015980321056,complete,10,,,,"1d3,2d3,0",mace_mp0,-0.0,0.0,4.231763436332906,6.3813481245470545,0.0,True,1.5872694696807228,317.7977381556604,569.139517659778,63.237724184419775
zr_bcc_orb_v2_q1d3-2d3-0-b0-refmattersim,zr_bcc,orb_v2,mattersim,ref,0,9,821.015980321056,complete,10,,,,"1d3,2d3,0",chgnet,-0.0,0.0,1.9438723625929228,-26.023053118908365,365.73852027867713,True,1.0757809377681231,130.87226721988208,257.1944017254282,28.5771557472698
zr_bcc_orb_v2_q1d3-2d3-0-b0-refmattersim,zr_bcc,orb_v2,mattersim,ref,0,9,821.015980321056,complete,10,,,,"1d3,2d3,0",orb_v2,144.00005340576172,0.27222222222222214,-3.5706085364928493,23.718362862518244,0.0,True,-1.4580119766943365,45.415995248745695,116.55255172445322,12.950283524939247
zr_bcc_orb_v2_q1d3-2d3-0-b0-refmattersim,zr_bcc,orb_v2,mattersim,ref,0,9,821.015980321056,complete,10,,,,"1d3,2d3,0",sevennet0,-0.0,0.0,1.3356165948368612,-31.102845832315445,463.75251229396656,True,0.8917248618667606,108.67516925602503,210.63220690120943,23.403578544578824
zr_bcc_orb_v2_q1d3-2d3-0-b0-refmattersim,zr_bcc,orb_v2,mattersim,ref,0,9,821.015980321056,complete,10,,,,"1d3,2d3,0",mattersim,189.056396484375,0.27222222222222214,-4.071185595792533,20.87829978993074,0.0,True,-1.5568630903553342,119.26051735922711,330.04399154378916,36.671554615976575
zr_bcc_sevennet0_q1d3-2d3-0-b0-refmattersim,zr_bcc,sevennet0,mattersim,ref,0,9,821.015980321056,complete,10,,,,"1d3,2d3,0",pbe,162.5021666786779,0.19999999999999998,-4.069148297619389,28.91621981161832,0.0,True,-1.5564734997605378,,,
zr_bcc_sevennet0_q1d3-2d3-0-b0-refmattersim,zr_bcc,sevennet0,mattersim,ref,0,9,821.015980321056,complete,10,,,,"1d3,2d3,0",mace_mp0,-0.0,0.0,4.201003395803999,5.907134710152966,0.0,True,1.5814901388777058,319.0371912777171,569.2266411451783,63.247404571686474
zr_bcc_sevennet0_q1d3-2d3-0-b0-refmattersim,zr_bcc,sevennet0,mattersim,ref,0,9,821.015980321056,complete,10,,,,"1d3,2d3,0",chgnet,-0.0,0.0,1.7257306361646612,-22.998205571847187,346.7042348294256,True,1.0136230466527227,129.91831963775877,255.43523726810236,28.38169302978915
zr_bcc_sevennet0_q1d3-2d3-0-b0-refmattersim,zr_bcc,sevennet0,mattersim,ref,0,9,821.015980321056,complete,10,,,,"1d3,2d3,0",orb_v2,138.32664489746094,0.27222222222222214,-3.4732885917099945,23.019397722776446,0.0,True,-1.438005035802782,46.00070313597851,110.81145383832336,12.312383759813706
zr_bcc_sevennet0_q1d3-2d3-0-b0-refmattersim,zr_bcc,sevennet0,mattersim,ref,0,9,821.015980321056,complete,10,,,,"1d3,2d3,0",sevennet0,-0.0,0.0,1.0161321207473883,-13.083972719039703,130.98227998099551,True,0.7777948477545199,107.69402127784087,207.5760453735711,23.0640050415079
zr_bcc_sevennet0_q1d3-2d3-0-b0-refmattersim,zr_bcc,sevennet0,mattersim,ref,0,9,821.015980321056,complete,10,,,,"1d3,2d3,0",mattersim,191.33758544921875,0.27222222222222214,-4.098166014572025,20.73474268569109,0.0,True,-1.562013365823021,118.41765087262773,329.0750799369562,36.56389777077291
zro2_cubic_chgnet_q1d2-0-1d2-b0,zro2_cubic,chgnet,chgnet,decide,0,12,127.99199843003825,complete,10,True,0.0152587890625,0.0,"1d2,0,1d2",pbe,388.7208771375299,0.27222222222222214,-9.414157175686206,57.55835964230789,0.0,True,-5.996047844394797,,,
zro2_cubic_chgnet_q1d2-0-1d2-b0,zro2_cubic,chgnet,chgnet,decide,0,12,127.99199843003825,complete,10,True,0.0152587890625,0.0,"1d2,0,1d2",mace_mp0,175.2816824322423,0.19999999999999998,-6.711120141149785,60.204456041425324,0.0,True,-5.062579706325321,201.19614321337798,461.5259738849602,38.460497823746685
zro2_cubic_chgnet_q1d2-0-1d2-b0,zro2_cubic,chgnet,chgnet,decide,0,12,127.99199843003825,complete,10,True,0.0152587890625,0.0,"1d2,0,1d2",chgnet,226.7303466796875,0.19999999999999998,-8.355321536641162,72.03114197957443,0.0,True,-5.648796779059061,194.12724391987194,486.7506248810969,40.56255207342474
zro2_cubic_chgnet_q1d2-0-1d2-b0,zro2_cubic,chgnet,chgnet,decide,0,12,127.99199843003825,complete,10,True,0.0152587890625,0.0,"1d2,0,1d2",orb_v2,204.12826538085938,0.19999999999999998,-7.647417373079468,64.83608787560644,0.0,True,-5.404204363554642,195.61536288906737,497.3440391877375,41.44533659897812
zro2_cubic_chgnet_q1d2-0-1d2-b0,zro2_cubic,chgnet,chgnet,decide,0,12,127.99199843003825,complete,10,True,0.0152587890625,0.0,"1d2,0,1d2",sevennet0,193.9849853515625,0.19999999999999998,-7.13804700682192,60.636775576890614,0.0,True,-5.221124736451896,166.35531937735138,363.9326317170344,30.327719309752865
zro2_cubic_chgnet_q1d2-0-1d2-b0,zro2_cubic,chgnet,chgnet,decide,0,12,127.99199843003825,complete,10,True,0.0152587890625,0.0,"1d2,0,1d2",mattersim,237.73956298828125,0.19999999999999998,-7.289374596719709,57.045636837837385,0.0,True,-5.276178764000101,163.8303041766101,411.7994530060969,34.316621083841405
zro2_cubic_mace_mp0_q0-1d2-1d2-b0,zro2_cubic,mace_mp0,mace_mp0,decide,0,12,127.99199999999995,complete,10,True,1.4210854715202004e-11,1.4210854715202004e-11,"0,1d2,1d2",pbe,385.42666700595873,0.27222222222222214,-9.37330707207445,57.608531888399746,0.0,True,-5.983024577874608,,,
zro2_cubic_mace_mp0_q0-1d2-1d2-b0,zro2_cubic,mace_mp0,mace_mp0,decide,0,12,127.99199999999995,complete,10,True,1.4210854715202004e-11,1.4210854715202004e-11,"0,1d2,1d2",mace_mp0,173.39557750013057,0.19999999999999998,-6.665775205070471,60.24641788325474,0.0,True,-5.045447554800415,201.4579643892819,462.1549358038095,38.51291131698412
zro2_cubic_mace_mp0_q0-1d2-1d2-b0,zro2_cubic,mace_mp0,mace_mp0,decide,0,12,127.99199999999995,complete,10,True,1.4210854715202004e-11,1.4210854715202004e-11,"0,1d2,1d2",chgnet,225.128173828125,0.19999999999999998,-8.319128639299379,72.13118023151127,0.0,True,-5.636548969056301,194.37937705053474,487.70666013842856,40.64222167820238
zro2_cubic_mace_mp0_q0-1d2-1d2-b0,zro2_cubic,mace_mp0,mace_mp0,decide,0,12,127.99199999999995,complete,10,True,1.4210854715202004e-11,1.4210854715202004e-11,"0,1d2,1d2",orb_v2,197.07107543945312,0.19999999999999998,-7.437309722842481,63.78809213324869,0.0,True,-5.329448850096833,199.7050438123381,507.030009137452,42.252500761454336
zro2_cubic_mace_mp0_q0-1d2-1d2-b0,zro2_cubic,mace_mp0,mace_mp0,decide,0,12,127.99199999999995,complete,10,True,1.4210854715202004e-11,1.4210854715202004e-11,"0,1d2,1d2",sevennet0,192.413330078125,0.19999999999999998,-7.102007337417648,60.721452636112275,0.0,True,-5.2079274165751075,166.34187041241614,364.09520994311606,30.34126749525967
zro2_cubic_mace_mp0_q0-1d2-1d2-b0,zro2_cubic,mace_mp0,mace_mp0,decide,0,12,127.99199999999995,complete,10,True,1.4210854715202004e-11,1.4210854715202004e-11,"0,1d2,1d2",mattersim,235.809326171875,0.19999999999999998,-7.2426255295836,57.09229436301128,0.0,True,-5.259232615402416,164.25754513113836,412.8699291813973,34.40582743178311
zro2_cubic_mattersim_q1d2-0-1d2-b0,zro2_cubic,mattersim,mattersim,decide,0,12,127.99199994035999,complete,10,True,0.030517578125,0.030517578125,"1d2,0,1d2",pbe,383.7469082809548,0.27222222222222214,-9.352484941701926,57.63418634467107,0.0,True,-5.976375454268488,,,
zro2_cubic_mattersim_q1d2-0-1d2-b0,zro2_cubic,mattersim,mattersim,decide,0,12,127.99199994035999,complete,10,True,0.030517578125,0.030517578125,"1d2,0,1d2",mace_mp0,172.4326147654267,0.19999999999999998,-6.642614059974433,60.26775352294684,0.0,True,-5.036674380604558,201.5936120155551,462.4801641610077,38.54001368008397
zro2_cubic_mattersim_q1d2-0-1d2-b0,zro2_cubic,mattersim,mattersim,decide,0,12,127.99199994035999,complete,10,True,0.030517578125,0.030517578125,"1d2,0,1d2",chgnet,224.273681640625,0.19999999999999998,-8.299655431713886,72.17570193597395,0.0,True,-5.629948159150863,194.52406823835733,488.21860361204017,40.68488363433668
zro2_cubic_mattersim_q1d2-0-1d2-b0,zro2_cubic,mattersim,mattersim,decide,0,12,127.99199994035999,complete,10,True,0.030517578125,0.030517578125,"1d2,0,1d2",orb_v2,203.43399047851562,0.19999999999999998,-7.680678223261886,65.57825102366536,0.0,True,-5.415943811885198,194.62688409603302,496.3706116686808,41.36421763905673
zro2_cubic_mattersim_q1d2-0-1d2-b0,zro2_cubic,mattersim,mattersim,decide,0,12,127.99199994035999,complete,10,True,0.030517578125,0.030517578125,"1d2,0,1d2",sevennet0,191.61224365234375,0.19999999999999998,-7.083786611649771,60.76603000271764,0.0,True,-5.201242465616497,166.33658195072198,364.1875367175089,30.348961393125744
zro2_cubic_mattersim_q1d2-0-1d2-b0,zro2_cubic,mattersim,mattersim,decide,0,12,127.99199994035999,complete,10,True,0.030517578125,0.030517578125,"1d2,0,1d2",mattersim,234.85565185546875,0.19999999999999998,-7.2195466727798525,57.120445505161285,0.0,True,-5.2508465746250605,164.47262330548122,413.4429078112589,34.45357565093824
zro2_cubic_orb_v2_q1d2-1d2-1d2-b0,zro2_cubic,orb_v2,orb_v2,decide,0,24,255.95373178532049,complete,10,True,1.705169677734375,0.946044921875,"1d2,1d2,1d2",pbe,747.2855544474442,0.27222222222222214,-18.408540357804952,114.9355537107089,0.0,True,-5.92918117678263,,,
zro2_cubic_orb_v2_q1d2-1d2-1d2-b0,zro2_cubic,orb_v2,orb_v2,decide,0,24,255.95373178532049,complete,10,True,1.705169677734375,0.946044921875,"1d2,1d2,1d2",mace_mp0,334.31819512821903,0.19999999999999998,-13.008165143909379,120.17974520257185,0.0,True,-4.984172505418768,401.72645538484926,921.572704313661,38.39886267973588
zro2_cubic_orb_v2_q1d2-1d2-1d2-b0,zro2_cubic,orb_v2,orb_v2,decide,0,24,255.95373178532049,complete,10,True,1.705169677734375,0.946044921875,"1d2,1d2,1d2",chgnet,437.744140625,0.19999999999999998,-16.33397150290475,143.9485325327209,0.0,True,-5.585099839494832,387.0999159935326,972.9966427839827,40.54152678266595
zro2_cubic_orb_v2_q1d2-1d2-1d2-b0,zro2_cubic,orb_v2,orb_v2,decide,0,24,255.95373178532049,complete,10,True,1.705169677734375,0.946044921875,"1d2,1d2,1d2",orb_v2,407.99713134765625,0.19999999999999998,-15.159042292619596,133.38116105145315,0.0,True,-5.38047882443241,395.8281644496259,999.5698239363264,41.648742664013604
zro2_cubic_orb_v2_q1d2-1d2-1d2-b0,zro2_cubic,orb_v2,orb_v2,decide,0,24,255.95373178532049,complete,10,True,1.705169677734375,0.946044921875,"1d2,1d2,1d2",sevennet0,373.0926513671875,0.19999999999999998,-13.903576656975574,121.21665128955057,0.0,True,-5.1528596315182655,331.14338098260595,726.0789181746077,30.25328825727532
zro2_cubic_orb_v2_q1d2-1d2-1d2-b0,zro2_cubic,orb_v2,orb_v2,decide,0,24,255.95373178532049,complete,10,True,1.705169677734375,0.946044921875,"1d2,1d2,1d2",mattersim,458.099365234375,0.19999999999999998,-14.149512422780848,114.00023696187044,0.0,True,-5.198233474631537,329.6283891734851,829.2283322371077,34.55118050987949
zro2_cubic_sevennet0_q1d2-0-1d2-b0,zro2_cubic,sevennet0,sevennet0,decide,0,12,127.99199999999999,complete,10,True,0.0,0.0,"1d2,0,1d2",pbe,382.6263434948487,0.27222222222222214,-9.338587795495545,57.651226927155285,0.0,True,-5.971933561750353,,,
zro2_cubic_sevennet0_q1d2-0-1d2-b0,zro2_cubic,sevennet0,sevennet0,decide,0,12,127.99199999999999,complete,10,True,0.0,0.0,"1d2,0,1d2",mace_mp0,171.79066756401085,0.19999999999999998,-6.627169700568127,60.281931521345875,0.0,True,-5.030815731277877,201.68333463287294,462.6953858056737,38.557948817139476
zro2_cubic_sevennet0_q1d2-0-1d2-b0,zro2_cubic,sevennet0,sevennet0,decide,0,12,127.99199999999999,complete,10,True,0.0,0.0,"1d2,0,1d2",chgnet,223.7396240234375,0.19999999999999998,-8.288073492705522,72.21466271125374,0.0,True,-5.626018568183361,194.59805727573757,488.52111735686776,40.71009311307231
zro2_cubic_sevennet0_q1d2-0-1d2-b0,zro2_cubic,sevennet0,sevennet0,decide,0,12,127.99199999999999,complete,10,True,0.0,0.0,"1d2,0,1d2",orb_v2,203.76205444335938,0.19999999999999998,-7.686186186167536,65.6812580368184,0.0,True,-5.417885401625736,194.21678479631123,495.9254447494459,41.327120395787155
zro2_cubic_sevennet0_q1d2-0-1d2-b0,zro2_cubic,sevennet0,sevennet0,decide,0,12,127.99199999999999,complete,10,True,0.0,0.0,"1d2,0,1d2",sevennet0,191.0858154296875,0.19999999999999998,-7.0718277833643075,60.79761558393224,0.0,True,-5.1968502485683485,166.33036403464925,364.23828044280526,30.35319003690044
zro2_cubic_sevennet0_q1d2-0-1d2-b0,zro2_cubic,sevennet0,sevennet0,decide,0,12,127.99199999999999,complete,10,True,0.0,0.0,"1d2,0,1d2",mattersim,234.222412109375,0.19999999999999998,-7.203809615193026,57.136953485594276,0.0,True,-5.245120593761457,164.61313561564867,413.791197923274,34.4825998269395
