system,model,T,gt_stable,mlip_pred_stable_ledger,pbe_backed_stable,mlip_same_paths_stable,n_paths_pbe,n_screened,kind,deciding_mode_has_pbe,all_paths_match_cache
srtio3_cubic,mace_mp0,50.0,False,,False,False,1,3,own_modes,False,True
srtio3_cubic,mace_mp0,100.0,False,False,False,False,1,3,own_modes,True,True
srtio3_cubic,mace_mp0,300.0,True,True,True,True,1,3,own_modes,True,True
srtio3_cubic,mace_mp0,600.0,True,True,True,True,1,3,own_modes,True,True
srtio3_cubic,mace_mp0,900.0,True,True,True,True,1,3,own_modes,True,True
srtio3_cubic,chgnet,50.0,False,,False,True,1,3,own_modes,False,False
srtio3_cubic,chgnet,100.0,False,True,False,True,1,3,own_modes,True,False
srtio3_cubic,chgnet,300.0,True,True,True,True,1,3,own_modes,True,False
srtio3_cubic,chgnet,600.0,True,True,True,True,1,3,own_modes,True,False
srtio3_cubic,chgnet,900.0,True,True,True,True,1,3,own_modes,True,False
srtio3_cubic,orb_v2,50.0,False,,False,False,1,1,reference_coordinate,False,True
srtio3_cubic,orb_v2,100.0,False,True,False,False,1,1,reference_coordinate,False,True
srtio3_cubic,orb_v2,300.0,True,True,True,False,1,1,reference_coordinate,False,True
srtio3_cubic,orb_v2,600.0,True,True,True,True,1,1,reference_coordinate,False,True
srtio3_cubic,orb_v2,900.0,True,True,True,True,1,1,reference_coordinate,False,True
srtio3_cubic,sevennet0,50.0,False,,False,False,1,3,own_modes,False,True
srtio3_cubic,sevennet0,100.0,False,False,False,False,1,3,own_modes,True,True
srtio3_cubic,sevennet0,300.0,True,True,True,True,1,3,own_modes,True,True
srtio3_cubic,sevennet0,600.0,True,True,True,True,1,3,own_modes,True,True
srtio3_cubic,sevennet0,900.0,True,True,True,True,1,3,own_modes,True,True
srtio3_cubic,mattersim,50.0,False,,False,False,1,2,own_modes,False,False
srtio3_cubic,mattersim,100.0,False,False,False,False,1,2,own_modes,True,False
srtio3_cubic,mattersim,300.0,True,True,True,True,1,2,own_modes,True,False
srtio3_cubic,mattersim,600.0,True,True,True,True,1,2,own_modes,True,False
srtio3_cubic,mattersim,900.0,True,True,True,True,1,2,own_modes,True,False
batio3_cubic,mace_mp0,50.0,False,,False,False,1,3,own_modes,False,True
batio3_cubic,mace_mp0,100.0,False,False,False,False,1,3,own_modes,True,True
batio3_cubic,mace_mp0,300.0,False,True,False,True,1,3,own_modes,True,True
batio3_cubic,mace_mp0,600.0,True,True,True,True,1,3,own_modes,True,True
batio3_cubic,mace_mp0,900.0,True,True,True,True,1,3,own_modes,True,True
batio3_cubic,chgnet,50.0,False,,False,False,2,9,own_modes,False,False
batio3_cubic,chgnet,100.0,False,False,False,False,2,9,own_modes,True,False
batio3_cubic,chgnet,300.0,False,True,False,True,2,9,own_modes,True,False
batio3_cubic,chgnet,600.0,True,True,True,True,2,9,own_modes,True,False
batio3_cubic,chgnet,900.0,True,True,True,True,2,9,own_modes,True,False
batio3_cubic,orb_v2,50.0,False,,False,False,1,11,own_modes,False,True
batio3_cubic,orb_v2,100.0,False,False,False,False,1,11,own_modes,True,True
batio3_cubic,orb_v2,300.0,False,False,True,False,1,11,own_modes,True,True
batio3_cubic,orb_v2,600.0,True,True,True,True,1,11,own_modes,True,True
batio3_cubic,orb_v2,900.0,True,True,True,True,1,11,own_modes,True,True
batio3_cubic,sevennet0,50.0,False,,False,False,2,3,own_modes,False,False
batio3_cubic,sevennet0,100.0,False,False,False,False,2,3,own_modes,True,False
batio3_cubic,sevennet0,300.0,False,True,False,True,2,3,own_modes,True,False
batio3_cubic,sevennet0,600.0,True,True,True,True,2,3,own_modes,True,False
batio3_cubic,sevennet0,900.0,True,True,True,True,2,3,own_modes,True,False
batio3_cubic,mattersim,50.0,False,,False,False,2,3,own_modes,False,True
batio3_cubic,mattersim,100.0,False,False,False,False,2,3,own_modes,True,True
batio3_cubic,mattersim,300.0,False,True,False,True,2,3,own_modes,True,True
batio3_cubic,mattersim,600.0,True,True,True,True,2,3,own_modes,True,True
batio3_cubic,mattersim,900.0,True,True,True,True,2,3,own_modes,True,True
zr_bcc,mace_mp0,50.0,False,,False,True,1,1,reference_coordinate,False,True
zr_bcc,mace_mp0,100.0,False,True,False,True,1,1,reference_coordinate,False,True
zr_bcc,mace_mp0,300.0,False,True,False,True,1,1,reference_coordinate,False,True
zr_bcc,mace_mp0,600.0,False,True,False,True,1,1,reference_coordinate,False,True
zr_bcc,mace_mp0,900.0,False,True,False,True,1,1,reference_coordinate,False,True
zr_bcc,chgnet,50.0,False,,False,True,1,1,reference_coordinate,False,True
zr_bcc,chgnet,100.0,False,True,False,True,1,1,reference_coordinate,False,True
zr_bcc,chgnet,300.0,False,True,False,True,1,1,reference_coordinate,False,True
zr_bcc,chgnet,600.0,False,True,False,True,1,1,reference_coordinate,False,True
zr_bcc,chgnet,900.0,False,True,True,True,1,1,reference_coordinate,False,True
zr_bcc,orb_v2,50.0,False,,False,False,1,1,reference_coordinate,False,True
zr_bcc,orb_v2,100.0,False,True,False,False,1,1,reference_coordinate,False,True
zr_bcc,orb_v2,300.0,False,True,False,False,1,1,reference_coordinate,False,True
zr_bcc,orb_v2,600.0,False,True,False,False,1,1,reference_coordinate,False,True
zr_bcc,orb_v2,900.0,False,True,True,True,1,1,reference_coordinate,False,True
zr_bcc,sevennet0,50.0,False,,False,True,1,1,reference_coordinate,False,True
zr_bcc,sevennet0,100.0,False,True,False,True,1,1,reference_coordinate,False,True
zr_bcc,sevennet0,300.0,False,True,False,True,1,1,reference_coordinate,False,True
zr_bcc,sevennet0,600.0,False,True,False,True,1,1,reference_coordinate,False,True
zr_bcc,sevennet0,900.0,False,True,True,True,1,1,reference_coordinate,False,True
zr_bcc,mattersim,50.0,False,,False,False,1,24,own_modes,False,True
zr_bcc,mattersim,100.0,False,False,False,False,1,24,own_modes,True,True
zr_bcc,mattersim,300.0,False,False,False,False,1,24,own_modes,True,True
zr_bcc,mattersim,600.0,False,False,False,False,1,24,own_modes,True,True
zr_bcc,mattersim,900.0,False,False,True,False,1,24,own_modes,True,True
zro2_cubic,mace_mp0,50.0,False,,False,False,1,1,own_modes,False,True
zro2_cubic,mace_mp0,100.0,False,False,False,False,1,1,own_modes,True,True
zro2_cubic,mace_mp0,300.0,False,False,False,False,1,1,own_modes,True,True
zro2_cubic,mace_mp0,600.0,False,False,False,False,1,1,own_modes,True,True
zro2_cubic,mace_mp0,900.0,False,False,False,False,1,1,own_modes,True,True
zro2_cubic,chgnet,50.0,False,,False,False,1,1,own_modes,False,True
zro2_cubic,chgnet,100.0,False,False,False,False,1,1,own_modes,True,True
zro2_cubic,chgnet,300.0,False,False,False,False,1,1,own_modes,True,True
zro2_cubic,chgnet,600.0,False,False,False,False,1,1,own_modes,True,True
zro2_cubic,chgnet,900.0,False,False,False,False,1,1,own_modes,True,True
zro2_cubic,orb_v2,50.0,False,,False,False,1,3,own_modes,False,True
zro2_cubic,orb_v2,100.0,False,False,False,False,1,3,own_modes,True,True
zro2_cubic,orb_v2,300.0,False,False,False,False,1,3,own_modes,True,True
zro2_cubic,orb_v2,600.0,False,False,False,False,1,3,own_modes,True,True
zro2_cubic,orb_v2,900.0,False,False,False,False,1,3,own_modes,True,True
zro2_cubic,sevennet0,50.0,False,,False,False,1,1,own_modes,False,True
zro2_cubic,sevennet0,100.0,False,False,False,False,1,1,own_modes,True,True
zro2_cubic,sevennet0,300.0,False,False,False,False,1,1,own_modes,True,True
zro2_cubic,sevennet0,600.0,False,False,False,False,1,1,own_modes,True,True
zro2_cubic,sevennet0,900.0,False,False,False,False,1,1,own_modes,True,True
zro2_cubic,mattersim,50.0,False,,False,False,1,1,own_modes,False,True
zro2_cubic,mattersim,100.0,False,False,False,False,1,1,own_modes,True,True
zro2_cubic,mattersim,300.0,False,False,False,False,1,1,own_modes,True,True
zro2_cubic,mattersim,600.0,False,False,False,False,1,1,own_modes,True,True
zro2_cubic,mattersim,900.0,False,False,False,False,1,1,own_modes,True,True
knbo3_cubic,mace_mp0,50.0,False,,False,False,1,3,own_modes,False,True
knbo3_cubic,mace_mp0,100.0,False,False,False,False,1,3,own_modes,True,True
knbo3_cubic,mace_mp0,300.0,False,True,False,True,1,3,own_modes,True,True
knbo3_cubic,mace_mp0,600.0,False,True,True,True,1,3,own_modes,True,True
knbo3_cubic,mace_mp0,900.0,True,True,True,True,1,3,own_modes,True,True
knbo3_cubic,chgnet,50.0,False,,False,False,1,1,own_modes,False,True
knbo3_cubic,chgnet,100.0,False,False,False,False,1,1,own_modes,True,True
knbo3_cubic,chgnet,300.0,False,True,False,True,1,1,own_modes,True,True
knbo3_cubic,chgnet,600.0,False,True,True,True,1,1,own_modes,True,True
knbo3_cubic,chgnet,900.0,True,True,True,True,1,1,own_modes,True,True
knbo3_cubic,orb_v2,50.0,False,,False,False,2,12,own_modes,False,False
knbo3_cubic,orb_v2,100.0,False,False,False,False,2,12,own_modes,True,False
knbo3_cubic,orb_v2,300.0,False,False,False,False,2,12,own_modes,True,False
knbo3_cubic,orb_v2,600.0,False,True,True,True,2,12,own_modes,True,False
knbo3_cubic,orb_v2,900.0,True,True,True,True,2,12,own_modes,True,False
knbo3_cubic,sevennet0,50.0,False,,False,False,1,3,own_modes,False,True
knbo3_cubic,sevennet0,100.0,False,False,False,False,1,3,own_modes,True,True
knbo3_cubic,sevennet0,300.0,False,True,False,True,1,3,own_modes,True,True
knbo3_cubic,sevennet0,600.0,False,True,True,True,1,3,own_modes,True,True
knbo3_cubic,sevennet0,900.0,True,True,True,True,1,3,own_modes,True,True
knbo3_cubic,mattersim,50.0,False,,False,False,2,3,own_modes,False,False
knbo3_cubic,mattersim,100.0,False,False,False,False,2,3,own_modes,True,False
knbo3_cubic,mattersim,300.0,False,True,False,True,2,3,own_modes,True,False
knbo3_cubic,mattersim,600.0,False,True,True,True,2,3,own_modes,True,False
knbo3_cubic,mattersim,900.0,True,True,True,True,2,3,own_modes,True,False
cssnbr3_cubic,mace_mp0,50.0,False,,False,False,2,2,own_modes,False,True
cssnbr3_cubic,mace_mp0,100.0,False,False,False,False,2,2,own_modes,True,True
cssnbr3_cubic,mace_mp0,300.0,True,False,False,False,2,2,own_modes,True,True
cssnbr3_cubic,mace_mp0,600.0,True,False,False,False,2,2,own_modes,True,True
cssnbr3_cubic,mace_mp0,900.0,True,True,True,True,2,2,own_modes,True,True
cssnbr3_cubic,chgnet,50.0,False,,False,False,1,24,own_modes,False,True
cssnbr3_cubic,chgnet,100.0,False,False,False,False,1,24,own_modes,True,True
cssnbr3_cubic,chgnet,300.0,True,False,False,False,1,24,own_modes,True,True
cssnbr3_cubic,chgnet,600.0,True,False,True,False,1,24,own_modes,True,True
cssnbr3_cubic,chgnet,900.0,True,False,True,False,1,24,own_modes,True,True
cssnbr3_cubic,orb_v2,50.0,False,,False,False,2,6,own_modes,False,False
cssnbr3_cubic,orb_v2,100.0,False,False,False,False,2,6,own_modes,True,False
cssnbr3_cubic,orb_v2,300.0,True,False,False,False,2,6,own_modes,True,False
cssnbr3_cubic,orb_v2,600.0,True,True,False,True,2,6,own_modes,True,False
cssnbr3_cubic,orb_v2,900.0,True,True,True,True,2,6,own_modes,True,False
cssnbr3_cubic,sevennet0,50.0,False,,False,False,1,2,own_modes,False,True
cssnbr3_cubic,sevennet0,100.0,False,False,False,False,1,2,own_modes,True,True
cssnbr3_cubic,sevennet0,300.0,True,False,False,False,1,2,own_modes,True,True
cssnbr3_cubic,sevennet0,600.0,True,False,False,False,1,2,own_modes,True,True
cssnbr3_cubic,sevennet0,900.0,True,False,True,False,1,2,own_modes,True,True
cssnbr3_cubic,mattersim,50.0,False,,False,False,2,7,own_modes,False,True
cssnbr3_cubic,mattersim,100.0,False,False,False,False,2,7,own_modes,True,True
cssnbr3_cubic,mattersim,300.0,True,False,False,False,2,7,own_modes,True,True
cssnbr3_cubic,mattersim,600.0,True,False,False,False,2,7,own_modes,True,True
cssnbr3_cubic,mattersim,900.0,True,True,True,True,2,7,own_modes,True,True
