system,owner_model,T,set,eval_model,is_owner,seed,index,n_atoms,u_rms_A,force_rmse,force_mae,rms_f_pbe,e_err_meV_per_atom,dE_pbe_meV_per_atom
batio3_cubic,mace_mp0,,baseline,mace_mp0,True,,0,40,0.030982991770552675,0.02825765312538224,0.018584396144851915,0.2729225782221292,-0.23369834486430818,5.175441942628822
batio3_cubic,mace_mp0,,baseline,mace_mp0,True,,1,40,0.0330191801442152,0.025708714782345425,0.016914139300323115,0.25258605649193305,-0.17741238218320632,4.957465152256191
batio3_cubic,mace_mp0,,baseline,mace_mp0,True,,2,40,0.03601922006755189,0.029697291664074404,0.018893629046641536,0.2959195350825331,-0.3005415617536755,6.5595251729973825
batio3_cubic,mace_mp0,,baseline,mace_mp0,True,,3,40,0.03367691946785054,0.024580131108485198,0.014754204427172601,0.2595580665793638,-0.041522575116914595,5.306502171879401
batio3_cubic,mace_mp0,,baseline,chgnet,False,,0,40,0.030982991770552675,0.0347705854856599,0.024953882058366017,0.2729225782221292,-0.4993860344256973,5.175441942628822
batio3_cubic,mace_mp0,,baseline,chgnet,False,,1,40,0.0330191801442152,0.03832629911560129,0.028015610513145342,0.25258605649193305,-0.5331792635843158,4.957465152256191
batio3_cubic,mace_mp0,,baseline,chgnet,False,,2,40,0.03601922006755189,0.04058883875635365,0.028777171411622657,0.2959195350825331,-0.6337744405755075,6.5595251729973825
batio3_cubic,mace_mp0,,baseline,chgnet,False,,3,40,0.03367691946785054,0.031992458973231615,0.024692100597910868,0.2595580665793638,-0.48014719141065143,5.306502171879401
batio3_cubic,mace_mp0,,baseline,orb_v2,False,,0,40,0.030982991770552675,0.018009564580686078,0.013023583040642443,0.2729225782221292,-0.18371983569522854,5.175441942628822
batio3_cubic,mace_mp0,,baseline,orb_v2,False,,1,40,0.0330191801442152,0.017611798714540695,0.01278418556408852,0.25258605649193305,-0.3104009432718158,4.957465152256191
batio3_cubic,mace_mp0,,baseline,orb_v2,False,,2,40,0.03601922006755189,0.02195923616189389,0.0160293143772179,0.2959195350825331,-0.15941683559503872,6.5595251729973825
batio3_cubic,mace_mp0,,baseline,orb_v2,False,,3,40,0.03367691946785054,0.01858054431287771,0.01280712050928071,0.2595580665793638,-0.9575565542036202,5.306502171879401
batio3_cubic,mace_mp0,,baseline,sevennet0,False,,0,40,0.030982991770552675,0.011820648569999077,0.008817266392031535,0.2729225782221292,-0.02483769458194729,5.175441942628822
batio3_cubic,mace_mp0,,baseline,sevennet0,False,,1,40,0.0330191801442152,0.012133617629581164,0.0089822912691277,0.25258605649193305,-0.07694147061556578,4.957465152256191
batio3_cubic,mace_mp0,,baseline,sevennet0,False,,2,40,0.03601922006755189,0.013173585039406086,0.009984426544233168,0.2959195350825331,-0.20805422573175747,6.5595251729973825
batio3_cubic,mace_mp0,,baseline,sevennet0,False,,3,40,0.03367691946785054,0.010098692634652608,0.007659584806423472,0.2595580665793638,-0.06739694727002643,5.306502171879401
batio3_cubic,mace_mp0,,baseline,mattersim,False,,0,40,0.030982991770552675,0.010230242923211239,0.007312210143862267,0.2729225782221292,0.1559789558086777,5.175441942628822
batio3_cubic,mace_mp0,,baseline,mattersim,False,,1,40,0.0330191801442152,0.011269733240487917,0.008070655564456764,0.25258605649193305,0.11455633211880922,4.957465152256191
batio3_cubic,mace_mp0,,baseline,mattersim,False,,2,40,0.03601922006755189,0.012025233326711826,0.008493186323123892,0.2959195350825331,0.10856564731511753,6.5595251729973825
batio3_cubic,mace_mp0,,baseline,mattersim,False,,3,40,0.03367691946785054,0.011307325016612513,0.008727373302009095,0.2595580665793638,0.21107595312059857,5.306502171879401
srtio3_cubic,mace_mp0,,baseline,mace_mp0,True,,0,40,0.030982991770552703,0.036962393947362795,0.0237290591446907,0.31905818981447315,-0.37954635498351763,5.893434714926116
srtio3_cubic,mace_mp0,,baseline,mace_mp0,True,,1,40,0.03301918014421524,0.03068252546586972,0.020103215436274236,0.29538380597233066,-0.2696709504419914,5.693788192911597
srtio3_cubic,mace_mp0,,baseline,mace_mp0,True,,2,40,0.03601922006755192,0.040980070121510954,0.02833590651422733,0.3311462177336521,-0.5524919574213527,7.1127802271803375
srtio3_cubic,mace_mp0,,baseline,mace_mp0,True,,3,40,0.033676919467850494,0.031465315906033915,0.01918196249363225,0.29686643253962863,-0.1631636123946123,5.71233615228266
srtio3_cubic,mace_mp0,,baseline,chgnet,False,,0,40,0.030982991770552703,0.033419080041791095,0.02394762987833082,0.31905818981447315,-0.4300252910979907,5.893434714926116
srtio3_cubic,mace_mp0,,baseline,chgnet,False,,1,40,0.03301918014421524,0.033975301390228876,0.02335086689058215,0.29538380597233066,-0.38449253861472243,5.693788192911597
srtio3_cubic,mace_mp0,,baseline,chgnet,False,,2,40,0.03601922006755192,0.03824637003451169,0.02650600049477215,0.3311462177336521,-0.5919367213209625,7.1127802271803375
srtio3_cubic,mace_mp0,,baseline,chgnet,False,,3,40,0.033676919467850494,0.027444945273086597,0.01936113758771402,0.29686643253962863,-0.2351938182982849,5.71233615228266
srtio3_cubic,mace_mp0,,baseline,orb_v2,False,,0,40,0.030982991770552703,0.017210626391168445,0.012336085380024502,0.31905818981447315,1.6901834491363843,5.893434714926116
srtio3_cubic,mace_mp0,,baseline,orb_v2,False,,1,40,0.03301918014421524,0.01876242176684144,0.01322419867928684,0.29538380597233066,1.5070251005454338,5.693788192911597
srtio3_cubic,mace_mp0,,baseline,orb_v2,False,,2,40,0.03601922006755192,0.0208307837407049,0.01526654704730854,0.3311462177336521,1.015958176139975,7.1127802271803375
srtio3_cubic,mace_mp0,,baseline,orb_v2,False,,3,40,0.033676919467850494,0.02015236573741701,0.013643570622723956,0.29686643253962863,1.5268148486939026,5.71233615228266
srtio3_cubic,mace_mp0,,baseline,sevennet0,False,,0,40,0.030982991770552703,0.013993466165299734,0.010563515709535613,0.31905818981447315,-0.1195089336761157,5.893434714926116
srtio3_cubic,mace_mp0,,baseline,sevennet0,False,,1,40,0.03301918014421524,0.015436609314318816,0.01146858682685465,0.29538380597233066,-0.08618321244284743,5.693788192911597
srtio3_cubic,mace_mp0,,baseline,sevennet0,False,,2,40,0.03601922006755192,0.016661226397404767,0.012751967183239083,0.3311462177336521,-0.22419990491471253,7.1127802271803375
srtio3_cubic,mace_mp0,,baseline,sevennet0,False,,3,40,0.033676919467850494,0.013786650612541482,0.01041330537648574,0.29686643253962863,-0.1054941112670349,5.71233615228266
srtio3_cubic,mace_mp0,,baseline,mattersim,False,,0,40,0.030982991770552703,0.011185292547187729,0.006770785040510469,0.31905818981447315,0.1353128436676343,5.893434714926116
srtio3_cubic,mace_mp0,,baseline,mattersim,False,,1,40,0.03301918014421524,0.012625109986480183,0.008144841576822109,0.29538380597233066,0.10989222701027757,5.693788192911597
srtio3_cubic,mace_mp0,,baseline,mattersim,False,,2,40,0.03601922006755192,0.013344890572955091,0.009062281958614497,0.3311462177336521,0.07639823961653747,7.1127802271803375
srtio3_cubic,mace_mp0,,baseline,mattersim,False,,3,40,0.033676919467850494,0.012979187216027087,0.008126818192709835,0.29686643253962863,0.1722158496704651,5.71233615228266
zr_bcc,mattersim,,baseline,mace_mp0,False,,0,8,0.02845250566055294,0.049836848271755566,0.040155320861165744,0.06551728006539034,1.0983672019282409,1.0472981364273437
zr_bcc,mattersim,,baseline,mace_mp0,False,,1,8,0.0285405983132911,0.04697252372175315,0.03483335822790962,0.09523895500450891,0.9043387092102506,1.254886981087111
zr_bcc,mattersim,,baseline,mace_mp0,False,,2,8,0.028186068691061612,0.05311947720814902,0.04529125163873158,0.0646354773137887,1.205812774893289,0.8817678869945667
zr_bcc,mattersim,,baseline,mace_mp0,False,,3,8,0.025233219121122814,0.044561842561330875,0.03768833843157279,0.05812564048048114,0.8792014144365368,0.9440309345336573
zr_bcc,mattersim,,baseline,chgnet,False,,0,8,0.02845250566055294,0.03816733979106377,0.0310837585038725,0.06551728006539034,-0.1107899577164062,1.0472981364273437
zr_bcc,mattersim,,baseline,chgnet,False,,1,8,0.0285405983132911,0.06645804855004464,0.05440242497006631,0.09523895500450891,-0.41374623401679855,1.254886981087111
zr_bcc,mattersim,,baseline,chgnet,False,,2,8,0.028186068691061612,0.03796115200797879,0.03054308246890809,0.0646354773137887,0.0747674523609021,0.8817678869945667
zr_bcc,mattersim,,baseline,chgnet,False,,3,8,0.025233219121122814,0.030836722768028842,0.02514010832856024,0.05812564048048114,-0.12768571968990727,0.9440309345336573
zr_bcc,mattersim,,baseline,orb_v2,False,,0,8,0.02845250566055294,0.01646481430507533,0.013604460113826974,0.06551728006539034,4.377201375291406,1.0472981364273437
zr_bcc,mattersim,,baseline,orb_v2,False,,1,8,0.0285405983132911,0.016310361788829594,0.012902179577339254,0.09523895500450891,3.9595657624431624,1.254886981087111
zr_bcc,mattersim,,baseline,orb_v2,False,,2,8,0.028186068691061612,0.016443925396749062,0.013993867287082884,0.0646354773137887,4.448317867399965,0.8817678869945667
zr_bcc,mattersim,,baseline,orb_v2,False,,3,8,0.025233219121122814,0.014863951998011146,0.011542482341674494,0.05812564048048114,4.376756495275913,0.9440309345336573
zr_bcc,mattersim,,baseline,sevennet0,False,,0,8,0.02845250566055294,0.03768134200687395,0.02798121589158498,0.06551728006539034,-0.25479477949374996,1.0472981364273437
zr_bcc,mattersim,,baseline,sevennet0,False,,1,8,0.0285405983132911,0.05282455878476609,0.044830693782426316,0.09523895500450891,-0.3364986143878923,1.254886981087111
zr_bcc,mattersim,,baseline,sevennet0,False,,2,8,0.028186068691061612,0.041011275764043745,0.032940773521538375,0.0646354773137887,-0.23899139773675415,0.8817678869945667
zr_bcc,mattersim,,baseline,sevennet0,False,,3,8,0.025233219121122814,0.032921469494720954,0.026075193894543644,0.05812564048048114,-0.3126985370727198,0.9440309345336573
zr_bcc,mattersim,,baseline,mattersim,True,,0,8,0.02845250566055294,0.03976287570424282,0.03536849303867398,0.06551728006539034,-0.7421223551773437,1.0472981364273437
zr_bcc,mattersim,,baseline,mattersim,True,,1,8,0.0285405983132911,0.05565150391569767,0.04427629709324717,0.09523895500450891,-0.865787859993361,1.254886981087111
zr_bcc,mattersim,,baseline,mattersim,True,,2,8,0.028186068691061612,0.038304305010057306,0.03249711183578101,0.0646354773137887,-0.6414419592601917,0.8817678869945667
zr_bcc,mattersim,,baseline,mattersim,True,,3,8,0.025233219121122814,0.03590678277738577,0.030113871659865746,0.05812564048048114,-0.6474382221313135,0.9440309345336573
zro2_cubic,mace_mp0,,baseline,mace_mp0,True,,0,24,0.031270638092055145,0.07015079881448517,0.048364858651450876,0.29861220729473487,-0.888947571899242,5.8933224677275575
zro2_cubic,mace_mp0,,baseline,mace_mp0,True,,1,24,0.03257240104273184,0.0645711067323412,0.044889684247965606,0.29985343457421176,-0.718302080086867,5.979106355425756
zro2_cubic,mace_mp0,,baseline,mace_mp0,True,,2,24,0.03633252212039552,0.07289734897577034,0.05200073304590742,0.347853203233241,-1.0954519933541462,8.163885689858338
zro2_cubic,mace_mp0,,baseline,mace_mp0,True,,3,24,0.03343673937421474,0.07704223449745137,0.05138084171754906,0.3197384978399351,-1.0075406600951926,6.53055071855609
zro2_cubic,mace_mp0,,baseline,chgnet,False,,0,24,0.031270638092055145,0.05683625493322593,0.039925902208498676,0.29861220729473487,-0.27236604682912,5.8933224677275575
zro2_cubic,mace_mp0,,baseline,chgnet,False,,1,24,0.03257240104273184,0.05922076699098455,0.04173517903371792,0.29985343457421176,0.027134489300806308,5.979106355425756
zro2_cubic,mace_mp0,,baseline,chgnet,False,,2,24,0.03633252212039552,0.05795665292255454,0.045713837703670095,0.347853203233241,-0.36473713028802496,8.163885689858338
zro2_cubic,mace_mp0,,baseline,chgnet,False,,3,24,0.03343673937421474,0.06845329264363198,0.04760968676984055,0.3197384978399351,-0.3145015242201528,6.53055071855609
zro2_cubic,mace_mp0,,baseline,orb_v2,False,,0,24,0.031270638092055145,0.02736421483063981,0.02240329418850568,0.29861220729473487,-2.8132723171741723,5.8933224677275575
zro2_cubic,mace_mp0,,baseline,orb_v2,False,,1,24,0.03257240104273184,0.03150970710442214,0.025281643598487318,0.29985343457421176,-2.8071855790585687,5.979106355425756
zro2_cubic,mace_mp0,,baseline,orb_v2,False,,2,24,0.03633252212039552,0.03120461091977505,0.024202369909072815,0.347853203233241,-2.8770331711408894,8.163885689858338
zro2_cubic,mace_mp0,,baseline,orb_v2,False,,3,24,0.03343673937421474,0.027437316446432613,0.02215341267068406,0.3197384978399351,-3.0140356225274445,6.53055071855609
zro2_cubic,mace_mp0,,baseline,sevennet0,False,,0,24,0.031270638092055145,0.02635446651160465,0.0199026276760325,0.29861220729473487,0.26932096488963,5.8933224677275575
zro2_cubic,mace_mp0,,baseline,sevennet0,False,,1,24,0.03257240104273184,0.027824740697103164,0.0218313779390161,0.29985343457421176,0.3927096439232021,5.979106355425756
zro2_cubic,mace_mp0,,baseline,sevennet0,False,,2,24,0.03633252212039552,0.026969949260829105,0.02142670847532291,0.347853203233241,0.15151856632655836,8.163885689858338
zro2_cubic,mace_mp0,,baseline,sevennet0,False,,3,24,0.03343673937421474,0.029436065663998708,0.02162318718961662,0.3197384978399351,0.363878806183493,6.53055071855609
zro2_cubic,mace_mp0,,baseline,mattersim,False,,0,24,0.031270638092055145,0.02721796907908339,0.02037504607218958,0.29861220729473487,0.43780342745473416,5.8933224677275575
zro2_cubic,mace_mp0,,baseline,mattersim,False,,1,24,0.03257240104273184,0.029177284419986956,0.020838777637755553,0.29985343457421176,0.5116010420351813,5.979106355425756
zro2_cubic,mace_mp0,,baseline,mattersim,False,,2,24,0.03633252212039552,0.02713578187584533,0.0199672690799632,0.347853203233241,0.43507772973801667,8.163885689858338
zro2_cubic,mace_mp0,,baseline,mattersim,False,,3,24,0.03343673937421474,0.029295934246862106,0.02018117954382591,0.3197384978399351,0.558428366730368,6.53055071855609
batio3_cubic,mace_mp0,100.0,sscha,mace_mp0,True,0,0,40,0.09508741726602365,0.06044802381553715,0.0403410525747722,0.6021818268481137,0.6692890556934117,27.390332728464273
batio3_cubic,mace_mp0,100.0,sscha,mace_mp0,True,1,22,40,0.08785303675602382,0.0469135916800847,0.03400153301118617,0.4185609439293859,0.0614555318861676,19.60674767033197
batio3_cubic,mace_mp0,100.0,sscha,mace_mp0,True,2,72,40,0.0929580785266037,0.044219170290699786,0.02960762766482569,0.44529809268015597,0.027580112438840843,23.862101295162574
batio3_cubic,mace_mp0,100.0,sscha,mace_mp0,True,3,4,40,0.08848770538873177,0.04840790811545978,0.03444107858371868,0.47558034066912536,0.19450184352081124,23.77275271610415
batio3_cubic,mace_mp0,100.0,sscha,mace_mp0,True,0,261,40,0.089543929031714,0.045794785777675484,0.029138095403203498,0.4804156899090229,-0.3038078596418359,23.742537875659764
batio3_cubic,mace_mp0,100.0,sscha,mace_mp0,True,1,224,40,0.0952918315028348,0.05593362093262959,0.039038079119868486,0.5463566279092036,0.0993010814028139,27.648772846805514
batio3_cubic,mace_mp0,100.0,sscha,mace_mp0,True,2,288,40,0.09416203099514717,0.05541073102577515,0.03671883243423553,0.5216070634972203,0.526274089781964,23.474012538645184
batio3_cubic,mace_mp0,100.0,sscha,mace_mp0,True,3,362,40,0.08630677817332993,0.056690573401042575,0.040547456457013596,0.5559110213678135,-0.10427416926859223,25.442623505659867
batio3_cubic,mace_mp0,100.0,sscha,mace_mp0,True,0,462,40,0.09582138467943443,0.04753244943670464,0.033566640205400504,0.48068930925585085,0.1926041719897853,26.88612279271183
batio3_cubic,mace_mp0,100.0,sscha,mace_mp0,True,1,486,40,0.09038482551194678,0.048002550273767035,0.0340327835326802,0.447013980961828,0.549778598123396,18.872101531815133
batio3_cubic,mace_mp0,100.0,sscha,mace_mp0,True,2,501,40,0.09374077643054857,0.0570635364120181,0.03976595592745592,0.48985661790534246,1.4646287830402116,19.069850059531746
batio3_cubic,mace_mp0,100.0,sscha,mace_mp0,True,3,471,40,0.0830507206375761,0.05082260732660921,0.031879909519839836,0.4543806776950134,0.2853621313676058,20.184043982226285
batio3_cubic,mace_mp0,100.0,sscha,chgnet,False,0,0,40,0.09508741726602365,0.07147646845266228,0.053974997141226964,0.6021818268481137,-2.216382533151773,27.390332728464273
batio3_cubic,mace_mp0,100.0,sscha,chgnet,False,1,22,40,0.08785303675602382,0.0625221186438814,0.04723495697996507,0.4185609439293859,-2.02709679142572,19.60674767033197
batio3_cubic,mace_mp0,100.0,sscha,chgnet,False,2,72,40,0.0929580785266037,0.06116993680168408,0.04610341964211061,0.44529809268015597,-1.7841594006313244,23.862101295162574
batio3_cubic,mace_mp0,100.0,sscha,chgnet,False,3,4,40,0.08848770538873177,0.0658426991573009,0.048851568710477154,0.47558034066912536,-2.2563342590729007,23.77275271610415
batio3_cubic,mace_mp0,100.0,sscha,chgnet,False,0,261,40,0.089543929031714,0.06382905058077415,0.047193643659650175,0.4804156899090229,-2.169661899097264,23.742537875659764
batio3_cubic,mace_mp0,100.0,sscha,chgnet,False,1,224,40,0.0952918315028348,0.06624151030236182,0.05021670098966421,0.5463566279092036,-1.8972774854773888,27.648772846805514
batio3_cubic,mace_mp0,100.0,sscha,chgnet,False,2,288,40,0.09416203099514717,0.056099691826759085,0.043543531781858776,0.5216070634972203,-1.8988477437233087,23.474012538645184
batio3_cubic,mace_mp0,100.0,sscha,chgnet,False,3,362,40,0.08630677817332993,0.07423185401162798,0.05295131608665899,0.5559110213678135,-2.689480195112992,25.442623505659867
batio3_cubic,mace_mp0,100.0,sscha,chgnet,False,0,462,40,0.09582138467943443,0.06691153175267624,0.05093043203968016,0.48068930925585085,-2.0478659567743307,26.88612279271183
batio3_cubic,mace_mp0,100.0,sscha,chgnet,False,1,486,40,0.09038482551194678,0.06481515309915875,0.04936302876907355,0.447013980961828,-1.631195770096383,18.872101531815133
batio3_cubic,mace_mp0,100.0,sscha,chgnet,False,2,501,40,0.09374077643054857,0.06859874347520345,0.05200571783668165,0.48985661790534246,-1.2681837997661205,19.069850059531746
batio3_cubic,mace_mp0,100.0,sscha,chgnet,False,3,471,40,0.0830507206375761,0.06948714234909581,0.050963790797977054,0.4543806776950134,-1.7148057009762852,20.184043982226285
batio3_cubic,mace_mp0,100.0,sscha,orb_v2,False,0,0,40,0.09508741726602365,0.03749309094445538,0.02557563211569857,0.6021818268481137,-1.9300895033666166,27.390332728464273
batio3_cubic,mace_mp0,100.0,sscha,orb_v2,False,1,22,40,0.08785303675602382,0.030866851756208267,0.02259615901330578,0.4185609439293859,-2.069249196210876,19.60674767033197
batio3_cubic,mace_mp0,100.0,sscha,orb_v2,False,2,72,40,0.0929580785266037,0.041944730299263704,0.02851485660760711,0.44529809268015597,-1.0053889538539806,23.862101295162574
batio3_cubic,mace_mp0,100.0,sscha,orb_v2,False,3,4,40,0.08848770538873177,0.039300443310622636,0.02700720334805425,0.47558034066912536,-1.3810519714752445,23.77275271610415
batio3_cubic,mace_mp0,100.0,sscha,orb_v2,False,0,261,40,0.089543929031714,0.032553388389530674,0.024933843068862156,0.4804156899090229,-0.6924203829839826,23.742537875659764
batio3_cubic,mace_mp0,100.0,sscha,orb_v2,False,1,224,40,0.0952918315028348,0.04216450912035798,0.03064273739079255,0.5463566279092036,-1.7012020460242638,27.648772846805514
batio3_cubic,mace_mp0,100.0,sscha,orb_v2,False,2,288,40,0.09416203099514717,0.03018858954384464,0.022542869015007756,0.5216070634972203,-1.8275129048561212,23.474012538645184
batio3_cubic,mace_mp0,100.0,sscha,orb_v2,False,3,362,40,0.08630677817332993,0.03202666788282397,0.02399477756270888,0.5559110213678135,-2.5134319163043983,25.442623505659867
batio3_cubic,mace_mp0,100.0,sscha,orb_v2,False,0,462,40,0.09582138467943443,0.03948433732776342,0.028439225783100285,0.48068930925585085,-1.9507819113641744,26.88612279271183
batio3_cubic,mace_mp0,100.0,sscha,orb_v2,False,1,486,40,0.09038482551194678,0.03787389724297177,0.025601770349745794,0.447013980961828,-1.1427237852331018,18.872101531815133
batio3_cubic,mace_mp0,100.0,sscha,orb_v2,False,2,501,40,0.09374077643054857,0.04059212445824485,0.030904198921116423,0.48985661790534246,-1.8024321518169018,19.069850059531746
batio3_cubic,mace_mp0,100.0,sscha,orb_v2,False,3,471,40,0.0830507206375761,0.038558029818479084,0.026421963101341074,0.4543806776950134,-1.0998765017575352,20.184043982226285
batio3_cubic,mace_mp0,100.0,sscha,sevennet0,False,0,0,40,0.09508741726602365,0.04111260250613432,0.028717350401448585,0.6021818268481137,0.5324883164576022,27.390332728464273
batio3_cubic,mace_mp0,100.0,sscha,sevennet0,False,1,22,40,0.08785303675602382,0.030543627525086398,0.021919838986717583,0.4185609439293859,0.13278480037115514,19.60674767033197
batio3_cubic,mace_mp0,100.0,sscha,sevennet0,False,2,72,40,0.0929580785266037,0.03498865499276084,0.023160619033146635,0.44529809268015597,0.2773030017124256,23.862101295162574
batio3_cubic,mace_mp0,100.0,sscha,sevennet0,False,3,4,40,0.08848770538873177,0.03692168705732217,0.02646328367498653,0.47558034066912536,0.18202023311459925,23.77275271610415
batio3_cubic,mace_mp0,100.0,sscha,sevennet0,False,0,261,40,0.089543929031714,0.028917080437461922,0.021856388966871136,0.4804156899090229,0.009293179027736187,23.742537875659764
batio3_cubic,mace_mp0,100.0,sscha,sevennet0,False,1,224,40,0.0952918315028348,0.0391136650318542,0.024366070809159795,0.5463566279092036,0.31143223131948616,27.648772846805514
batio3_cubic,mace_mp0,100.0,sscha,sevennet0,False,2,288,40,0.09416203099514717,0.036287372177641344,0.024558451992649596,0.5216070634972203,0.25493033244856633,23.474012538645184
batio3_cubic,mace_mp0,100.0,sscha,sevennet0,False,3,362,40,0.08630677817332993,0.03227450223519389,0.021974277832014978,0.5559110213678135,-0.17254293925361708,25.442623505659867
batio3_cubic,mace_mp0,100.0,sscha,sevennet0,False,0,462,40,0.09582138467943443,0.03602069697682861,0.025853433435537483,0.48068930925585085,0.1722878518194193,26.88612279271183
batio3_cubic,mace_mp0,100.0,sscha,sevennet0,False,1,486,40,0.09038482551194678,0.03849797561788765,0.026813738718413502,0.447013980961828,0.19222952287236694,18.872101531815133
batio3_cubic,mace_mp0,100.0,sscha,sevennet0,False,2,501,40,0.09374077643054857,0.047397603265216866,0.02992634543503266,0.48985661790534246,1.1304978408588795,19.069850059531746
batio3_cubic,mace_mp0,100.0,sscha,sevennet0,False,3,471,40,0.0830507206375761,0.03544048193274389,0.02298402439058344,0.4543806776950134,0.14371480683621485,20.184043982226285
batio3_cubic,mace_mp0,100.0,sscha,mattersim,False,0,0,40,0.09508741726602365,0.0333597175385946,0.023104491165626833,0.6021818268481137,1.5616936387232272,27.390332728464273
batio3_cubic,mace_mp0,100.0,sscha,mattersim,False,1,22,40,0.08785303675602382,0.03015018485297309,0.02252828139286513,0.4185609439293859,1.4694547222461551,19.60674767033197
batio3_cubic,mace_mp0,100.0,sscha,mattersim,False,2,72,40,0.0929580785266037,0.031465065089095946,0.021296660906975365,0.44529809268015597,1.4041645739780506,23.862101295162574
batio3_cubic,mace_mp0,100.0,sscha,mattersim,False,3,4,40,0.08848770538873177,0.030708421645242467,0.021590394987871294,0.47558034066912536,1.2722607116302243,23.77275271610415
batio3_cubic,mace_mp0,100.0,sscha,mattersim,False,0,261,40,0.089543929031714,0.026459047300109676,0.019354704738369883,0.4804156899090229,1.2223669094964862,23.742537875659764
batio3_cubic,mace_mp0,100.0,sscha,mattersim,False,1,224,40,0.0952918315028348,0.03551556460053103,0.02328642702898062,0.5463566279092036,1.6084293016319862,27.648772846805514
batio3_cubic,mace_mp0,100.0,sscha,mattersim,False,2,288,40,0.09416203099514717,0.03005521733251186,0.020711810629969785,0.5216070634972203,1.2490404398704413,23.474012538645184
batio3_cubic,mace_mp0,100.0,sscha,mattersim,False,3,362,40,0.08630677817332993,0.025341016116061342,0.01885685739992998,0.5559110213678135,1.157260527543258,25.442623505659867
batio3_cubic,mace_mp0,100.0,sscha,mattersim,False,0,462,40,0.09582138467943443,0.031341443958797496,0.022738487378980758,0.48068930925585085,1.4288491311162943,26.88612279271183
batio3_cubic,mace_mp0,100.0,sscha,mattersim,False,1,486,40,0.09038482551194678,0.030799515133294084,0.022578803683225065,0.447013980961828,1.311461700606742,18.872101531815133
batio3_cubic,mace_mp0,100.0,sscha,mattersim,False,2,501,40,0.09374077643054857,0.039437896793975705,0.026866435641658724,0.48985661790534246,1.9659165420307543,19.069850059531746
batio3_cubic,mace_mp0,100.0,sscha,mattersim,False,3,471,40,0.0830507206375761,0.03295296854113837,0.021013909624707713,0.4543806776950134,1.2492140744143398,20.184043982226285
srtio3_cubic,mace_mp0,600.0,sscha,mace_mp0,True,0,0,40,0.29229172559176575,0.08601832822673013,0.061232921736501626,1.1545124513869405,-3.3650092378493923,128.33319591281906
srtio3_cubic,mace_mp0,600.0,sscha,mace_mp0,True,1,22,40,0.4031536660422371,0.7761349148926443,0.33390449408217576,4.017902482657673,19.350578006903163,370.02345908458665
srtio3_cubic,mace_mp0,600.0,sscha,mace_mp0,True,2,72,40,0.28731461615843484,0.3533355300761856,0.16889493562551544,2.5409338676326265,5.859884391776404,207.58089553892205
srtio3_cubic,mace_mp0,600.0,sscha,mace_mp0,True,3,4,40,0.4175557621293391,1.3575980783982362,0.40909165233379563,5.265803638008346,44.29304370007543,444.83991070082993
srtio3_cubic,mace_mp0,600.0,sscha,mace_mp0,True,0,261,40,0.38544871137871334,0.4257091600723675,0.22448571117796795,3.1320748258963023,7.267881985931979,344.2202847427325
srtio3_cubic,mace_mp0,600.0,sscha,mace_mp0,True,1,224,40,0.34219707208726774,0.5531246123875738,0.24040071881872058,3.2962297892120502,15.184789184965553,283.6448768584887
srtio3_cubic,mace_mp0,600.0,sscha,mace_mp0,True,2,288,40,0.4344136070434729,0.3267612293882667,0.16248176688192892,2.318483971444133,4.300546507325009,289.4641129321826
srtio3_cubic,mace_mp0,600.0,sscha,mace_mp0,True,3,362,40,0.2702259825572293,0.20090692174081123,0.114495233471825,1.7892066778531484,3.111109595236883,159.83587623977655
srtio3_cubic,mace_mp0,600.0,sscha,mace_mp0,True,0,462,40,0.2731858683962716,0.21785718935446102,0.13546103386460367,1.9334308852850786,2.955060645284391,177.64867261212203
srtio3_cubic,mace_mp0,600.0,sscha,mace_mp0,True,1,486,40,0.284018090756297,0.1773101227755909,0.0934214801276281,1.4520949704781123,1.2860462240510628,129.65976108080213
srtio3_cubic,mace_mp0,600.0,sscha,mace_mp0,True,2,501,40,0.36563518005151957,0.2274812679363233,0.1489534276247542,1.9690554721387072,5.153221458756718,227.8605943383809
srtio3_cubic,mace_mp0,600.0,sscha,mace_mp0,True,3,471,40,0.2929656252844182,0.23006188400156646,0.10774976554939796,1.9702761774222124,3.626473427299004,144.49909470677085
srtio3_cubic,mace_mp0,600.0,sscha,chgnet,False,0,0,40,0.29229172559176575,0.11994632213015792,0.08660468043812315,1.1545124513869405,-9.883794057350315,128.33319591281906
srtio3_cubic,mace_mp0,600.0,sscha,chgnet,False,1,22,40,0.4031536660422371,0.8769881107512806,0.37042572484788133,4.017902482657673,6.857186667366477,370.02345908458665
srtio3_cubic,mace_mp0,600.0,sscha,chgnet,False,2,72,40,0.28731461615843484,0.32356455126823946,0.15985794656356858,2.5409338676326265,-3.00020706235955,207.58089553892205
srtio3_cubic,mace_mp0,600.0,sscha,chgnet,False,3,4,40,0.4175557621293391,1.5768682514471424,0.4777356777227727,5.265803638008346,35.98436908432632,444.83991070082993
srtio3_cubic,mace_mp0,600.0,sscha,chgnet,False,0,261,40,0.38544871137871334,0.3557802459443602,0.19388005064791294,3.1320748258963023,-7.352761549373099,344.2202847427325
srtio3_cubic,mace_mp0,600.0,sscha,chgnet,False,1,224,40,0.34219707208726774,0.38811839898107114,0.20194018057585875,3.2962297892120502,0.9918113739331602,283.6448768584887
srtio3_cubic,mace_mp0,600.0,sscha,chgnet,False,2,288,40,0.4344136070434729,0.3149449985160947,0.1486279214836382,2.318483971444133,-6.357881242729491,289.4641129321826
srtio3_cubic,mace_mp0,600.0,sscha,chgnet,False,3,362,40,0.2702259825572293,0.14977485904767185,0.10445852074427256,1.7892066778531484,-4.262603534698428,159.83587623977655
srtio3_cubic,mace_mp0,600.0,sscha,chgnet,False,0,462,40,0.2731858683962716,0.20181258378644876,0.13608858171122437,1.9334308852850786,-2.242025883606402,177.64867261212203
srtio3_cubic,mace_mp0,600.0,sscha,chgnet,False,1,486,40,0.284018090756297,0.17197186734561465,0.11081134072046502,1.4520949704781123,-5.562318453849002,129.65976108080213
srtio3_cubic,mace_mp0,600.0,sscha,chgnet,False,2,501,40,0.36563518005151957,0.15678677908623642,0.11387988152624738,1.9690554721387072,-5.195952004396531,227.8605943383809
srtio3_cubic,mace_mp0,600.0,sscha,chgnet,False,3,471,40,0.2929656252844182,0.1716510872225679,0.10586574148262844,1.9702761774222124,-5.8630778610677226,144.49909470677085
srtio3_cubic,mace_mp0,600.0,sscha,orb_v2,False,0,0,40,0.29229172559176575,0.08187028918502458,0.057140272623503297,1.1545124513869405,3.6843211770246853,128.33319591281906
srtio3_cubic,mace_mp0,600.0,sscha,orb_v2,False,1,22,40,0.4031536660422371,0.7055455207240304,0.29904482050237213,4.017902482657673,39.14344917957351,370.02345908458665
srtio3_cubic,mace_mp0,600.0,sscha,orb_v2,False,2,72,40,0.28731461615843484,0.2875968452738488,0.1335086971393735,2.5409338676326265,9.843878630999825,207.58089553892205
srtio3_cubic,mace_mp0,600.0,sscha,orb_v2,False,3,4,40,0.4175557621293391,1.3251168339714035,0.38694580973965725,5.265803638008346,36.20714740463882,444.83991070082993
srtio3_cubic,mace_mp0,600.0,sscha,orb_v2,False,0,261,40,0.38544871137871334,0.3105701758072946,0.17705927903742402,3.1320748258963023,25.427885728458932,344.2202847427325
srtio3_cubic,mace_mp0,600.0,sscha,orb_v2,False,1,224,40,0.34219707208726774,0.47135490430921373,0.20289676434570605,3.2962297892120502,17.659558871491754,283.6448768584887
srtio3_cubic,mace_mp0,600.0,sscha,orb_v2,False,2,288,40,0.4344136070434729,0.25508274982731,0.14224926641373764,2.318483971444133,14.099195783637697,289.4641129321826
srtio3_cubic,mace_mp0,600.0,sscha,orb_v2,False,3,362,40,0.2702259825572293,0.14517187190946185,0.08870305876164811,1.7892066778531484,9.14033530807501,159.83587623977655
srtio3_cubic,mace_mp0,600.0,sscha,orb_v2,False,0,462,40,0.2731858683962716,0.1701051752741428,0.09886121957548864,1.9334308852850786,11.076035945006879,177.64867261212203
srtio3_cubic,mace_mp0,600.0,sscha,orb_v2,False,1,486,40,0.284018090756297,0.15164135119365835,0.08627833245991515,1.4520949704781123,4.917417874275998,129.65976108080213
srtio3_cubic,mace_mp0,600.0,sscha,orb_v2,False,2,501,40,0.36563518005151957,0.1656064709153327,0.11217250686568919,1.9690554721387072,15.927743369138623,227.8605943383809
srtio3_cubic,mace_mp0,600.0,sscha,orb_v2,False,3,471,40,0.2929656252844182,0.20765978614995578,0.09444558091938125,1.9702761774222124,9.287183064225246,144.49909470677085
srtio3_cubic,mace_mp0,600.0,sscha,sevennet0,False,0,0,40,0.29229172559176575,0.09515002038895162,0.0577042253528922,1.1545124513869405,-1.2847034811784397,128.33319591281906
srtio3_cubic,mace_mp0,600.0,sscha,sevennet0,False,1,22,40,0.4031536660422371,0.8764651578873482,0.3457714537554349,4.017902482657673,25.133401266975852,370.02345908458665
srtio3_cubic,mace_mp0,600.0,sscha,sevennet0,False,2,72,40,0.28731461615843484,0.3294692551585161,0.1439551547260544,2.5409338676326265,8.623175505999825,207.58089553892205
srtio3_cubic,mace_mp0,600.0,sscha,sevennet0,False,3,4,40,0.4175557621293391,1.2807228171714784,0.41061878266439,5.265803638008346,48.52404193588882,444.83991070082993
srtio3_cubic,mace_mp0,600.0,sscha,sevennet0,False,0,261,40,0.38544871137871334,0.3387582842011269,0.1807579017139179,3.1320748258963023,10.3199679428144,344.2202847427325
srtio3_cubic,mace_mp0,600.0,sscha,sevennet0,False,1,224,40,0.34219707208726774,0.4838250627979438,0.2009820477849026,3.2962297892120502,13.80156479190191,283.6448768584887
srtio3_cubic,mace_mp0,600.0,sscha,sevennet0,False,2,288,40,0.4344136070434729,0.36487964653402116,0.18558488016072344,2.318483971444133,9.348753278754884,289.4641129321826
srtio3_cubic,mace_mp0,600.0,sscha,sevennet0,False,3,362,40,0.2702259825572293,0.1769227505405943,0.10577863525821243,1.7892066778531484,6.227813945770322,159.83587623977655
srtio3_cubic,mace_mp0,600.0,sscha,sevennet0,False,0,462,40,0.2731858683962716,0.19573905581884987,0.11476185840083154,1.9334308852850786,7.415261714049848,177.64867261212203
srtio3_cubic,mace_mp0,600.0,sscha,sevennet0,False,1,486,40,0.284018090756297,0.18246080528980427,0.08698775708809299,1.4520949704781123,4.681669583260373,129.65976108080213
srtio3_cubic,mace_mp0,600.0,sscha,sevennet0,False,2,501,40,0.36563518005151957,0.20661470617192998,0.1425991577231999,1.9690554721387072,9.942292624509719,227.8605943383809
srtio3_cubic,mace_mp0,600.0,sscha,sevennet0,False,3,471,40,0.2929656252844182,0.2091811206860821,0.09885472279603834,1.9702761774222124,3.5149738967447774,144.49909470677085
srtio3_cubic,mace_mp0,600.0,sscha,mattersim,False,0,0,40,0.29229172559176575,0.06509440367950443,0.0417438465796063,1.1545124513869405,4.636469614524685,128.33319591281906
srtio3_cubic,mace_mp0,600.0,sscha,mattersim,False,1,22,40,0.4031536660422371,0.5271700802832071,0.21128246770179035,4.017902482657673,27.447396628303977,370.02345908458665
srtio3_cubic,mace_mp0,600.0,sscha,mattersim,False,2,72,40,0.28731461615843484,0.26156505423438176,0.10507252573879962,2.5409338676326265,11.992316130999825,207.58089553892205
srtio3_cubic,mace_mp0,600.0,sscha,mattersim,False,3,4,40,0.4175557621293391,0.8623619416048933,0.25215553700113275,5.265803638008346,38.09923724838882,444.83991070082993
srtio3_cubic,mace_mp0,600.0,sscha,mattersim,False,0,261,40,0.38544871137871334,0.27230921615524223,0.13771850609540598,3.1320748258963023,18.2087618881269,344.2202847427325
srtio3_cubic,mace_mp0,600.0,sscha,mattersim,False,1,224,40,0.34219707208726774,0.3619859741905046,0.13987537756058163,3.2962297892120502,19.06432113955816,283.6448768584887
srtio3_cubic,mace_mp0,600.0,sscha,mattersim,False,2,288,40,0.4344136070434729,0.21303929539195957,0.1021015565628793,2.318483971444133,14.283445661567384,289.4641129321826
srtio3_cubic,mace_mp0,600.0,sscha,mattersim,False,3,362,40,0.2702259825572293,0.13782254217936946,0.06948977650657868,1.7892066778531484,8.543335186004697,159.83587623977655
srtio3_cubic,mace_mp0,600.0,sscha,mattersim,False,0,462,40,0.2731858683962716,0.14632586406214962,0.0815117525435039,1.9334308852850786,9.387460200377973,177.64867261212203
srtio3_cubic,mace_mp0,600.0,sscha,mattersim,False,1,486,40,0.284018090756297,0.131573176684387,0.06103783909395731,1.4520949704781123,8.310972561775998,129.65976108080213
srtio3_cubic,mace_mp0,600.0,sscha,mattersim,False,2,501,40,0.36563518005151957,0.15069753969104802,0.10030704785085615,1.9690554721387072,14.398621970212844,227.8605943383809
srtio3_cubic,mace_mp0,600.0,sscha,mattersim,False,3,471,40,0.2929656252844182,0.1804733737867891,0.06930041200912372,1.9702761774222124,7.8873799026041524,144.49909470677085
zr_bcc,mattersim,50.0,sscha,mace_mp0,False,0,0,8,0.0875374669011783,0.1277276523894106,0.10540082419703672,0.1987890536638138,9.173064737032277,9.353913203767661
zr_bcc,mattersim,50.0,sscha,mace_mp0,False,1,22,8,0.06620497876667791,0.09076012540034895,0.06290216116359733,0.20133434764922656,4.003557228646315,7.6087961349458055
zr_bcc,mattersim,50.0,sscha,mace_mp0,False,2,72,8,0.11260698360311068,0.16600482534174335,0.12212736846606052,0.23025697567806427,15.358181777235913,7.245167010978548
zr_bcc,mattersim,50.0,sscha,mace_mp0,False,3,4,8,0.10364689538614935,0.1681425210163615,0.14392248766092158,0.2639262072100372,13.649655559623497,13.353085254721009
zr_bcc,mattersim,50.0,sscha,mace_mp0,False,0,261,8,0.08677179820852755,0.13611283093767268,0.11927503530024496,0.17432138647128412,9.273017337616096,3.6784348706078163
zr_bcc,mattersim,50.0,sscha,mace_mp0,False,1,224,8,0.08923687858924674,0.1395898750901274,0.1035296638531278,0.2209083660849088,10.150655320469326,4.522089813235652
zr_bcc,mattersim,50.0,sscha,mace_mp0,False,2,288,8,0.10962367435512578,0.16289989660089257,0.13806957199854086,0.2616175438255361,13.598731509990358,15.866923917656095
zr_bcc,mattersim,50.0,sscha,mace_mp0,False,3,362,8,0.11646405548344681,0.18373750465936162,0.14760560878595433,0.2730282692218534,19.126132942098195,12.225870685142581
zr_bcc,mattersim,50.0,sscha,mace_mp0,False,0,462,8,0.08057858077155182,0.13605782821538653,0.10617302287245985,0.18099224176573864,9.040101601357264,3.724337073890638
zr_bcc,mattersim,50.0,sscha,mace_mp0,False,1,486,8,0.09448214819417654,0.1525580462281019,0.13798295563646726,0.2420739928518316,11.236308760054214,5.028068489082216
zr_bcc,mattersim,50.0,sscha,mace_mp0,False,2,501,8,0.0928107253776685,0.14848805336008658,0.1256094679005351,0.2664200249640426,10.365065346238822,11.617951362723034
zr_bcc,mattersim,50.0,sscha,mace_mp0,False,3,471,8,0.10011625182863669,0.14434286410851924,0.11929294664013528,0.21266874665618085,11.151028360455228,7.323076604279777
zr_bcc,mattersim,50.0,sscha,chgnet,False,0,0,8,0.0875374669011783,0.10317030625537878,0.08578680862235617,0.1987890536638138,-1.3172997394121921,9.353913203767661
zr_bcc,mattersim,50.0,sscha,chgnet,False,1,22,8,0.06620497876667791,0.13129740248040714,0.1081825403010348,0.20133434764922656,-3.2018671188325243,7.6087961349458055
zr_bcc,mattersim,50.0,sscha,chgnet,False,2,72,8,0.11260698360311068,0.1531690168205038,0.12970901771335241,0.23025697567806427,1.6926686823808268,7.245167010978548
zr_bcc,mattersim,50.0,sscha,chgnet,False,3,4,8,0.10364689538614935,0.14637271417691963,0.12432643785619506,0.2639262072100372,-1.2757537117522588,13.353085254721009
zr_bcc,mattersim,50.0,sscha,chgnet,False,0,261,8,0.08677179820852755,0.1291311153368451,0.09794776434830565,0.17432138647128412,1.2492003222632775,3.6784348706078163
zr_bcc,mattersim,50.0,sscha,chgnet,False,1,224,8,0.08923687858924674,0.15319935488092548,0.1252234651762252,0.2209083660849088,1.2543155212370038,4.522089813235652
zr_bcc,mattersim,50.0,sscha,chgnet,False,2,288,8,0.10962367435512578,0.13836806110142064,0.11183590701098876,0.2616175438255361,-3.4548526896287512,15.866923917656095
zr_bcc,mattersim,50.0,sscha,chgnet,False,3,362,8,0.11646405548344681,0.12190123922298916,0.0966781449200918,0.2730282692218534,2.431149883705075,12.225870685142581
zr_bcc,mattersim,50.0,sscha,chgnet,False,0,462,8,0.08057858077155182,0.12021078597932587,0.0952092311364966,0.18099224176573864,1.7325873645859247,3.724337073890638
zr_bcc,mattersim,50.0,sscha,chgnet,False,1,486,8,0.09448214819417654,0.17326356253596611,0.137620625765568,0.2420739928518316,1.3319855270310654,5.028068489082216
zr_bcc,mattersim,50.0,sscha,chgnet,False,2,501,8,0.0928107253776685,0.1609933920963706,0.13719993859902316,0.2664200249640426,-2.2872018510042835,11.617951362723034
zr_bcc,mattersim,50.0,sscha,chgnet,False,3,471,8,0.10011625182863669,0.14688042015640665,0.13278826083971418,0.21266874665618085,-0.42133557644774555,7.323076604279777
zr_bcc,mattersim,50.0,sscha,orb_v2,False,0,0,8,0.0875374669011783,0.03096658122404811,0.025414937626632148,0.1987890536638138,5.462370975919839,9.353913203767661
zr_bcc,mattersim,50.0,sscha,orb_v2,False,1,22,8,0.06620497876667791,0.02276198528013778,0.017328995414100143,0.20133434764922656,5.094622596743648,7.6087961349458055
zr_bcc,mattersim,50.0,sscha,orb_v2,False,2,72,8,0.11260698360311068,0.03675517126926441,0.03234118894338172,0.23025697567806427,5.486146694465788,7.245167010978548
zr_bcc,mattersim,50.0,sscha,orb_v2,False,3,4,8,0.10364689538614935,0.05295055406341942,0.043380831229950755,0.2639262072100372,8.039737010903991,13.353085254721009
zr_bcc,mattersim,50.0,sscha,orb_v2,False,0,261,8,0.08677179820852755,0.026413454902348792,0.020662510077243533,0.17432138647128412,4.212028004758395,3.6784348706078163
zr_bcc,mattersim,50.0,sscha,orb_v2,False,1,224,8,0.08923687858924674,0.024339527266827116,0.019457499408735424,0.2209083660849088,5.3329421539274335,4.522089813235652
zr_bcc,mattersim,50.0,sscha,orb_v2,False,2,288,8,0.10962367435512578,0.050266380357360634,0.042987869004535884,0.2616175438255361,8.020233522529452,15.866923917656095
zr_bcc,mattersim,50.0,sscha,orb_v2,False,3,362,8,0.11646405548344681,0.051247450991744804,0.04052862388448162,0.2730282692218534,7.970090313392575,12.225870685142581
zr_bcc,mattersim,50.0,sscha,orb_v2,False,0,462,8,0.08057858077155182,0.026977467128110222,0.021493949265357932,0.18099224176573864,4.677772072227526,3.724337073890638
zr_bcc,mattersim,50.0,sscha,orb_v2,False,1,486,8,0.09448214819417654,0.022441505172965632,0.01927680729752612,0.2420739928518316,4.627883964531065,5.028068489082216
zr_bcc,mattersim,50.0,sscha,orb_v2,False,2,501,8,0.0928107253776685,0.04066866810896095,0.033315741367113266,0.2664200249640426,7.196373969918568,11.617951362723034
zr_bcc,mattersim,50.0,sscha,orb_v2,False,3,471,8,0.10011625182863669,0.03052657321294477,0.025322449867424254,0.21266874665618085,4.18157351168702,7.323076604279777
zr_bcc,mattersim,50.0,sscha,sevennet0,False,0,0,8,0.0875374669011783,0.10943524634018759,0.09246015789411939,0.1987890536638138,-1.6215218463457859,9.353913203767661
zr_bcc,mattersim,50.0,sscha,sevennet0,False,1,22,8,0.06620497876667791,0.10034831605361078,0.08415795375096419,0.20133434764922656,-1.7522821578950243,7.6087961349458055
zr_bcc,mattersim,50.0,sscha,sevennet0,False,2,72,8,0.11260698360311068,0.13346082421189495,0.11066913931931505,0.23025697567806427,3.893749004646452,7.245167010978548
zr_bcc,mattersim,50.0,sscha,sevennet0,False,3,4,8,0.10364689538614935,0.14764651507293436,0.11749875276381556,0.2639262072100372,-2.694821094564759,13.353085254721009
zr_bcc,mattersim,50.0,sscha,sevennet0,False,0,261,8,0.08677179820852755,0.10567878333991267,0.07971237188247525,0.17432138647128412,3.0535521289039025,3.6784348706078163
zr_bcc,mattersim,50.0,sscha,sevennet0,False,1,224,8,0.08923687858924674,0.1357511191984207,0.10487375684609451,0.2209083660849088,1.8684817810026288,4.522089813235652
zr_bcc,mattersim,50.0,sscha,sevennet0,False,2,288,8,0.10962367435512578,0.1344704927142299,0.11448421827686266,0.2616175438255361,-2.5049930704881262,15.866923917656095
zr_bcc,mattersim,50.0,sscha,sevennet0,False,3,362,8,0.11646405548344681,0.16108271852888542,0.13199486424659415,0.2730282692218534,-1.6791864200058626,12.225870685142581
zr_bcc,mattersim,50.0,sscha,sevennet0,False,0,462,8,0.08057858077155182,0.1163442338179115,0.09524407864119798,0.18099224176573864,1.245259788902331,3.724337073890638
zr_bcc,mattersim,50.0,sscha,sevennet0,False,1,486,8,0.09448214819417654,0.14652582370161465,0.12336304471178618,0.2420739928518316,2.424896293632628,5.028068489082216
zr_bcc,mattersim,50.0,sscha,sevennet0,False,2,501,8,0.0928107253776685,0.1502529163936748,0.12677692871323173,0.2664200249640426,-2.773575752371471,11.617951362723034
zr_bcc,mattersim,50.0,sscha,sevennet0,False,3,471,8,0.10011625182863669,0.11634931555029047,0.09298837091802863,0.21266874665618085,2.7830101266772544,7.323076604279777
zr_bcc,mattersim,50.0,sscha,mattersim,True,0,0,8,0.0875374669011783,0.09247806541145773,0.07037518718702922,0.1987890536638138,-5.838669673494223,9.353913203767661
zr_bcc,mattersim,50.0,sscha,mattersim,True,1,22,8,0.06620497876667791,0.10597310291609195,0.08942776249915683,0.20133434764922656,-4.7630319747895555,7.6087961349458055
zr_bcc,mattersim,50.0,sscha,mattersim,True,2,72,8,0.11260698360311068,0.10768902583300653,0.09236452416376023,0.23025697567806427,-5.508526080802767,7.245167010978548
zr_bcc,mattersim,50.0,sscha,mattersim,True,3,4,8,0.10364689538614935,0.09907017507181498,0.07867864889301983,0.2639262072100372,-7.056927417806946,13.353085254721009
zr_bcc,mattersim,50.0,sscha,mattersim,True,0,261,8,0.08677179820852755,0.09039614281421943,0.06866529676797585,0.17432138647128412,-3.3808884838890663,3.6784348706078163
zr_bcc,mattersim,50.0,sscha,mattersim,True,1,224,8,0.08923687858924674,0.1105675319608746,0.08851593742271631,0.2209083660849088,-3.7515209655794024,4.522089813235652
zr_bcc,mattersim,50.0,sscha,mattersim,True,2,288,8,0.10962367435512578,0.09501856691633319,0.075334492504272,0.2616175438255361,-8.31000863445297,15.866923917656095
zr_bcc,mattersim,50.0,sscha,mattersim,True,3,362,8,0.11646405548344681,0.08366548465948274,0.07428284583420207,0.2730282692218534,-6.25491579012305,12.225870685142581
zr_bcc,mattersim,50.0,sscha,mattersim,True,0,462,8,0.08057858077155182,0.08954734745205602,0.07177619763254463,0.18099224176573864,-2.9909615245742316,3.724337073890638
zr_bcc,mattersim,50.0,sscha,mattersim,True,1,486,8,0.09448214819417654,0.11759754811473347,0.10174756595931084,0.2420739928518316,-4.153549140937685,5.028068489082216
zr_bcc,mattersim,50.0,sscha,mattersim,True,2,501,8,0.0928107253776685,0.10865474703827786,0.09340011212113586,0.2664200249640426,-6.5062570267855335,11.617951362723034
zr_bcc,mattersim,50.0,sscha,mattersim,True,3,471,8,0.10011625182863669,0.1029638348386169,0.08846091361139623,0.21266874665618085,-5.373766301545402,7.323076604279777
zro2_cubic,mace_mp0,100.0,sscha,mace_mp0,True,0,0,24,0.10522259465836833,0.1296936720045058,0.10600438219473761,0.7104958996788331,-1.8453665096001732,45.311954227903094
zro2_cubic,mace_mp0,100.0,sscha,mace_mp0,True,1,22,24,0.08516230397946027,0.09407133025214205,0.07948519488535842,0.49512217958936444,-3.098661619335511,26.727826236159064
zro2_cubic,mace_mp0,100.0,sscha,mace_mp0,True,2,72,24,0.08137639091133586,0.0856043182128926,0.07142135561871228,0.44530674183798485,-1.3848127233622165,21.464623045024684
zro2_cubic,mace_mp0,100.0,sscha,mace_mp0,True,3,4,24,0.08676231341455581,0.11046454703147357,0.08804771848134162,0.5931014574048119,-2.1704270408721507,33.51276937958877
zro2_cubic,mace_mp0,100.0,sscha,mace_mp0,True,0,261,24,0.08983510354664491,0.10349485672111455,0.08659777582225818,0.5621812273638503,-3.0284331967429523,32.32870569399893
zro2_cubic,mace_mp0,100.0,sscha,mace_mp0,True,1,224,24,0.07223043780327647,0.0649978773829937,0.052350223058742804,0.3923408551866515,-0.6853864606526372,17.854545438088582
zro2_cubic,mace_mp0,100.0,sscha,mace_mp0,True,2,288,24,0.10139846251669618,0.07827014534674376,0.061061432978660325,0.6051733410787089,-1.63304854832802,39.69712326685718
zro2_cubic,mace_mp0,100.0,sscha,mace_mp0,True,3,362,24,0.10103842815000072,0.1034424795797631,0.07814328971478617,0.613862290159756,0.6072772602069657,30.72699261838352
zro2_cubic,mace_mp0,100.0,sscha,mace_mp0,True,0,462,24,0.07285618317665778,0.09545070471952428,0.0754577238451399,0.5463936243357783,-1.3098202337561797,26.028096838217607
zro2_cubic,mace_mp0,100.0,sscha,mace_mp0,True,1,486,24,0.09054565475448152,0.12096242906270113,0.08703159754962625,0.5991832303243129,-0.907179913334962,24.144485163712186
zro2_cubic,mace_mp0,100.0,sscha,mace_mp0,True,2,501,24,0.08670274906464301,0.0798261325696848,0.0659745125912454,0.5409804302922651,-0.23025956964299135,26.372128096833574
zro2_cubic,mace_mp0,100.0,sscha,mace_mp0,True,3,471,24,0.08590597293877986,0.08722719815468029,0.06742732052036182,0.5174497133529538,-1.8487138870651638,27.0008811351848
zro2_cubic,mace_mp0,100.0,sscha,chgnet,False,0,0,24,0.10522259465836833,0.12142636396892523,0.0988874775614832,0.7104958996788331,-1.3685490765359039,45.311954227903094
zro2_cubic,mace_mp0,100.0,sscha,chgnet,False,1,22,24,0.08516230397946027,0.08875928226458363,0.0765309925307444,0.49512217958936444,-2.7041344230080235,26.727826236159064
zro2_cubic,mace_mp0,100.0,sscha,chgnet,False,2,72,24,0.08137639091133586,0.07746636296965473,0.06125215454482299,0.44530674183798485,-0.8213887920949977,21.464623045024684
zro2_cubic,mace_mp0,100.0,sscha,chgnet,False,3,4,24,0.08676231341455581,0.10159104259584402,0.07826627445468026,0.5931014574048119,-0.9829384469715781,33.51276937958877
zro2_cubic,mace_mp0,100.0,sscha,chgnet,False,0,261,24,0.08983510354664491,0.1062405129679121,0.0884216773038161,0.5621812273638503,-2.5111245172411145,32.32870569399893
zro2_cubic,mace_mp0,100.0,sscha,chgnet,False,1,224,24,0.07223043780327647,0.06303694653803421,0.049573484435045,0.3923408551866515,0.44074264784891665,17.854545438088582
zro2_cubic,mace_mp0,100.0,sscha,chgnet,False,2,288,24,0.10139846251669618,0.07932647222455165,0.06368818357303516,0.6051733410787089,-1.934163468680102,39.69712326685718
zro2_cubic,mace_mp0,100.0,sscha,chgnet,False,3,362,24,0.10103842815000072,0.0885359294219718,0.06759889157994041,0.613862290159756,0.8358125573977304,30.72699261838352
zro2_cubic,mace_mp0,100.0,sscha,chgnet,False,0,462,24,0.07285618317665778,0.08721585080364874,0.06667649775112104,0.5463936243357783,0.045358972329268,26.028096838217607
zro2_cubic,mace_mp0,100.0,sscha,chgnet,False,1,486,24,0.09054565475448152,0.11960539224907052,0.08618726879353386,0.5991832303243129,-1.1704708814856228,24.144485163712186
zro2_cubic,mace_mp0,100.0,sscha,chgnet,False,2,501,24,0.08670274906464301,0.07731036070179388,0.05654718708913401,0.5409804302922651,0.5342032833747604,26.372128096833574
zro2_cubic,mace_mp0,100.0,sscha,chgnet,False,3,471,24,0.08590597293877986,0.08570741399255996,0.06505388492037081,0.5174497133529538,-1.3801027334920946,27.0008811351848
zro2_cubic,mace_mp0,100.0,sscha,orb_v2,False,0,0,24,0.10522259465836833,0.10822611915744705,0.080772137630124,0.7104958996788331,7.499032608848211,45.311954227903094
zro2_cubic,mace_mp0,100.0,sscha,orb_v2,False,1,22,24,0.08516230397946027,0.05610351887932993,0.04634901341358069,0.49512217958936444,0.9903998787497887,26.727826236159064
zro2_cubic,mace_mp0,100.0,sscha,orb_v2,False,2,72,24,0.08137639091133586,0.058065832880755036,0.04898792664726005,0.44530674183798485,1.2919534930612524,21.464623045024684
zro2_cubic,mace_mp0,100.0,sscha,orb_v2,False,3,4,24,0.08676231341455581,0.08534001933902954,0.07278708787637661,0.5931014574048119,4.871668181446391,33.51276937958877
zro2_cubic,mace_mp0,100.0,sscha,orb_v2,False,0,261,24,0.08983510354664491,0.07786034197380007,0.06280091890422053,0.5621812273638503,4.887798720877375,32.32870569399893
zro2_cubic,mace_mp0,100.0,sscha,orb_v2,False,1,224,24,0.07223043780327647,0.06195358572726045,0.05098587106864535,0.3923408551866515,3.8933615646783437,17.854545438088582
zro2_cubic,mace_mp0,100.0,sscha,orb_v2,False,2,288,24,0.10139846251669618,0.08827114482515507,0.07268587000062474,0.6051733410787089,8.351849816638909,39.69712326685718
zro2_cubic,mace_mp0,100.0,sscha,orb_v2,False,3,362,24,0.10103842815000072,0.08201451722672755,0.06975380006833677,0.613862290159756,6.690737077254501,30.72699261838352
zro2_cubic,mace_mp0,100.0,sscha,orb_v2,False,0,462,24,0.07285618317665778,0.07110670533457128,0.05450962485473337,0.5463936243357783,2.7677812542303095,26.028096838217607
zro2_cubic,mace_mp0,100.0,sscha,orb_v2,False,1,486,24,0.09054565475448152,0.05496373485529624,0.04360528599735459,0.5991832303243129,2.266889246281304,24.144485163712186
zro2_cubic,mace_mp0,100.0,sscha,orb_v2,False,2,501,24,0.08670274906464301,0.06321319544776623,0.05135897548013746,0.5409804302922651,3.4413204912198125,26.372128096833574
zro2_cubic,mace_mp0,100.0,sscha,orb_v2,False,3,471,24,0.08590597293877986,0.06026819487383524,0.049309682196924415,0.5174497133529538,4.036449492256604,27.0008811351848
zro2_cubic,mace_mp0,100.0,sscha,sevennet0,False,0,0,24,0.10522259465836833,0.10454961045815443,0.07524791049604179,0.7104958996788331,3.7673050087505544,45.311954227903094
zro2_cubic,mace_mp0,100.0,sscha,sevennet0,False,1,22,24,0.08516230397946027,0.05670928488239663,0.04488385859450786,0.49512217958936444,0.21855946533833048,26.727826236159064
zro2_cubic,mace_mp0,100.0,sscha,sevennet0,False,2,72,24,0.08137639091133586,0.05917765160694137,0.04869635516402945,0.44530674183798485,0.9893208433216689,21.464623045024684
zro2_cubic,mace_mp0,100.0,sscha,sevennet0,False,3,4,24,0.08676231341455581,0.0684806991313817,0.055428126076097026,0.5931014574048119,2.1514711396169637,33.51276937958877
zro2_cubic,mace_mp0,100.0,sscha,sevennet0,False,0,261,24,0.08983510354664491,0.07418239546459161,0.06125060992328711,0.5621812273638503,0.08795588640471881,32.32870569399893
zro2_cubic,mace_mp0,100.0,sscha,sevennet0,False,1,224,24,0.07223043780327647,0.05114571310060846,0.03885257168772716,0.3923408551866515,1.304135795635375,17.854545438088582
zro2_cubic,mace_mp0,100.0,sscha,sevennet0,False,2,288,24,0.10139846251669618,0.06804600192404024,0.055536556027402116,0.6051733410787089,2.0261280759162523,39.69712326685718
zro2_cubic,mace_mp0,100.0,sscha,sevennet0,False,3,362,24,0.10103842815000072,0.07220620634511524,0.05864135022649229,0.613862290159756,3.527717261173772,30.72699261838352
zro2_cubic,mace_mp0,100.0,sscha,sevennet0,False,0,462,24,0.07285618317665778,0.06500704785962598,0.04919829378617396,0.5463936243357783,1.2609758343084347,26.028096838217607
zro2_cubic,mace_mp0,100.0,sscha,sevennet0,False,1,486,24,0.09054565475448152,0.06799284449964636,0.05435653394990135,0.5991832303243129,2.3441368659102104,24.144485163712186
zro2_cubic,mace_mp0,100.0,sscha,sevennet0,False,2,501,24,0.08670274906464301,0.07382979133221532,0.05946001265624365,0.5409804302922651,2.7626222693773648,26.372128096833574
zro2_cubic,mace_mp0,100.0,sscha,sevennet0,False,3,471,24,0.08590597293877986,0.05605854291681679,0.04169290341621491,0.5174497133529538,0.9525846444375929,27.0008811351848
zro2_cubic,mace_mp0,100.0,sscha,mattersim,False,0,0,24,0.10522259465836833,0.09887552641535853,0.06878042969792296,0.7104958996788331,4.888826004844304,45.311954227903094
zro2_cubic,mace_mp0,100.0,sscha,mattersim,False,1,22,24,0.08516230397946027,0.048336795999910746,0.037037052935121294,0.49512217958936444,0.8797736580466639,26.727826236159064
zro2_cubic,mace_mp0,100.0,sscha,mattersim,False,2,72,24,0.08137639091133586,0.0638114607843424,0.05021870377773818,0.44530674183798485,2.351803550027398,21.464623045024684
zro2_cubic,mace_mp0,100.0,sscha,mattersim,False,3,4,24,0.08676231341455581,0.06950968631731651,0.05610045415775359,0.5931014574048119,3.137570382781026,33.51276937958877
zro2_cubic,mace_mp0,100.0,sscha,mattersim,False,0,261,24,0.08983510354664491,0.06259556316606939,0.05077560866449296,0.5621812273638503,2.1052949570427395,32.32870569399893
zro2_cubic,mace_mp0,100.0,sscha,mattersim,False,1,224,24,0.07223043780327647,0.0559462663508751,0.043529174057855176,0.3923408551866515,1.9316534958306875,17.854545438088582
zro2_cubic,mace_mp0,100.0,sscha,mattersim,False,2,288,24,0.10139846251669618,0.0702236172783448,0.0561754424247685,0.6051733410787089,3.6283009274787523,39.69712326685718
zro2_cubic,mace_mp0,100.0,sscha,mattersim,False,3,362,24,0.10103842815000072,0.08097106951528293,0.06163842455612957,0.613862290159756,4.52843951052273,30.72699261838352
zro2_cubic,mace_mp0,100.0,sscha,mattersim,False,0,462,24,0.07285618317665778,0.06484389955541445,0.048751138427973156,0.5463936243357783,2.2934872275376015,26.028096838217607
zro2_cubic,mace_mp0,100.0,sscha,mattersim,False,1,486,24,0.09054565475448152,0.06801169601871782,0.05230386936154512,0.5991832303243129,3.199900619165419,24.144485163712186
zro2_cubic,mace_mp0,100.0,sscha,mattersim,False,2,501,24,0.08670274906464301,0.09226777143217327,0.07099474142719214,0.5409804302922651,4.417565099781011,26.372128096833574
zro2_cubic,mace_mp0,100.0,sscha,mattersim,False,3,471,24,0.08590597293877986,0.06318162846754419,0.04936384111072411,0.5174497133529538,2.730233570218843,27.0008811351848
