system,owner_model,T,set,eval_model,is_owner,n_configs,u_rms_mean_A,force_rmse,force_mae,rms_f_pbe,rel_force_rmse,e_err_mean_meV_per_atom,e_err_rms_meV_per_atom,e_err_maxabs_meV_per_atom,energy_reference_has_pbe,force_rmse_over_baseline,rel_force_rmse_baseline
batio3_cubic,mace_mp0,,baseline,mace_mp0,True,4,0.033424577862542576,0.027136437466098215,0.01728659222974729,0.2707513669436593,0.10022640983284506,-0.18829371597952616,0.21103283176434617,0.3005415617536755,True,,
batio3_cubic,mace_mp0,,baseline,chgnet,False,4,0.033424577862542576,0.03656798491049687,0.02660969114526122,0.2707513669436593,0.13506112756987965,-0.536621732499043,0.5398791312511697,0.6337744405755075,True,,
batio3_cubic,mace_mp0,,baseline,orb_v2,False,4,0.033424577862542576,0.01911782251018693,0.013661050872807393,0.2707513669436593,0.07061025296380188,-0.4027735421914258,0.5177909823426247,0.9575565542036202,True,,
batio3_cubic,mace_mp0,,baseline,sevennet0,False,4,0.033424577862542576,0.01185832350203808,0.008860892252953969,0.2707513669436593,0.04379783428574778,-0.09430758454982424,0.11658238537488401,0.20805422573175747,True,,
batio3_cubic,mace_mp0,,baseline,mattersim,False,4,0.033424577862542576,0.011226381798834876,0.008150856333363005,0.2707513669436593,0.04146380469122793,0.14754422209080076,0.15312751683352013,0.21107595312059857,True,,
srtio3_cubic,mace_mp0,,baseline,mace_mp0,True,4,0.03342457786254259,0.035274169683758155,0.022837535897206128,0.31098119621871717,0.11342862562966465,-0.3412182188103685,0.37035374458701587,0.5524919574213527,True,,
srtio3_cubic,mace_mp0,,baseline,chgnet,False,4,0.03342457786254259,0.033493155484576397,0.023291408712849786,0.31098119621871717,0.10770154559769658,-0.41041209233299014,0.42966890667356966,0.5919367213209625,True,,
srtio3_cubic,mace_mp0,,baseline,orb_v2,False,4,0.03342457786254259,0.019289074157407504,0.01361760043233596,0.31098119621871717,0.06202649675268868,1.434995393628924,1.4569814123099158,1.6901834491363843,True,,
srtio3_cubic,mace_mp0,,baseline,sevennet0,False,4,0.03342457786254259,0.015014777742445695,0.011299343774028772,0.31098119621871717,0.0482819473492719,-0.13384654057517764,0.1441392869858517,0.22419990491471253,True,,
srtio3_cubic,mace_mp0,,baseline,mattersim,False,4,0.03342457786254259,0.012560350082001313,0.008026181692164227,0.31098119621871717,0.040389419793624606,0.12345478999122861,0.12833633265070157,0.1722158496704651,True,,
zr_bcc,mattersim,,baseline,mace_mp0,False,4,0.027603097946507116,0.04872772850693061,0.03949206728984493,0.07231754203919874,0.6738023325034803,1.0219300251170793,1.0309241711312713,1.205812774893289,True,,
zr_bcc,mattersim,,baseline,chgnet,False,4,0.027603097946507116,0.04545704174451894,0.03529234356785178,0.07231754203919874,0.6285755912428491,-0.14436361476555248,0.22658010495140338,0.41374623401679855,True,,
zr_bcc,mattersim,,baseline,orb_v2,False,4,0.027603097946507116,0.016034788455387822,0.013010747329980902,0.07231754203919874,0.2217275090281191,4.290460375102612,4.294810303591264,4.448317867399965,True,,
zr_bcc,mattersim,,baseline,sevennet0,False,4,0.027603097946507116,0.041761421909851486,0.032956969272523326,0.07231754203919874,0.5774729164220664,-0.28574583217277905,0.2885519712382098,0.3364986143878923,True,,
zr_bcc,mattersim,,baseline,mattersim,True,4,0.027603097946507116,0.04311233293408003,0.03556394340689198,0.07231754203919874,0.5961531838390134,-0.7241975991405525,0.7298901025397524,0.865787859993361,True,,
zro2_cubic,mace_mp0,,baseline,mace_mp0,True,4,0.03340307515734931,0.0713093468330157,0.04915902941571824,0.3171418809349963,0.22484998393394717,-0.9275605763588619,0.9382615460695524,1.0954519933541462,True,,
zro2_cubic,mace_mp0,,baseline,chgnet,False,4,0.03340307515734931,0.060791212378055313,0.04374615142893182,0.3171418809349963,0.1916845930245193,-0.23111755300912284,0.2769765003219953,0.36473713028802496,True,,
zro2_cubic,mace_mp0,,baseline,orb_v2,False,4,0.03340307515734931,0.029445695659722937,0.02351018009168747,0.3171418809349963,0.09284707391187587,-2.8778816724752687,2.8790850372801744,3.0140356225274445,True,,
zro2_cubic,mace_mp0,,baseline,sevennet0,False,4,0.03340307515734931,0.027670535886025322,0.02119597531999703,0.3171418809349963,0.08724970604464843,0.29435699533072085,0.30907940245612825,0.3927096439232021,True,,
zro2_cubic,mace_mp0,,baseline,mattersim,False,4,0.03340307515734931,0.02822558320178999,0.020340568083433562,0.3171418809349963,0.08899986062570939,0.48572764148957503,0.48850341323928564,0.558428366730368,True,,
batio3_cubic,mace_mp0,100.0,sscha,mace_mp0,True,12,0.09105737624165956,0.05169314511519644,0.035256587036183354,0.495816168727606,0.10425869178057379,0.30522444752788164,0.5358976569471113,1.4646287830402116,True,1.9049348382512306,0.10022640983284506
batio3_cubic,mace_mp0,100.0,sscha,chgnet,False,12,0.09105737624165956,0.06609775571835744,0.04944442536958537,0.495816168727606,0.13331101300706183,-1.9667742946088158,1.9967716952834842,2.689480195112992,True,1.8075307097215527,0.13506112756987965
batio3_cubic,mace_mp0,100.0,sscha,orb_v2,False,12,0.09105737624165956,0.03715384029906638,0.026431269689778384,0.495816168727606,0.07493470895556484,-1.5930134354372665,1.6714685340297695,2.5134319163043983,True,1.9434138108180972,0.07061025296380188
batio3_cubic,mace_mp0,100.0,sscha,sevennet0,False,12,0.09105737624165956,0.03676186284747965,0.02488281863971349,0.495816168727606,0.07414413882834883,0.2638699314654029,0.4050057073470087,1.1304978408588795,True,3.1000893879443767,0.04379783428574778
batio3_cubic,mace_mp0,100.0,sscha,mattersim,False,12,0.09105737624165956,0.031667574981652805,0.021993938714930095,0.495816168727606,0.06386958913203675,1.4083426894406632,1.4246635446527327,1.9659165420307543,True,2.8208175660780936,0.04146380469122793
srtio3_cubic,mace_mp0,600.0,sscha,mace_mp0,True,12,0.33736715895641395,0.531945450567118,0.1833810951079012,2.80652553129395,0.1895387890242581,9.085302157479683,15.120755755009831,44.29304370007543,True,15.080311041652953,0.11342862562966465
srtio3_cubic,mace_mp0,600.0,sscha,chgnet,False,12,0.33736715895641395,0.5699334709237105,0.18418135403871608,2.80652553129395,0.20307439379001208,-0.49060454365038214,11.759979292956103,35.98436908432632,True,17.016416120785184,0.10770154559769658
srtio3_cubic,mace_mp0,600.0,sscha,orb_v2,False,12,0.33736715895641395,0.48908026920955516,0.156608800698658,2.80652553129395,0.17426539105242506,16.36784602804558,19.750987524349192,39.14344917957351,True,25.355300374628694,0.06202649675268868
srtio3_cubic,mace_mp0,600.0,sscha,sevennet0,False,12,0.33736715895641395,0.5161863687989939,0.17286304811872424,2.80652553129395,0.18392363192256653,12.187351083791023,17.49656696764956,48.52404193588882,True,34.37855542408545,0.0482819473492719
srtio3_cubic,mace_mp0,600.0,sscha,mattersim,False,12,0.33736715895641395,0.3485446009862875,0.11429972043701796,2.80652553129395,0.12419078219665823,15.188309844370451,17.72231280438155,38.09923724838882,True,27.749592862522494,0.040389419793624606
zr_bcc,mattersim,50.0,sscha,mace_mp0,False,12,0.09500670312212472,0.14814362410624654,0.11932425953959014,0.22957754449214404,0.6452879545948618,11.343791706734791,11.908951920620272,19.126132942098195,True,3.040232505095654,0.6738023325034803
zr_bcc,mattersim,50.0,sscha,chgnet,False,12,0.09500670312212472,0.1410918684739914,0.11520901185744599,0.22957754449214404,0.6145717290691706,-0.18886694882288188,1.9925919590421415,3.4548526896287512,True,3.1038506479802725,0.6285755912428491
zr_bcc,mattersim,50.0,sscha,orb_v2,False,12,0.09500670312212472,0.03639144983949597,0.028459283615540232,0.22957754449214404,0.15851484917655462,5.858481232583775,6.035506102960656,8.039737010903991,True,2.269531022547924,0.2217275090281191
zr_bcc,mattersim,50.0,sscha,sevennet0,False,12,0.09500670312212472,0.13114952337823693,0.1061853031637071,0.22957754449214404,0.5712645967546915,0.18688073184118062,2.4647834892103897,3.893749004646452,True,3.140446789894835,0.5774729164220664
zr_bcc,mattersim,50.0,sscha,mattersim,True,12,0.09500670312212472,0.10077810453177256,0.08275245704970999,0.22957754449214404,0.43897195936434935,-5.324085251231736,5.537837415784149,8.31000863445297,True,2.3375701956529498,0.5961531838390134
zro2_cubic,mace_mp0,100.0,sscha,mace_mp0,True,12,0.08825304957624173,0.09776092976506646,0.07658354393841424,0.5576019458650754,0.1753238676622588,-1.4612360368738326,1.7870297425599955,3.098661619335511,True,1.3709413156453691,0.22484998393394717
zro2_cubic,mace_mp0,100.0,sscha,chgnet,False,12,0.08825304957624173,0.09290275371439738,0.07155699787814394,0.5576019458650754,0.16661124374353842,-0.9180629065465634,1.4528077612000807,2.7041344230080235,True,1.5282266972509637,0.1916845930245193
zro2_cubic,mace_mp0,100.0,sscha,orb_v2,False,12,0.08825304957624173,0.07395891444675814,0.05865884951152655,0.5576019458650754,0.13263747552390034,4.2491034854619,4.80556870069778,8.351849816638909,True,2.5117054560854633,0.09284707391187587
zro2_cubic,mace_mp0,100.0,sscha,sevennet0,False,12,0.08825304957624173,0.0693682279077788,0.053603756833676554,0.5576019458650754,0.12440456569813342,1.7827427575159362,2.116029429135278,3.7673050087505544,True,2.5069347479754596,0.08724970604464843
zro2_cubic,mace_mp0,100.0,sscha,mattersim,False,12,0.08825304957624173,0.07123187271472713,0.05380574004993472,0.5576019458650754,0.12774681516617828,3.0077374169397646,3.2191269227713795,4.888826004844304,True,2.5236634511845906,0.08899986062570939
