job,n_atoms,kmesh,nk_tr_upper,nk_irr_spglib,status,qe_version,nproc,nk_irr,wall_s,n_scf,input_matches_run,pos_mismatch_A,core_h
a_batio3_cubic_chgnet_q0-0-0-b0_i00,5,7x7x7,172,100,ok,7.5,8,172,44.06,21,True,2.0965974690709657e-06,0.09791111111111112
a_batio3_cubic_chgnet_q0-0-0-b0_i01,5,7x7x7,172,40,ok,7.5,8,40,16.13,23,True,2.1477396294667696e-06,0.03584444444444444
a_batio3_cubic_chgnet_q0-0-0-b0_i02,5,7x7x7,172,100,ok,7.5,8,40,17.07,25,True,2.1499192494510626e-06,0.03793333333333333
a_batio3_cubic_chgnet_q0-0-0-b0_i03,5,7x7x7,172,100,ok,7.5,8,100,26.54,19,True,2.111695955674039e-06,0.058977777777777775
a_batio3_cubic_chgnet_q0-0-0-b0_i04,5,7x7x7,172,100,ok,7.5,8,100,42.83,33,True,2.1936996211514775e-06,0.09517777777777778
a_batio3_cubic_chgnet_q0-0-0-b0_i05,5,7x7x7,172,100,ok,7.5,8,100,30.26,22,True,2.2407216861399897e-06,0.06724444444444445
a_batio3_cubic_chgnet_q0-0-0-b0_i06,5,7x7x7,172,100,ok,7.5,8,100,38.72,27,True,2.1336730848915566e-06,0.08604444444444444
a_batio3_cubic_chgnet_q0-0-0-b0_i07,5,7x7x7,172,100,ok,7.5,8,100,39.65,29,True,2.281599622472841e-06,0.08811111111111111
a_batio3_cubic_chgnet_q0-0-0-b0_i08,5,7x7x7,172,100,ok,7.5,8,100,37.46,27,True,2.243352635942392e-06,0.08324444444444444
a_batio3_cubic_chgnet_q0-0-0-b0_i09,5,7x7x7,172,100,ok,7.5,8,100,32.38,22,True,2.194153136738242e-06,0.07195555555555556
a_batio3_cubic_chgnet_q1d2-1d2-0-b0_i00,20,4x4x7,58,45,ok,7.5,8,58,489.39,30,True,4.196825490349452e-06,1.0875333333333332
a_batio3_cubic_chgnet_q1d2-1d2-0-b0_i01,20,4x4x7,58,45,ok,7.5,8,58,414.77,25,True,4.056964285405602e-06,0.921711111111111
a_batio3_cubic_chgnet_q1d2-1d2-0-b0_i02,20,4x4x7,58,45,ok,7.5,8,45,277.92,23,True,4.520793577299284e-06,0.6176
a_batio3_cubic_chgnet_q1d2-1d2-0-b0_i03,20,4x4x7,58,58,ok,7.5,8,45,358.15999999999997,31,True,4.033952832996896e-06,0.795911111111111
a_batio3_cubic_chgnet_q1d2-1d2-0-b0_i04,20,4x4x7,58,58,ok,7.5,8,45,348.24,29,True,3.899831672789866e-06,0.7738666666666667
a_batio3_cubic_chgnet_q1d2-1d2-0-b0_i05,20,4x4x7,58,58,ok,7.5,8,45,300.05,23,True,4.183460410082311e-06,0.6667777777777778
a_batio3_cubic_chgnet_q1d2-1d2-0-b0_i06,20,4x4x7,58,58,ok,7.5,8,58,389.29,24,True,4.39727370512127e-06,0.8650888888888889
a_batio3_cubic_chgnet_q1d2-1d2-0-b0_i07,20,4x4x7,58,58,ok,7.5,8,58,397.65999999999997,24,True,4.496012719757841e-06,0.8836888888888889
a_batio3_cubic_chgnet_q1d2-1d2-0-b0_i08,20,4x4x7,58,58,ok,7.5,8,58,461.90999999999997,30,True,4.3352684124440214e-06,1.0264666666666666
a_batio3_cubic_chgnet_q1d2-1d2-0-b0_i09,20,4x4x7,58,58,ok,7.5,8,58,371.26,22,True,4.559068533022448e-06,0.8250222222222222
a_batio3_cubic_mace_mp0_q1d2-0-1d2-b0_i00,10,5x5x7,88,24,ok,7.5,8,24,38.83,14,True,2.133536189875793e-06,0.08628888888888889
a_batio3_cubic_mace_mp0_q1d2-0-1d2-b0_i01,10,5x5x7,88,24,ok,7.5,8,24,37.73,14,True,2.162651964764454e-06,0.08384444444444444
a_batio3_cubic_mace_mp0_q1d2-0-1d2-b0_i02,10,5x5x7,88,24,ok,7.5,8,24,38.35,15,True,2.2518333100213504e-06,0.08522222222222223
a_batio3_cubic_mace_mp0_q1d2-0-1d2-b0_i03,10,5x5x7,88,24,ok,7.5,8,24,39.18,15,True,2.082685748897623e-06,0.08706666666666667
a_batio3_cubic_mace_mp0_q1d2-0-1d2-b0_i04,10,5x5x7,88,24,ok,7.5,8,24,38.23,14,True,2.287049827739392e-06,0.08495555555555555
a_batio3_cubic_mace_mp0_q1d2-0-1d2-b0_i05,10,5x5x7,88,24,ok,7.5,8,24,38.86,15,True,2.228818879761521e-06,0.08635555555555556
a_batio3_cubic_mace_mp0_q1d2-0-1d2-b0_i06,10,5x5x7,88,24,ok,7.5,8,24,39.66,15,True,2.2306257247663734e-06,0.08813333333333333
a_batio3_cubic_mace_mp0_q1d2-0-1d2-b0_i07,10,5x5x7,88,24,ok,7.5,8,24,37.78,14,True,2.2989253431633595e-06,0.08395555555555556
a_batio3_cubic_mace_mp0_q1d2-0-1d2-b0_i08,10,5x5x7,88,24,ok,7.5,8,24,38.2,14,True,2.100628211136518e-06,0.08488888888888889
a_batio3_cubic_mace_mp0_q1d2-0-1d2-b0_i09,10,5x5x7,88,24,ok,7.5,8,24,40.59,15,True,2.2830751141243736e-06,0.0902
a_batio3_cubic_mattersim_q0-0-0-b0_i00,5,7x7x7,172,20,ok,7.5,8,20,11.89,16,True,2.1152060636353553e-07,0.026422222222222222
a_batio3_cubic_mattersim_q0-0-0-b0_i01,5,7x7x7,172,172,ok,7.5,8,172,46.94,23,True,2.3471417240265478e-07,0.1043111111111111
a_batio3_cubic_mattersim_q0-0-0-b0_i02,5,7x7x7,172,172,ok,7.5,8,172,46.22,22,True,2.2246691754196714e-07,0.10271111111111111
a_batio3_cubic_mattersim_q0-0-0-b0_i03,5,7x7x7,172,172,ok,7.5,8,172,47.68,23,True,2.1152060636353553e-07,0.10595555555555555
a_batio3_cubic_mattersim_q0-0-0-b0_i04,5,7x7x7,172,172,ok,7.5,8,172,56.16,28,True,2.942143963149289e-07,0.1248
a_batio3_cubic_mattersim_q0-0-0-b0_i05,5,7x7x7,172,172,ok,7.5,8,172,53.6,26,True,2.801792637469577e-07,0.11911111111111111
a_batio3_cubic_mattersim_q0-0-0-b0_i06,5,7x7x7,172,172,ok,7.5,8,172,53.97,27,True,2.9049231914000353e-07,0.11993333333333334
a_batio3_cubic_mattersim_q0-0-0-b0_i07,5,7x7x7,172,172,ok,7.5,8,172,53.18,25,True,3.1102317642378866e-07,0.11817777777777777
a_batio3_cubic_mattersim_q0-0-0-b0_i08,5,7x7x7,172,172,ok,7.5,8,172,49.75,23,True,2.516816584741772e-07,0.11055555555555556
a_batio3_cubic_mattersim_q0-0-0-b0_i09,5,7x7x7,172,172,ok,7.5,8,172,54.41,26,True,2.533359824500025e-07,0.12091111111111111
a_batio3_cubic_mattersim_q1d2-0-1d2-b0_i00,20,4x7x4,58,24,ok,7.5,8,24,124.41,15,True,1.8221172304322408e-07,0.27646666666666664
a_batio3_cubic_mattersim_q1d2-0-1d2-b0_i01,20,4x7x4,58,24,ok,7.5,8,24,129.68,16,True,4.215047726008033e-07,0.2881777777777778
a_batio3_cubic_mattersim_q1d2-0-1d2-b0_i02,20,4x7x4,58,24,ok,7.5,8,24,132.89,16,True,4.111463642379254e-07,0.2953111111111111
a_batio3_cubic_mattersim_q1d2-0-1d2-b0_i03,20,4x7x4,58,24,ok,7.5,8,24,118.09,14,True,5.049191155608176e-07,0.2624222222222222
a_batio3_cubic_mattersim_q1d2-0-1d2-b0_i04,20,4x7x4,58,24,ok,7.5,8,24,124.15,15,True,5.104773244960279e-07,0.2758888888888889
a_batio3_cubic_mattersim_q1d2-0-1d2-b0_i05,20,4x7x4,58,24,ok,7.5,8,24,132.75,16,True,4.059184966611365e-07,0.295
a_batio3_cubic_mattersim_q1d2-0-1d2-b0_i06,20,4x7x4,58,24,ok,7.5,8,24,170.52,22,True,5.374864102066541e-07,0.37893333333333334
a_batio3_cubic_mattersim_q1d2-0-1d2-b0_i07,20,4x7x4,58,24,ok,7.5,8,24,141.67000000000002,17,True,4.983617448761471e-07,0.3148222222222223
a_batio3_cubic_mattersim_q1d2-0-1d2-b0_i08,20,4x7x4,58,24,ok,7.5,8,24,150.72,18,True,5.831331336732979e-07,0.3349333333333333
a_batio3_cubic_mattersim_q1d2-0-1d2-b0_i09,20,4x7x4,58,24,ok,7.5,8,24,169.76,20,True,6.777266246124183e-07,0.37724444444444444
a_batio3_cubic_orb_v2_q1d2-1d2-0-b0_i00,10,7x5x5,88,88,ok,7.5,8,88,131.18,28,True,3.996991670911359e-06,0.2915111111111111
a_batio3_cubic_orb_v2_q1d2-1d2-0-b0_i01,10,7x5x5,88,88,ok,7.5,8,88,133.59,28,True,3.988297653461688e-06,0.29686666666666667
a_batio3_cubic_orb_v2_q1d2-1d2-0-b0_i02,10,7x5x5,88,88,ok,7.5,8,88,111.63,23,True,3.832419476642637e-06,0.24806666666666666
a_batio3_cubic_orb_v2_q1d2-1d2-0-b0_i03,10,7x5x5,88,88,ok,7.5,8,88,161.89,34,True,3.6460998485538295e-06,0.35975555555555555
a_batio3_cubic_orb_v2_q1d2-1d2-0-b0_i04,10,7x5x5,88,88,ok,7.5,8,88,132.26,28,True,3.659817372219691e-06,0.29391111111111107
a_batio3_cubic_orb_v2_q1d2-1d2-0-b0_i05,10,7x5x5,88,88,ok,7.5,8,88,149.07999999999998,32,True,3.6697872291908155e-06,0.33128888888888885
a_batio3_cubic_orb_v2_q1d2-1d2-0-b0_i06,10,7x5x5,88,88,ok,7.5,8,88,102.41,20,True,3.6391446018790685e-06,0.22757777777777777
a_batio3_cubic_orb_v2_q1d2-1d2-0-b0_i07,10,7x5x5,88,88,ok,7.5,8,88,108.64,21,True,3.730827470875865e-06,0.24142222222222223
a_batio3_cubic_orb_v2_q1d2-1d2-0-b0_i08,10,7x5x5,88,88,ok,7.5,8,88,111.42,23,True,3.742699357878449e-06,0.24760000000000001
a_batio3_cubic_orb_v2_q1d2-1d2-0-b0_i09,10,7x5x5,88,88,ok,7.5,8,88,112.97999999999999,23,True,3.824921542377862e-06,0.25106666666666666
a_batio3_cubic_sevennet0_q1d2-0-0-b0_i00,10,4x7x7,99,30,ok,7.5,8,30,43.99,16,True,4.893789274201887e-07,0.09775555555555555
a_batio3_cubic_sevennet0_q1d2-0-0-b0_i01,10,4x7x7,99,75,ok,7.5,8,75,79.28999999999999,16,True,4.738716431556941e-07,0.1762
a_batio3_cubic_sevennet0_q1d2-0-0-b0_i02,10,4x7x7,99,75,ok,7.5,8,75,77.98,16,True,3.7500630948857535e-07,0.1732888888888889
a_batio3_cubic_sevennet0_q1d2-0-0-b0_i03,10,4x7x7,99,75,ok,7.5,8,75,75.39,15,True,4.6401187849452337e-07,0.16753333333333334
a_batio3_cubic_sevennet0_q1d2-0-0-b0_i04,10,4x7x7,99,75,ok,7.5,8,75,98.65,21,True,5.118486381759746e-07,0.21922222222222223
a_batio3_cubic_sevennet0_q1d2-0-0-b0_i05,10,4x7x7,99,75,ok,7.5,8,75,76.16,15,True,5.598976583938703e-07,0.16924444444444445
a_batio3_cubic_sevennet0_q1d2-0-0-b0_i06,10,4x7x7,99,75,ok,7.5,8,75,77.03,15,True,4.211774793061214e-07,0.1711777777777778
a_batio3_cubic_sevennet0_q1d2-0-0-b0_i07,10,4x7x7,99,75,ok,7.5,8,75,78.07,15,True,4.709806000513193e-07,0.1734888888888889
a_batio3_cubic_sevennet0_q1d2-0-0-b0_i08,10,4x7x7,99,75,ok,7.5,8,75,74.28,14,True,4.625192639534991e-07,0.16506666666666667
a_batio3_cubic_sevennet0_q1d2-0-0-b0_i09,10,4x7x7,99,75,ok,7.5,8,75,74.9,14,True,5.180886972257575e-07,0.16644444444444445
a_batio3_cubic_sevennet0_q1d2-0-1d2-b0_i00,10,5x5x7,88,24,ok,7.5,8,24,36.82,15,True,2.287365747913719e-06,0.08182222222222223
a_batio3_cubic_sevennet0_q1d2-0-1d2-b0_i01,10,5x5x7,88,24,ok,7.5,8,24,34.83,14,True,2.0844589484363616e-06,0.0774
a_batio3_cubic_sevennet0_q1d2-0-1d2-b0_i02,10,5x5x7,88,24,ok,7.5,8,24,36.66,15,True,2.020193571623326e-06,0.08146666666666666
a_batio3_cubic_sevennet0_q1d2-0-1d2-b0_i03,10,5x5x7,88,24,ok,7.5,8,24,36.59,15,True,1.986982928830558e-06,0.08131111111111111
a_batio3_cubic_sevennet0_q1d2-0-1d2-b0_i04,10,5x5x7,88,24,ok,7.5,8,24,33.95,14,True,2.1066202484090894e-06,0.07544444444444445
a_batio3_cubic_sevennet0_q1d2-0-1d2-b0_i05,10,5x5x7,88,24,ok,7.5,8,24,36.22,15,True,2.080644004299907e-06,0.08048888888888889
a_batio3_cubic_sevennet0_q1d2-0-1d2-b0_i06,10,5x5x7,88,24,ok,7.5,8,24,34.51,14,True,2.0712888760057406e-06,0.07668888888888889
a_batio3_cubic_sevennet0_q1d2-0-1d2-b0_i07,10,5x5x7,88,24,ok,7.5,8,24,32.86,13,True,2.0768861776281585e-06,0.07302222222222222
a_batio3_cubic_sevennet0_q1d2-0-1d2-b0_i08,10,5x5x7,88,24,ok,7.5,8,24,37.74,15,True,2.1020101716226845e-06,0.08386666666666667
a_batio3_cubic_sevennet0_q1d2-0-1d2-b0_i09,10,5x5x7,88,24,ok,7.5,8,24,36.06,14,True,2.143506921460789e-06,0.08013333333333333
a_cssnbr3_cubic_chgnet_q1d2-1d2-1d2-b0_i00,10,4x4x5,42,27,ok,7.5,8,27,256.52,9,True,4.544422915914116e-06,0.5700444444444444
a_cssnbr3_cubic_chgnet_q1d2-1d2-1d2-b0_i01,10,4x4x5,42,27,ok,7.5,8,27,234.45,9,True,4.478047496414642e-06,0.521
a_cssnbr3_cubic_chgnet_q1d2-1d2-1d2-b0_i02,10,4x4x5,42,27,ok,7.5,8,27,237.98,9,True,4.478047496414642e-06,0.5288444444444445
a_cssnbr3_cubic_chgnet_q1d2-1d2-1d2-b0_i03,10,4x4x5,42,27,ok,7.5,8,27,234.38,9,True,4.479496924745952e-06,0.5208444444444444
a_cssnbr3_cubic_chgnet_q1d2-1d2-1d2-b0_i04,10,4x4x5,42,27,ok,7.5,8,27,222.9,9,True,4.4809905147903775e-06,0.49533333333333335
a_cssnbr3_cubic_chgnet_q1d2-1d2-1d2-b0_i05,10,4x4x5,42,27,ok,7.5,8,27,224.82,9,True,4.482528225431603e-06,0.4996
a_cssnbr3_cubic_chgnet_q1d2-1d2-1d2-b0_i06,10,4x4x5,42,27,ok,7.5,8,27,241.0,9,True,4.4841100132012235e-06,0.5355555555555556
a_cssnbr3_cubic_chgnet_q1d2-1d2-1d2-b0_i07,10,4x4x5,42,27,ok,7.5,8,27,237.82,9,True,4.487405624404548e-06,0.5284888888888889
a_cssnbr3_cubic_chgnet_q1d2-1d2-1d2-b0_i08,10,4x4x5,42,42,ok,7.5,8,27,233.67000000000002,9,True,4.498947558189524e-06,0.5192666666666667
a_cssnbr3_cubic_chgnet_q1d2-1d2-1d2-b0_i09,10,4x4x5,42,42,ok,7.5,8,27,216.47,9,True,4.2982448933415185e-06,0.48104444444444444
a_cssnbr3_cubic_mace_mp0_q1d2-1d2-0-b0_i00,10,4x4x5,42,18,ok,7.5,8,18,133.68,9,True,2.638968413166306e-06,0.2970666666666667
a_cssnbr3_cubic_mace_mp0_q1d2-1d2-0-b0_i01,10,4x4x5,42,18,ok,7.5,8,18,138.19,9,True,3.249174369994315e-06,0.3070888888888889
a_cssnbr3_cubic_mace_mp0_q1d2-1d2-0-b0_i02,10,4x4x5,42,18,ok,7.5,8,18,134.58,9,True,2.7020467649295093e-06,0.2990666666666667
a_cssnbr3_cubic_mace_mp0_q1d2-1d2-0-b0_i03,10,4x4x5,42,18,ok,7.5,8,18,127.5,9,True,2.5784124955227755e-06,0.2833333333333333
a_cssnbr3_cubic_mace_mp0_q1d2-1d2-0-b0_i04,10,4x4x5,42,18,ok,7.5,8,18,130.33,9,True,2.8826124478627684e-06,0.2896222222222222
a_cssnbr3_cubic_mace_mp0_q1d2-1d2-0-b0_i05,10,4x4x5,42,18,ok,7.5,8,18,132.1,9,True,2.8214905530339444e-06,0.29355555555555557
a_cssnbr3_cubic_mace_mp0_q1d2-1d2-0-b0_i06,10,4x4x5,42,18,ok,7.5,8,18,133.24,9,True,3.1922397202871715e-06,0.2960888888888889
a_cssnbr3_cubic_mace_mp0_q1d2-1d2-0-b0_i07,10,4x4x5,42,18,ok,7.5,8,18,131.25,9,True,2.4001320201385473e-06,0.2916666666666667
a_cssnbr3_cubic_mace_mp0_q1d2-1d2-0-b0_i08,10,4x4x5,42,18,ok,7.5,8,18,126.55,9,True,2.819071824170474e-06,0.2812222222222222
a_cssnbr3_cubic_mace_mp0_q1d2-1d2-0-b0_i09,10,4x4x5,42,18,ok,7.5,8,18,130.64,9,True,2.884952076952865e-06,0.2903111111111111
a_cssnbr3_cubic_mace_mp0_q1d2-1d2-1d2-b0_i00,10,4x4x4,36,8,ok,7.5,8,8,120.46,9,True,4.333952524194437e-06,0.26768888888888887
a_cssnbr3_cubic_mace_mp0_q1d2-1d2-1d2-b0_i01,10,4x4x4,36,36,ok,7.5,8,36,336.74,10,True,4.442745401305186e-06,0.7483111111111111
a_cssnbr3_cubic_mace_mp0_q1d2-1d2-1d2-b0_i02,10,4x4x4,36,36,ok,7.5,8,36,346.02,10,True,4.3791466225485115e-06,0.7689333333333332
a_cssnbr3_cubic_mace_mp0_q1d2-1d2-1d2-b0_i03,10,4x4x4,36,36,ok,7.5,8,36,341.3,10,True,4.333952524194437e-06,0.7584444444444445
a_cssnbr3_cubic_mace_mp0_q1d2-1d2-1d2-b0_i04,10,4x4x4,36,36,ok,7.5,8,36,311.34,10,True,4.333952524194437e-06,0.6918666666666666
a_cssnbr3_cubic_mace_mp0_q1d2-1d2-1d2-b0_i05,10,4x4x4,36,36,ok,7.5,8,36,315.78,10,True,4.333952524194437e-06,0.7017333333333333
a_cssnbr3_cubic_mace_mp0_q1d2-1d2-1d2-b0_i06,10,4x4x4,36,36,ok,7.5,8,36,285.83,9,True,4.333952524194437e-06,0.6351777777777777
a_cssnbr3_cubic_mace_mp0_q1d2-1d2-1d2-b0_i07,10,4x4x4,36,36,ok,7.5,8,36,323.84,10,True,4.333952524194437e-06,0.7196444444444444
a_cssnbr3_cubic_mace_mp0_q1d2-1d2-1d2-b0_i08,10,4x4x4,36,36,ok,7.5,8,36,315.27,10,True,4.333952524194437e-06,0.7006
a_cssnbr3_cubic_mace_mp0_q1d2-1d2-1d2-b0_i09,10,4x4x4,36,36,ok,7.5,8,36,314.12,10,True,4.333952524194437e-06,0.6980444444444445
a_cssnbr3_cubic_mattersim_q0-1d2-1d2-b0_i00,10,4x4x5,42,18,ok,7.5,8,18,133.29,9,True,2.8438019413851454e-06,0.29619999999999996
a_cssnbr3_cubic_mattersim_q0-1d2-1d2-b0_i01,10,4x4x5,42,18,ok,7.5,8,18,136.77,9,True,2.8438019413851454e-06,0.30393333333333333
a_cssnbr3_cubic_mattersim_q0-1d2-1d2-b0_i02,10,4x4x5,42,18,ok,7.5,8,18,136.01,9,True,2.8438019413851454e-06,0.3022444444444444
a_cssnbr3_cubic_mattersim_q0-1d2-1d2-b0_i03,10,4x4x5,42,18,ok,7.5,8,18,142.76,9,True,2.8438019413851454e-06,0.31724444444444444
a_cssnbr3_cubic_mattersim_q0-1d2-1d2-b0_i04,10,4x4x5,42,18,ok,7.5,8,18,154.96,9,True,3.037192803319386e-06,0.3443555555555556
a_cssnbr3_cubic_mattersim_q0-1d2-1d2-b0_i05,10,4x4x5,42,18,ok,7.5,8,18,161.32999999999998,9,True,2.8438019413851454e-06,0.35851111111111106
a_cssnbr3_cubic_mattersim_q0-1d2-1d2-b0_i06,10,4x4x5,42,18,ok,7.5,8,18,161.7,9,True,3.13266884803085e-06,0.3593333333333333
a_cssnbr3_cubic_mattersim_q0-1d2-1d2-b0_i07,10,4x4x5,42,18,ok,7.5,8,18,166.43,9,True,2.9532192020716873e-06,0.3698444444444445
a_cssnbr3_cubic_mattersim_q0-1d2-1d2-b0_i08,10,4x4x5,42,18,ok,7.5,8,18,161.35,9,True,2.8438019413851454e-06,0.3585555555555555
a_cssnbr3_cubic_mattersim_q0-1d2-1d2-b0_i09,10,4x4x5,42,18,ok,7.5,8,18,157.79,9,True,2.9496505293329656e-06,0.3506444444444444
a_cssnbr3_cubic_mattersim_q1d2-1d2-1d2-b0_i00,10,4x4x4,36,8,ok,7.5,8,8,105.28999999999999,9,True,5.310908780427424e-06,0.23397777777777776
a_cssnbr3_cubic_mattersim_q1d2-1d2-1d2-b0_i01,10,4x4x4,36,36,ok,7.5,8,24,205.87,9,True,4.720970858064738e-06,0.4574888888888889
a_cssnbr3_cubic_mattersim_q1d2-1d2-1d2-b0_i02,10,4x4x4,36,36,ok,7.5,8,24,195.16,9,True,4.720970858064738e-06,0.4336888888888889
a_cssnbr3_cubic_mattersim_q1d2-1d2-1d2-b0_i03,10,4x4x4,36,36,ok,7.5,8,36,319.54,10,True,4.720970858064738e-06,0.7100888888888889
a_cssnbr3_cubic_mattersim_q1d2-1d2-1d2-b0_i04,10,4x4x4,36,36,ok,7.5,8,36,316.24,10,True,4.717448492590465e-06,0.7027555555555556
a_cssnbr3_cubic_mattersim_q1d2-1d2-1d2-b0_i05,10,4x4x4,36,36,ok,7.5,8,36,293.7,10,True,4.717448492590465e-06,0.6526666666666666
a_cssnbr3_cubic_mattersim_q1d2-1d2-1d2-b0_i06,10,4x4x4,36,36,ok,7.5,8,36,311.16,10,True,4.717448492590465e-06,0.6914666666666667
a_cssnbr3_cubic_mattersim_q1d2-1d2-1d2-b0_i07,10,4x4x4,36,36,ok,7.5,8,36,311.28,10,True,4.717448492590465e-06,0.6917333333333333
a_cssnbr3_cubic_mattersim_q1d2-1d2-1d2-b0_i08,10,4x4x4,36,36,ok,7.5,8,36,326.43,10,True,4.717448492590465e-06,0.7254
a_cssnbr3_cubic_mattersim_q1d2-1d2-1d2-b0_i09,10,4x4x4,36,36,ok,7.5,8,36,323.26,10,True,4.713944710757392e-06,0.7183555555555555
a_cssnbr3_cubic_orb_v2_q1d2-1d2-1d2-b1_i00,40,3x3x3,14,14,ok,7.5,8,14,3249.78,10,True,9.719168216841879e-06,7.221733333333334
a_cssnbr3_cubic_orb_v2_q1d2-1d2-1d2-b1_i01,40,3x3x3,14,14,ok,7.5,8,14,3244.56,10,True,9.417110018617082e-06,7.210133333333333
a_cssnbr3_cubic_orb_v2_q1d2-1d2-1d2-b1_i02,40,3x3x3,14,14,ok,7.5,8,14,3284.45,10,True,1.0156535720563604e-05,7.298777777777778
a_cssnbr3_cubic_orb_v2_q1d2-1d2-1d2-b1_i03,40,3x3x3,14,14,ok,7.5,8,14,3215.03,10,True,9.831736018250952e-06,7.144511111111112
a_cssnbr3_cubic_orb_v2_q1d2-1d2-1d2-b1_i04,40,3x3x3,14,14,ok,7.5,8,14,3141.0,10,True,9.431082595440353e-06,6.98
a_cssnbr3_cubic_orb_v2_q1d2-1d2-1d2-b1_i05,40,3x3x3,14,14,ok,7.5,8,14,3161.5,10,True,9.551894831282804e-06,7.025555555555556
a_cssnbr3_cubic_orb_v2_q1d2-1d2-1d2-b1_i06,40,3x3x3,14,14,ok,7.5,8,14,3137.63,10,True,9.604309547889642e-06,6.972511111111111
a_cssnbr3_cubic_orb_v2_q1d2-1d2-1d2-b1_i07,40,3x3x3,14,14,ok,7.5,8,14,3258.03,10,True,9.53718444339911e-06,7.240066666666667
a_cssnbr3_cubic_orb_v2_q1d2-1d2-1d2-b1_i08,40,3x3x3,14,14,ok,7.5,8,14,2631.92,10,True,9.506185452351382e-06,5.848711111111111
a_cssnbr3_cubic_orb_v2_q1d2-1d2-1d2-b1_i09,40,3x3x3,14,14,ok,7.5,8,14,2672.93,10,True,8.972698374747499e-06,5.939844444444444
a_cssnbr3_cubic_orb_v2_q1d2-1d2-1d2-b2_i00,10,4x4x5,42,42,ok,7.5,8,42,391.54,10,True,4.304566626655816e-06,0.8700888888888889
a_cssnbr3_cubic_orb_v2_q1d2-1d2-1d2-b2_i01,10,4x4x5,42,42,ok,7.5,8,42,368.93,10,True,4.3893365861629505e-06,0.8198444444444445
a_cssnbr3_cubic_orb_v2_q1d2-1d2-1d2-b2_i02,10,4x4x5,42,42,ok,7.5,8,42,375.65,10,True,3.986993516669202e-06,0.8347777777777777
a_cssnbr3_cubic_orb_v2_q1d2-1d2-1d2-b2_i03,10,4x4x5,42,42,ok,7.5,8,42,375.82,10,True,3.986993516669202e-06,0.8351555555555555
a_cssnbr3_cubic_orb_v2_q1d2-1d2-1d2-b2_i04,10,4x4x5,42,42,ok,7.5,8,42,362.54,10,True,3.986993516669202e-06,0.8056444444444445
a_cssnbr3_cubic_orb_v2_q1d2-1d2-1d2-b2_i05,10,4x4x5,42,42,ok,7.5,8,42,358.59000000000003,10,True,3.986993516669202e-06,0.7968666666666667
a_cssnbr3_cubic_orb_v2_q1d2-1d2-1d2-b2_i06,10,4x4x5,42,42,ok,7.5,8,42,355.43,10,True,3.986993516669202e-06,0.7898444444444445
a_cssnbr3_cubic_orb_v2_q1d2-1d2-1d2-b2_i07,10,4x4x5,42,42,ok,7.5,8,42,359.38,10,True,3.986993516669202e-06,0.7986222222222222
a_cssnbr3_cubic_orb_v2_q1d2-1d2-1d2-b2_i08,10,4x4x5,42,42,ok,7.5,8,42,315.34,10,True,3.986993516669202e-06,0.7007555555555555
a_cssnbr3_cubic_orb_v2_q1d2-1d2-1d2-b2_i09,10,4x4x5,42,42,ok,7.5,8,42,317.93,10,True,3.986993516669202e-06,0.7065111111111111
a_cssnbr3_cubic_sevennet0_q1d2-1d2-1d2-b0_i00,10,4x4x4,36,8,ok,7.5,8,8,101.17,9,True,5.7662270484179614e-06,0.22482222222222223
a_cssnbr3_cubic_sevennet0_q1d2-1d2-1d2-b0_i01,10,4x4x4,36,36,ok,7.5,8,24,204.71,9,True,5.7662270484179614e-06,0.45491111111111115
a_cssnbr3_cubic_sevennet0_q1d2-1d2-1d2-b0_i02,10,4x4x4,36,36,ok,7.5,8,24,207.34,9,True,5.7662270484179614e-06,0.4607555555555556
a_cssnbr3_cubic_sevennet0_q1d2-1d2-1d2-b0_i03,10,4x4x4,36,36,ok,7.5,8,36,319.28,10,True,5.7662270484179614e-06,0.7095111111111111
a_cssnbr3_cubic_sevennet0_q1d2-1d2-1d2-b0_i04,10,4x4x4,36,36,ok,7.5,8,36,292.65999999999997,10,True,5.7662270484179614e-06,0.6503555555555555
a_cssnbr3_cubic_sevennet0_q1d2-1d2-1d2-b0_i05,10,4x4x4,36,36,ok,7.5,8,36,323.02,10,True,5.7662270484179614e-06,0.7178222222222221
a_cssnbr3_cubic_sevennet0_q1d2-1d2-1d2-b0_i06,10,4x4x4,36,36,ok,7.5,8,36,311.88,10,True,5.7662270484179614e-06,0.6930666666666666
a_cssnbr3_cubic_sevennet0_q1d2-1d2-1d2-b0_i07,10,4x4x4,36,36,ok,7.5,8,36,321.43,10,True,5.7662270484179614e-06,0.7142888888888889
a_cssnbr3_cubic_sevennet0_q1d2-1d2-1d2-b0_i08,10,4x4x4,36,36,ok,7.5,8,36,322.89,10,True,5.7662270484179614e-06,0.7175333333333334
a_cssnbr3_cubic_sevennet0_q1d2-1d2-1d2-b0_i09,10,4x4x4,36,36,ok,7.5,8,36,310.8,10,True,5.7662270484179614e-06,0.6906666666666667
a_knbo3_cubic_chgnet_q0-0-0-b0_i00,5,7x7x7,172,20,ok,7.5,8,20,14.11,16,True,4.6672713974590356e-07,0.03135555555555555
a_knbo3_cubic_chgnet_q0-0-0-b0_i01,5,7x7x7,172,100,ok,7.5,8,100,34.47,17,True,3.155083590229783e-07,0.0766
a_knbo3_cubic_chgnet_q0-0-0-b0_i02,5,7x7x7,172,172,ok,7.5,8,100,32.0,15,True,3.5788380739731205e-07,0.07111111111111111
a_knbo3_cubic_chgnet_q0-0-0-b0_i03,5,7x7x7,172,172,ok,7.5,8,100,30.01,14,True,3.491878772379806e-07,0.0666888888888889
a_knbo3_cubic_chgnet_q0-0-0-b0_i04,5,7x7x7,172,172,ok,7.5,8,172,49.22,16,True,3.978088937158331e-07,0.10937777777777778
a_knbo3_cubic_chgnet_q0-0-0-b0_i05,5,7x7x7,172,172,ok,7.5,8,172,44.42,14,True,3.788072290469433e-07,0.09871111111111111
a_knbo3_cubic_chgnet_q0-0-0-b0_i06,5,7x7x7,172,172,ok,7.5,8,172,46.52,14,True,3.8172251822392114e-07,0.10337777777777779
a_knbo3_cubic_chgnet_q0-0-0-b0_i07,5,7x7x7,172,172,ok,7.5,8,172,40.02,12,True,4.5782457495223134e-07,0.08893333333333334
a_knbo3_cubic_chgnet_q0-0-0-b0_i08,5,7x7x7,172,172,ok,7.5,8,172,42.9,13,True,4.119595778122224e-07,0.09533333333333333
a_knbo3_cubic_chgnet_q0-0-0-b0_i09,5,7x7x7,172,172,ok,7.5,8,172,40.14,12,True,3.833913693428342e-07,0.0892
a_knbo3_cubic_mace_mp0_q0-1d2-1d2-b0_i00,10,5x5x7,88,24,ok,7.5,8,24,49.06,16,True,1.811216845102939e-06,0.10902222222222223
a_knbo3_cubic_mace_mp0_q0-1d2-1d2-b0_i01,10,5x5x7,88,24,ok,7.5,8,24,49.88,16,True,1.811216845102939e-06,0.11084444444444445
a_knbo3_cubic_mace_mp0_q0-1d2-1d2-b0_i02,10,5x5x7,88,24,ok,7.5,8,24,47.34,15,True,1.811216845102939e-06,0.1052
a_knbo3_cubic_mace_mp0_q0-1d2-1d2-b0_i03,10,5x5x7,88,24,ok,7.5,8,24,48.41,16,True,1.811216845102939e-06,0.10757777777777777
a_knbo3_cubic_mace_mp0_q0-1d2-1d2-b0_i04,10,5x5x7,88,24,ok,7.5,8,24,50.17,16,True,1.811216845102939e-06,0.11148888888888889
a_knbo3_cubic_mace_mp0_q0-1d2-1d2-b0_i05,10,5x5x7,88,24,ok,7.5,8,24,45.07,14,True,1.811216845102939e-06,0.10015555555555555
a_knbo3_cubic_mace_mp0_q0-1d2-1d2-b0_i06,10,5x5x7,88,24,ok,7.5,8,24,38.25,12,True,1.811216845102939e-06,0.085
a_knbo3_cubic_mace_mp0_q0-1d2-1d2-b0_i07,10,5x5x7,88,24,ok,7.5,8,24,43.48,13,True,1.811216845102939e-06,0.09662222222222222
a_knbo3_cubic_mace_mp0_q0-1d2-1d2-b0_i08,10,5x5x7,88,24,ok,7.5,8,24,39.67,12,True,1.811216845102939e-06,0.08815555555555556
a_knbo3_cubic_mace_mp0_q0-1d2-1d2-b0_i09,10,5x5x7,88,24,ok,7.5,8,24,37.51,11,True,1.811216845102939e-06,0.08335555555555556
a_knbo3_cubic_mattersim_q0-0-0-b0_i00,5,7x7x7,172,20,ok,7.5,8,20,15.32,16,True,1.5344359967451783e-07,0.03404444444444445
a_knbo3_cubic_mattersim_q0-0-0-b0_i01,5,7x7x7,172,172,ok,7.5,8,172,51.19,16,True,2.3250693177694438e-07,0.11375555555555555
a_knbo3_cubic_mattersim_q0-0-0-b0_i02,5,7x7x7,172,172,ok,7.5,8,172,48.33,15,True,2.2074609855217625e-07,0.1074
a_knbo3_cubic_mattersim_q0-0-0-b0_i03,5,7x7x7,172,172,ok,7.5,8,172,47.89,15,True,2.3591318202221304e-07,0.10642222222222222
a_knbo3_cubic_mattersim_q0-0-0-b0_i04,5,7x7x7,172,172,ok,7.5,8,172,45.7,14,True,2.4019244505265375e-07,0.10155555555555557
a_knbo3_cubic_mattersim_q0-0-0-b0_i05,5,7x7x7,172,172,ok,7.5,8,172,46.14,14,True,2.7022871016896945e-07,0.10253333333333334
a_knbo3_cubic_mattersim_q0-0-0-b0_i06,5,7x7x7,172,172,ok,7.5,8,172,44.1,13,True,3.0038755665382747e-07,0.098
a_knbo3_cubic_mattersim_q0-0-0-b0_i07,5,7x7x7,172,172,ok,7.5,8,172,44.23,13,True,2.716399267309813e-07,0.09828888888888888
a_knbo3_cubic_mattersim_q0-0-0-b0_i08,5,7x7x7,172,172,ok,7.5,8,172,41.67,12,True,2.673709054459687e-07,0.0926
a_knbo3_cubic_mattersim_q0-0-0-b0_i09,5,7x7x7,172,172,ok,7.5,8,172,44.17,13,True,2.1941243283664055e-07,0.09815555555555557
a_knbo3_cubic_mattersim_q0-1d2-1d2-b0_i00,10,5x5x7,88,24,ok,7.5,8,24,50.63,17,True,2.1068081722259735e-06,0.11251111111111112
a_knbo3_cubic_mattersim_q0-1d2-1d2-b0_i01,10,5x5x7,88,24,ok,7.5,8,24,51.93,17,True,1.8161414987937457e-06,0.1154
a_knbo3_cubic_mattersim_q0-1d2-1d2-b0_i02,10,5x5x7,88,24,ok,7.5,8,24,50.83,16,True,1.8155777749576219e-06,0.11295555555555555
a_knbo3_cubic_mattersim_q0-1d2-1d2-b0_i03,10,5x5x7,88,24,ok,7.5,8,24,47.79,15,True,1.8006767097529243e-06,0.1062
a_knbo3_cubic_mattersim_q0-1d2-1d2-b0_i04,10,5x5x7,88,24,ok,7.5,8,24,49.24,16,True,1.813426311179882e-06,0.10942222222222223
a_knbo3_cubic_mattersim_q0-1d2-1d2-b0_i05,10,5x5x7,88,24,ok,7.5,8,24,39.09,12,True,1.8130811293765137e-06,0.08686666666666668
a_knbo3_cubic_mattersim_q0-1d2-1d2-b0_i06,10,5x5x7,88,24,ok,7.5,8,24,38.99,12,True,1.8002999010339215e-06,0.08664444444444445
a_knbo3_cubic_mattersim_q0-1d2-1d2-b0_i07,10,5x5x7,88,24,ok,7.5,8,24,42.99,13,True,1.8093357084954007e-06,0.09553333333333333
a_knbo3_cubic_mattersim_q0-1d2-1d2-b0_i08,10,5x5x7,88,24,ok,7.5,8,24,40.0,12,True,1.8073339020806896e-06,0.08888888888888889
a_knbo3_cubic_mattersim_q0-1d2-1d2-b0_i09,10,5x5x7,88,24,ok,7.5,8,24,37.37,11,True,1.801248901535703e-06,0.08304444444444443
a_knbo3_cubic_orb_v2_q0-1d2-1d2-b0_i00,20,7x4x4,58,58,ok,7.5,8,58,389.56,16,True,2.5645909385924855e-06,0.8656888888888888
a_knbo3_cubic_orb_v2_q0-1d2-1d2-b0_i01,20,7x4x4,58,58,ok,7.5,8,58,393.78,16,True,2.679988564196237e-06,0.8750666666666667
a_knbo3_cubic_orb_v2_q0-1d2-1d2-b0_i02,20,7x4x4,58,58,ok,7.5,8,58,395.35,16,True,2.5582879202747126e-06,0.8785555555555556
a_knbo3_cubic_orb_v2_q0-1d2-1d2-b0_i03,20,7x4x4,58,58,ok,7.5,8,58,409.45,16,True,2.5933970040172953e-06,0.9098888888888889
a_knbo3_cubic_orb_v2_q0-1d2-1d2-b0_i04,20,7x4x4,58,58,ok,7.5,8,58,488.56,16,True,2.516691340594389e-06,1.085688888888889
a_knbo3_cubic_orb_v2_q0-1d2-1d2-b0_i05,20,7x4x4,58,58,ok,7.5,8,58,471.65,15,True,2.5420416828956405e-06,1.048111111111111
a_knbo3_cubic_orb_v2_q0-1d2-1d2-b0_i06,20,7x4x4,58,58,ok,7.5,8,58,507.74,15,True,2.609592229916982e-06,1.128311111111111
a_knbo3_cubic_orb_v2_q0-1d2-1d2-b0_i07,20,7x4x4,58,58,ok,7.5,8,58,489.44,15,True,2.588543430266487e-06,1.0876444444444444
a_knbo3_cubic_orb_v2_q0-1d2-1d2-b0_i08,20,7x4x4,58,58,ok,7.5,8,58,432.3,14,True,2.43832813418591e-06,0.9606666666666667
a_knbo3_cubic_orb_v2_q0-1d2-1d2-b0_i09,20,7x4x4,58,58,ok,7.5,8,58,428.33,14,True,2.4366330028039962e-06,0.9518444444444444
a_knbo3_cubic_orb_v2_q1d2-1d2-0-b0_i00,10,7x5x5,88,88,ok,7.5,8,88,111.96000000000001,16,True,2.9291306959581147e-06,0.24880000000000002
a_knbo3_cubic_orb_v2_q1d2-1d2-0-b0_i01,10,7x5x5,88,88,ok,7.5,8,88,113.03999999999999,16,True,3.6427946819183076e-06,0.2512
a_knbo3_cubic_orb_v2_q1d2-1d2-0-b0_i02,10,7x5x5,88,88,ok,7.5,8,88,111.02000000000001,16,True,3.523003058279556e-06,0.24671111111111113
a_knbo3_cubic_orb_v2_q1d2-1d2-0-b0_i03,10,7x5x5,88,88,ok,7.5,8,88,106.59,15,True,3.379910134706748e-06,0.23686666666666667
a_knbo3_cubic_orb_v2_q1d2-1d2-0-b0_i04,10,7x5x5,88,88,ok,7.5,8,88,111.53999999999999,16,True,3.6199885906366244e-06,0.24786666666666665
a_knbo3_cubic_orb_v2_q1d2-1d2-0-b0_i05,10,7x5x5,88,88,ok,7.5,8,88,109.97,15,True,3.7616319994491878e-06,0.24437777777777778
a_knbo3_cubic_orb_v2_q1d2-1d2-0-b0_i06,10,7x5x5,88,88,ok,7.5,8,88,102.59,14,True,3.4033050635089956e-06,0.22797777777777778
a_knbo3_cubic_orb_v2_q1d2-1d2-0-b0_i07,10,7x5x5,88,88,ok,7.5,8,88,112.19,15,True,3.4333593400431495e-06,0.2493111111111111
a_knbo3_cubic_orb_v2_q1d2-1d2-0-b0_i08,10,7x5x5,88,88,ok,7.5,8,88,100.15,14,True,3.412984231959556e-06,0.22255555555555556
a_knbo3_cubic_orb_v2_q1d2-1d2-0-b0_i09,10,7x5x5,88,88,ok,7.5,8,88,100.35,14,True,3.7216918318799885e-06,0.22299999999999998
a_knbo3_cubic_sevennet0_q0-1d2-1d2-b0_i00,10,5x5x7,88,24,ok,7.5,8,24,46.36,15,True,2.548516631234372e-06,0.10302222222222222
a_knbo3_cubic_sevennet0_q0-1d2-1d2-b0_i01,10,5x5x7,88,24,ok,7.5,8,24,50.72,16,True,2.548516631234372e-06,0.11271111111111111
a_knbo3_cubic_sevennet0_q0-1d2-1d2-b0_i02,10,5x5x7,88,24,ok,7.5,8,24,46.2,15,True,2.548516631234372e-06,0.10266666666666667
a_knbo3_cubic_sevennet0_q0-1d2-1d2-b0_i03,10,5x5x7,88,24,ok,7.5,8,24,46.35,15,True,2.548516631234372e-06,0.10300000000000001
a_knbo3_cubic_sevennet0_q0-1d2-1d2-b0_i04,10,5x5x7,88,24,ok,7.5,8,24,51.52,17,True,2.548516631234372e-06,0.11448888888888889
a_knbo3_cubic_sevennet0_q0-1d2-1d2-b0_i05,10,5x5x7,88,24,ok,7.5,8,24,41.89,13,True,2.548516631234372e-06,0.09308888888888889
a_knbo3_cubic_sevennet0_q0-1d2-1d2-b0_i06,10,5x5x7,88,24,ok,7.5,8,24,44.79,14,True,2.548516631234372e-06,0.09953333333333333
a_knbo3_cubic_sevennet0_q0-1d2-1d2-b0_i07,10,5x5x7,88,24,ok,7.5,8,24,41.94,13,True,2.548516631234372e-06,0.09319999999999999
a_knbo3_cubic_sevennet0_q0-1d2-1d2-b0_i08,10,5x5x7,88,24,ok,7.5,8,24,38.58,12,True,2.548516631234372e-06,0.08573333333333333
a_knbo3_cubic_sevennet0_q0-1d2-1d2-b0_i09,10,5x5x7,88,24,ok,7.5,8,24,38.7,12,True,2.548516631234372e-06,0.08600000000000001
a_srtio3_cubic_chgnet_q1d2-1d2-1d2-b0_i00,40,4x4x4,36,10,ok,7.5,8,10,377.86,13,True,9.179720824020934e-07,0.8396888888888889
a_srtio3_cubic_chgnet_q1d2-1d2-1d2-b0_i01,40,4x4x4,36,36,ok,7.5,8,36,962.3,15,True,1.2088039288334864e-06,2.138444444444444
a_srtio3_cubic_chgnet_q1d2-1d2-1d2-b0_i02,40,4x4x4,36,36,ok,7.5,8,36,948.36,15,True,1.2000048201112955e-06,2.107466666666667
a_srtio3_cubic_chgnet_q1d2-1d2-1d2-b0_i03,40,4x4x4,36,36,ok,7.5,8,36,984.81,15,True,1.2298525152002838e-06,2.1884666666666663
a_srtio3_cubic_chgnet_q1d2-1d2-1d2-b0_i04,40,4x4x4,36,36,ok,7.5,8,36,986.22,15,True,1.0845983528482888e-06,2.1916
a_srtio3_cubic_chgnet_q1d2-1d2-1d2-b0_i05,40,4x4x4,36,36,ok,7.5,8,36,885.58,15,True,1.1426555013246446e-06,1.9679555555555557
a_srtio3_cubic_chgnet_q1d2-1d2-1d2-b0_i06,40,4x4x4,36,36,ok,7.5,8,36,865.15,15,True,1.3480333292229047e-06,1.9225555555555556
a_srtio3_cubic_chgnet_q1d2-1d2-1d2-b0_i07,40,4x4x4,36,36,ok,7.5,8,36,892.62,16,True,1.1791558021132276e-06,1.9836
a_srtio3_cubic_chgnet_q1d2-1d2-1d2-b0_i08,40,4x4x4,36,36,ok,7.5,8,36,882.41,16,True,1.1906722291647359e-06,1.960911111111111
a_srtio3_cubic_chgnet_q1d2-1d2-1d2-b0_i09,40,4x4x4,36,36,ok,7.5,8,36,878.9,16,True,9.154606948550391e-07,1.953111111111111
a_srtio3_cubic_mace_mp0_q1d2-1d2-1d2-b0_i00,10,6x6x6,112,16,ok,7.5,8,16,23.72,13,True,2.89802502577753e-06,0.05271111111111111
a_srtio3_cubic_mace_mp0_q1d2-1d2-1d2-b0_i01,10,6x6x6,112,112,ok,7.5,8,112,103.07,14,True,2.89802502577753e-06,0.22904444444444444
a_srtio3_cubic_mace_mp0_q1d2-1d2-1d2-b0_i02,10,6x6x6,112,112,ok,7.5,8,112,104.08,14,True,2.89802502577753e-06,0.23128888888888888
a_srtio3_cubic_mace_mp0_q1d2-1d2-1d2-b0_i03,10,6x6x6,112,112,ok,7.5,8,112,93.38,13,True,2.89802502577753e-06,0.2075111111111111
a_srtio3_cubic_mace_mp0_q1d2-1d2-1d2-b0_i04,10,6x6x6,112,112,ok,7.5,8,112,102.6,14,True,2.89802502577753e-06,0.22799999999999998
a_srtio3_cubic_mace_mp0_q1d2-1d2-1d2-b0_i05,10,6x6x6,112,112,ok,7.5,8,112,111.7,15,True,2.89802502577753e-06,0.24822222222222223
a_srtio3_cubic_mace_mp0_q1d2-1d2-1d2-b0_i06,10,6x6x6,112,112,ok,7.5,8,112,98.34,13,True,2.89802502577753e-06,0.21853333333333333
a_srtio3_cubic_mace_mp0_q1d2-1d2-1d2-b0_i07,10,6x6x6,112,112,ok,7.5,8,112,105.28999999999999,14,True,2.89802502577753e-06,0.23397777777777776
a_srtio3_cubic_mace_mp0_q1d2-1d2-1d2-b0_i08,10,6x6x6,112,112,ok,7.5,8,112,93.13,13,True,2.910295419679398e-06,0.20695555555555556
a_srtio3_cubic_mace_mp0_q1d2-1d2-1d2-b0_i09,10,6x6x6,112,112,ok,7.5,8,112,116.84,16,True,2.89802502577753e-06,0.25964444444444446
a_srtio3_cubic_mattersim_q1d2-1d2-1d2-b0_i00,40,4x4x4,36,10,ok,7.5,8,10,335.04,14,True,6.086624811685435e-07,0.7445333333333334
a_srtio3_cubic_mattersim_q1d2-1d2-1d2-b0_i01,40,4x4x4,36,36,ok,7.5,8,36,848.78,15,True,8.084007613751516e-07,1.8861777777777777
a_srtio3_cubic_mattersim_q1d2-1d2-1d2-b0_i02,40,4x4x4,36,36,ok,7.5,8,36,878.37,15,True,7.330815282248904e-07,1.9519333333333333
a_srtio3_cubic_mattersim_q1d2-1d2-1d2-b0_i03,40,4x4x4,36,36,ok,7.5,8,36,881.37,15,True,7.373743897818731e-07,1.9586000000000001
a_srtio3_cubic_mattersim_q1d2-1d2-1d2-b0_i04,40,4x4x4,36,36,ok,7.5,8,36,878.24,15,True,7.059811383962671e-07,1.9516444444444445
a_srtio3_cubic_mattersim_q1d2-1d2-1d2-b0_i05,40,4x4x4,36,36,ok,7.5,8,36,887.74,15,True,7.964777707664037e-07,1.9727555555555556
a_srtio3_cubic_mattersim_q1d2-1d2-1d2-b0_i06,40,4x4x4,36,36,ok,7.5,8,36,883.74,15,True,7.158409392210183e-07,1.9638666666666666
a_srtio3_cubic_mattersim_q1d2-1d2-1d2-b0_i07,40,4x4x4,36,36,ok,7.5,8,36,840.03,15,True,5.921319290587251e-07,1.8667333333333334
a_srtio3_cubic_mattersim_q1d2-1d2-1d2-b0_i08,40,4x4x4,36,36,ok,7.5,8,36,905.33,16,True,6.280362186801504e-07,2.0118444444444443
a_srtio3_cubic_mattersim_q1d2-1d2-1d2-b0_i09,40,4x4x4,36,36,ok,7.5,8,36,882.03,16,True,5.912397465995567e-07,1.9600666666666666
a_srtio3_cubic_orb_v2_q1d2-1d2-1d2-b0-refmattersim_i00,40,4x4x4,36,36,ok,7.5,8,36,814.48,14,True,4.580176549194824e-06,1.8099555555555555
a_srtio3_cubic_orb_v2_q1d2-1d2-1d2-b0-refmattersim_i01,40,4x4x4,36,36,ok,7.5,8,36,856.44,15,True,4.941142488831487e-06,1.9032000000000002
a_srtio3_cubic_orb_v2_q1d2-1d2-1d2-b0-refmattersim_i02,40,4x4x4,36,36,ok,7.5,8,36,871.61,15,True,4.733789202632956e-06,1.9369111111111112
a_srtio3_cubic_orb_v2_q1d2-1d2-1d2-b0-refmattersim_i03,40,4x4x4,36,36,ok,7.5,8,36,858.95,15,True,4.695531646946629e-06,1.908777777777778
a_srtio3_cubic_orb_v2_q1d2-1d2-1d2-b0-refmattersim_i04,40,4x4x4,36,36,ok,7.5,8,36,853.24,15,True,4.2777720621669905e-06,1.896088888888889
a_srtio3_cubic_orb_v2_q1d2-1d2-1d2-b0-refmattersim_i05,40,4x4x4,36,36,ok,7.5,8,36,859.07,15,True,4.927213489683009e-06,1.9090444444444445
a_srtio3_cubic_orb_v2_q1d2-1d2-1d2-b0-refmattersim_i06,40,4x4x4,36,36,ok,7.5,8,36,854.04,15,True,4.665488039265788e-06,1.8978666666666666
a_srtio3_cubic_orb_v2_q1d2-1d2-1d2-b0-refmattersim_i07,40,4x4x4,36,36,ok,7.5,8,36,888.16,16,True,5.114058656405186e-06,1.9736888888888888
a_srtio3_cubic_orb_v2_q1d2-1d2-1d2-b0-refmattersim_i08,40,4x4x4,36,36,ok,7.5,8,36,871.99,16,True,4.996434342956187e-06,1.9377555555555557
a_srtio3_cubic_orb_v2_q1d2-1d2-1d2-b0-refmattersim_i09,40,4x4x4,36,36,ok,7.5,8,36,816.52,16,True,5.055825624638598e-06,1.8144888888888888
a_srtio3_cubic_sevennet0_q1d2-1d2-1d2-b0_i00,10,6x6x6,112,16,ok,7.5,8,16,24.32,13,True,3.576914072017347e-06,0.054044444444444444
a_srtio3_cubic_sevennet0_q1d2-1d2-1d2-b0_i01,10,6x6x6,112,112,ok,7.5,8,112,95.74000000000001,13,True,2.9995345357795344e-06,0.2127555555555556
a_srtio3_cubic_sevennet0_q1d2-1d2-1d2-b0_i02,10,6x6x6,112,112,ok,7.5,8,112,100.35,14,True,2.9995345357795344e-06,0.22299999999999998
a_srtio3_cubic_sevennet0_q1d2-1d2-1d2-b0_i03,10,6x6x6,112,112,ok,7.5,8,112,106.38,14,True,2.9995345357795344e-06,0.2364
a_srtio3_cubic_sevennet0_q1d2-1d2-1d2-b0_i04,10,6x6x6,112,112,ok,7.5,8,112,102.67,14,True,2.9995345357795344e-06,0.22815555555555556
a_srtio3_cubic_sevennet0_q1d2-1d2-1d2-b0_i05,10,6x6x6,112,112,ok,7.5,8,112,112.33,15,True,2.9995345357795344e-06,0.24962222222222222
a_srtio3_cubic_sevennet0_q1d2-1d2-1d2-b0_i06,10,6x6x6,112,112,ok,7.5,8,112,103.93,14,True,2.9995345357795344e-06,0.23095555555555558
a_srtio3_cubic_sevennet0_q1d2-1d2-1d2-b0_i07,10,6x6x6,112,112,ok,7.5,8,112,104.71000000000001,14,True,2.9995345357795344e-06,0.23268888888888892
a_srtio3_cubic_sevennet0_q1d2-1d2-1d2-b0_i08,10,6x6x6,112,112,ok,7.5,8,112,103.97,13,True,2.9995345357795344e-06,0.23104444444444444
a_srtio3_cubic_sevennet0_q1d2-1d2-1d2-b0_i09,10,6x6x6,112,112,ok,7.5,8,112,113.35,15,True,3.00583535842777e-06,0.2518888888888889
a_zr_bcc_chgnet_q1d3-2d3-0-b0-refmattersim_i00,3,15x15x15,1688,512,ok,7.5,8,512,73.67,11,True,3.295644347645066e-06,0.1637111111111111
a_zr_bcc_chgnet_q1d3-2d3-0-b0-refmattersim_i01,3,15x15x15,1688,512,ok,7.5,8,512,73.78,11,True,3.3634579088059386e-06,0.16395555555555555
a_zr_bcc_chgnet_q1d3-2d3-0-b0-refmattersim_i02,3,15x15x15,1688,512,ok,7.5,8,512,72.67,11,True,3.3954190190491353e-06,0.1614888888888889
a_zr_bcc_chgnet_q1d3-2d3-0-b0-refmattersim_i03,3,15x15x15,1688,512,ok,7.5,8,512,85.61,13,True,3.295644347645066e-06,0.19024444444444444
a_zr_bcc_chgnet_q1d3-2d3-0-b0-refmattersim_i04,3,15x15x15,1688,512,ok,7.5,8,512,79.3,12,True,3.295644347645066e-06,0.17622222222222222
a_zr_bcc_chgnet_q1d3-2d3-0-b0-refmattersim_i05,3,15x15x15,1688,512,ok,7.5,8,512,73.03999999999999,11,True,3.295644347645066e-06,0.1623111111111111
a_zr_bcc_chgnet_q1d3-2d3-0-b0-refmattersim_i06,3,15x15x15,1688,512,ok,7.5,8,512,80.46000000000001,12,True,3.295644347645066e-06,0.17880000000000001
a_zr_bcc_chgnet_q1d3-2d3-0-b0-refmattersim_i07,3,15x15x15,1688,512,ok,7.5,8,512,88.9,13,True,3.295644347645066e-06,0.19755555555555557
a_zr_bcc_chgnet_q1d3-2d3-0-b0-refmattersim_i08,3,15x15x15,1688,512,ok,7.5,8,512,84.11,14,True,3.295644347645066e-06,0.1869111111111111
a_zr_bcc_chgnet_q1d3-2d3-0-b0-refmattersim_i09,3,15x15x15,1688,512,ok,7.5,8,512,79.13,13,True,3.295644347645066e-06,0.17584444444444444
a_zr_bcc_mace_mp0_q1d3-2d3-0-b0-refmattersim_i00,3,15x15x15,1688,512,ok,7.5,8,512,72.12,11,True,3.245290896014552e-06,0.16026666666666667
a_zr_bcc_mace_mp0_q1d3-2d3-0-b0-refmattersim_i01,3,15x15x15,1688,512,ok,7.5,8,512,74.03,11,True,3.315127976713795e-06,0.1645111111111111
a_zr_bcc_mace_mp0_q1d3-2d3-0-b0-refmattersim_i02,3,15x15x15,1688,512,ok,7.5,8,512,71.4,11,True,3.245290896014552e-06,0.15866666666666668
a_zr_bcc_mace_mp0_q1d3-2d3-0-b0-refmattersim_i03,3,15x15x15,1688,512,ok,7.5,8,512,84.88,13,True,3.245290896014552e-06,0.18862222222222222
a_zr_bcc_mace_mp0_q1d3-2d3-0-b0-refmattersim_i04,3,15x15x15,1688,512,ok,7.5,8,512,81.53,12,True,3.245290896014552e-06,0.18117777777777777
a_zr_bcc_mace_mp0_q1d3-2d3-0-b0-refmattersim_i05,3,15x15x15,1688,512,ok,7.5,8,512,85.27,13,True,3.245290896014552e-06,0.18948888888888887
a_zr_bcc_mace_mp0_q1d3-2d3-0-b0-refmattersim_i06,3,15x15x15,1688,512,ok,7.5,8,512,87.74,13,True,3.245290896014552e-06,0.19497777777777778
a_zr_bcc_mace_mp0_q1d3-2d3-0-b0-refmattersim_i07,3,15x15x15,1688,512,ok,7.5,8,512,79.89,12,True,3.245290896014552e-06,0.17753333333333332
a_zr_bcc_mace_mp0_q1d3-2d3-0-b0-refmattersim_i08,3,15x15x15,1688,512,ok,7.5,8,512,86.63,14,True,3.245290896014552e-06,0.1925111111111111
a_zr_bcc_mace_mp0_q1d3-2d3-0-b0-refmattersim_i09,3,15x15x15,1688,512,ok,7.5,8,512,82.0,13,True,3.245290896014552e-06,0.18222222222222223
a_zr_bcc_mattersim_q1d3-2d3-0-b0_i00,3,15x15x15,1688,512,ok,7.5,8,512,72.37,11,True,3.349964071475142e-06,0.16082222222222223
a_zr_bcc_mattersim_q1d3-2d3-0-b0_i01,3,15x15x15,1688,512,ok,7.5,8,512,78.02,12,True,4.8359389085744466e-06,0.17337777777777777
a_zr_bcc_mattersim_q1d3-2d3-0-b0_i02,3,15x15x15,1688,512,ok,7.5,8,512,70.98,11,True,4.77625444526602e-06,0.15773333333333334
a_zr_bcc_mattersim_q1d3-2d3-0-b0_i03,3,15x15x15,1688,512,ok,7.5,8,512,85.12,13,True,4.773542880737091e-06,0.18915555555555558
a_zr_bcc_mattersim_q1d3-2d3-0-b0_i04,3,15x15x15,1688,512,ok,7.5,8,512,81.9,12,True,4.6767875411683294e-06,0.18200000000000002
a_zr_bcc_mattersim_q1d3-2d3-0-b0_i05,3,15x15x15,1688,512,ok,7.5,8,512,74.18,11,True,4.6229720211757725e-06,0.16484444444444446
a_zr_bcc_mattersim_q1d3-2d3-0-b0_i06,3,15x15x15,1688,512,ok,7.5,8,512,79.13,12,True,4.513246262401047e-06,0.17584444444444444
a_zr_bcc_mattersim_q1d3-2d3-0-b0_i07,3,15x15x15,1688,512,ok,7.5,8,512,82.0,13,True,4.415570828169655e-06,0.18222222222222223
a_zr_bcc_mattersim_q1d3-2d3-0-b0_i08,3,15x15x15,1688,512,ok,7.5,8,512,84.74,14,True,4.283171407951585e-06,0.1883111111111111
a_zr_bcc_mattersim_q1d3-2d3-0-b0_i09,3,15x15x15,1688,512,ok,7.5,8,512,80.2,13,True,4.137836277687648e-06,0.17822222222222223
a_zr_bcc_orb_v2_q1d3-2d3-0-b0-refmattersim_i00,3,15x15x6,676,368,ok,7.5,8,676,41.96,11,True,1.402519296700433e-06,0.09324444444444445
a_zr_bcc_orb_v2_q1d3-2d3-0-b0-refmattersim_i01,3,15x15x6,676,676,ok,7.5,8,676,41.29,11,True,1.5172720844241454e-06,0.09175555555555555
a_zr_bcc_orb_v2_q1d3-2d3-0-b0-refmattersim_i02,3,15x15x6,676,676,ok,7.5,8,676,42.96,12,True,1.402519296700433e-06,0.09546666666666667
a_zr_bcc_orb_v2_q1d3-2d3-0-b0-refmattersim_i03,3,15x15x6,676,676,ok,7.5,8,676,46.47,13,True,1.423124429313983e-06,0.10326666666666666
a_zr_bcc_orb_v2_q1d3-2d3-0-b0-refmattersim_i04,3,15x15x6,676,676,ok,7.5,8,676,54.85,13,True,1.402519296700433e-06,0.1218888888888889
a_zr_bcc_orb_v2_q1d3-2d3-0-b0-refmattersim_i05,3,15x15x6,676,676,ok,7.5,8,676,58.86,14,True,1.402519296700433e-06,0.1308
a_zr_bcc_orb_v2_q1d3-2d3-0-b0-refmattersim_i06,3,15x15x6,676,676,ok,7.5,8,676,54.68,13,True,1.4317179828169391e-06,0.12151111111111111
a_zr_bcc_orb_v2_q1d3-2d3-0-b0-refmattersim_i07,3,15x15x6,676,676,ok,7.5,8,676,61.87,15,True,1.402519296700433e-06,0.13748888888888888
a_zr_bcc_orb_v2_q1d3-2d3-0-b0-refmattersim_i08,3,15x15x6,676,676,ok,7.5,8,676,51.73,13,True,1.402519296700433e-06,0.11495555555555555
a_zr_bcc_orb_v2_q1d3-2d3-0-b0-refmattersim_i09,3,15x15x6,676,676,ok,7.5,8,676,51.0,13,True,1.402519296700433e-06,0.11333333333333333
a_zr_bcc_sevennet0_q1d3-2d3-0-b0-refmattersim_i00,3,15x15x15,1688,512,ok,7.5,8,512,72.19,11,True,3.335504103141318e-06,0.16042222222222222
a_zr_bcc_sevennet0_q1d3-2d3-0-b0-refmattersim_i01,3,15x15x15,1688,512,ok,7.5,8,512,73.97,11,True,5.342175231895548e-06,0.16437777777777776
a_zr_bcc_sevennet0_q1d3-2d3-0-b0-refmattersim_i02,3,15x15x15,1688,512,ok,7.5,8,512,72.31,11,True,4.794328753231703e-06,0.16068888888888888
a_zr_bcc_sevennet0_q1d3-2d3-0-b0-refmattersim_i03,3,15x15x15,1688,512,ok,7.5,8,512,84.08,13,True,4.747392107520836e-06,0.18684444444444445
a_zr_bcc_sevennet0_q1d3-2d3-0-b0-refmattersim_i04,3,15x15x15,1688,512,ok,7.5,8,512,79.49,12,True,4.699864025883184e-06,0.17664444444444444
a_zr_bcc_sevennet0_q1d3-2d3-0-b0-refmattersim_i05,3,15x15x15,1688,512,ok,7.5,8,512,68.85,11,True,4.614292799187801e-06,0.153
a_zr_bcc_sevennet0_q1d3-2d3-0-b0-refmattersim_i06,3,15x15x15,1688,512,ok,7.5,8,512,85.55,14,True,4.513375319385788e-06,0.1901111111111111
a_zr_bcc_sevennet0_q1d3-2d3-0-b0-refmattersim_i07,3,15x15x15,1688,512,ok,7.5,8,512,77.35,13,True,4.406760391293612e-06,0.17188888888888887
a_zr_bcc_sevennet0_q1d3-2d3-0-b0-refmattersim_i08,3,15x15x15,1688,512,ok,7.5,8,512,73.95,14,True,4.291202419287992e-06,0.16433333333333333
a_zr_bcc_sevennet0_q1d3-2d3-0-b0-refmattersim_i09,3,15x15x15,1688,512,ok,7.5,8,512,72.63,13,True,4.152767899890877e-06,0.1614
a_zro2_cubic_chgnet_q1d2-0-1d2-b0_i00,6,7x7x5,123,30,ok,7.5,8,30,13.05,13,True,1.8792153864342567e-06,0.029
a_zro2_cubic_chgnet_q1d2-0-1d2-b0_i01,6,7x7x5,123,30,ok,7.5,8,30,12.78,13,True,1.8792153864342567e-06,0.028399999999999998
a_zro2_cubic_chgnet_q1d2-0-1d2-b0_i02,6,7x7x5,123,30,ok,7.5,8,30,13.51,14,True,1.8792153864342567e-06,0.03002222222222222
a_zro2_cubic_chgnet_q1d2-0-1d2-b0_i03,6,7x7x5,123,30,ok,7.5,8,30,14.81,15,True,1.8792153864342567e-06,0.03291111111111111
a_zro2_cubic_chgnet_q1d2-0-1d2-b0_i04,6,7x7x5,123,30,ok,7.5,8,30,12.01,13,True,1.8792153864342567e-06,0.026688888888888887
a_zro2_cubic_chgnet_q1d2-0-1d2-b0_i05,6,7x7x5,123,30,ok,7.5,8,30,16.01,18,True,1.8792153864342567e-06,0.035577777777777785
a_zro2_cubic_chgnet_q1d2-0-1d2-b0_i06,6,7x7x5,123,30,ok,7.5,8,30,14.8,14,True,1.8792153864342567e-06,0.03288888888888889
a_zro2_cubic_chgnet_q1d2-0-1d2-b0_i07,6,7x7x5,123,30,ok,7.5,8,30,14.81,15,True,1.8792153864342567e-06,0.03291111111111111
a_zro2_cubic_chgnet_q1d2-0-1d2-b0_i08,6,7x7x5,123,30,ok,7.5,8,30,12.15,13,True,1.8792153864342567e-06,0.027
a_zro2_cubic_chgnet_q1d2-0-1d2-b0_i09,6,7x7x5,123,30,ok,7.5,8,30,13.31,13,True,1.8792153864342567e-06,0.02957777777777778
a_zro2_cubic_mace_mp0_q0-1d2-1d2-b0_i00,6,7x7x5,123,30,ok,7.5,8,30,12.38,13,True,1.5866807803777735e-06,0.02751111111111111
a_zro2_cubic_mace_mp0_q0-1d2-1d2-b0_i01,6,7x7x5,123,30,ok,7.5,8,30,13.37,14,True,1.696412740064741e-06,0.02971111111111111
a_zro2_cubic_mace_mp0_q0-1d2-1d2-b0_i02,6,7x7x5,123,30,ok,7.5,8,30,11.79,13,True,1.7627352823189178e-06,0.026199999999999998
a_zro2_cubic_mace_mp0_q0-1d2-1d2-b0_i03,6,7x7x5,123,30,ok,7.5,8,30,12.98,13,True,1.7730945020374151e-06,0.028844444444444447
a_zro2_cubic_mace_mp0_q0-1d2-1d2-b0_i04,6,7x7x5,123,30,ok,7.5,8,30,13.0,14,True,1.7416410635999814e-06,0.028888888888888888
a_zro2_cubic_mace_mp0_q0-1d2-1d2-b0_i05,6,7x7x5,123,30,ok,7.5,8,30,14.08,14,True,1.662943010050552e-06,0.03128888888888889
a_zro2_cubic_mace_mp0_q0-1d2-1d2-b0_i06,6,7x7x5,123,30,ok,7.5,8,30,14.87,15,True,1.8059558411139352e-06,0.033044444444444446
a_zro2_cubic_mace_mp0_q0-1d2-1d2-b0_i07,6,7x7x5,123,30,ok,7.5,8,30,14.13,15,True,1.6371678610608332e-06,0.031400000000000004
a_zro2_cubic_mace_mp0_q0-1d2-1d2-b0_i08,6,7x7x5,123,30,ok,7.5,8,30,12.6,13,True,1.6810109961610775e-06,0.028
a_zro2_cubic_mace_mp0_q0-1d2-1d2-b0_i09,6,7x7x5,123,30,ok,7.5,8,30,12.29,12,True,1.677846093518608e-06,0.02731111111111111
a_zro2_cubic_mattersim_q1d2-0-1d2-b0_i00,6,7x7x5,123,30,ok,7.5,8,30,12.65,14,True,1.800958452591317e-06,0.02811111111111111
a_zro2_cubic_mattersim_q1d2-0-1d2-b0_i01,6,7x7x5,123,30,ok,7.5,8,30,13.36,14,True,1.800958452591317e-06,0.029688888888888886
a_zro2_cubic_mattersim_q1d2-0-1d2-b0_i02,6,7x7x5,123,30,ok,7.5,8,30,13.76,15,True,1.800958452591317e-06,0.030577777777777777
a_zro2_cubic_mattersim_q1d2-0-1d2-b0_i03,6,7x7x5,123,30,ok,7.5,8,30,12.53,12,True,1.800958452591317e-06,0.027844444444444442
a_zro2_cubic_mattersim_q1d2-0-1d2-b0_i04,6,7x7x5,123,30,ok,7.5,8,30,12.9,14,True,1.800958452591317e-06,0.028666666666666667
a_zro2_cubic_mattersim_q1d2-0-1d2-b0_i05,6,7x7x5,123,30,ok,7.5,8,30,13.11,15,True,1.800958452591317e-06,0.02913333333333333
a_zro2_cubic_mattersim_q1d2-0-1d2-b0_i06,6,7x7x5,123,30,ok,7.5,8,30,13.06,14,True,1.800958452591317e-06,0.029022222222222224
a_zro2_cubic_mattersim_q1d2-0-1d2-b0_i07,6,7x7x5,123,30,ok,7.5,8,30,13.96,14,True,1.800958452591317e-06,0.031022222222222225
a_zro2_cubic_mattersim_q1d2-0-1d2-b0_i08,6,7x7x5,123,30,ok,7.5,8,30,12.96,13,True,1.800958452591317e-06,0.028800000000000003
a_zro2_cubic_mattersim_q1d2-0-1d2-b0_i09,6,7x7x5,123,30,ok,7.5,8,30,11.9,12,True,1.800958452591317e-06,0.026444444444444444
a_zro2_cubic_orb_v2_q1d2-1d2-1d2-b0_i00,6,7x7x5,123,123,ok,7.5,8,123,35.3,14,True,3.5821609078295522e-06,0.07844444444444444
a_zro2_cubic_orb_v2_q1d2-1d2-1d2-b0_i01,6,7x7x5,123,123,ok,7.5,8,123,36.86,15,True,3.5730275236719944e-06,0.08191111111111112
a_zro2_cubic_orb_v2_q1d2-1d2-1d2-b0_i02,6,7x7x5,123,123,ok,7.5,8,123,40.46,16,True,3.5495494308972192e-06,0.08991111111111111
a_zro2_cubic_orb_v2_q1d2-1d2-1d2-b0_i03,6,7x7x5,123,123,ok,7.5,8,123,36.59,13,True,2.9712107438482617e-06,0.08131111111111111
a_zro2_cubic_orb_v2_q1d2-1d2-1d2-b0_i04,6,7x7x5,123,123,ok,7.5,8,123,36.09,14,True,2.917144879836503e-06,0.08020000000000001
a_zro2_cubic_orb_v2_q1d2-1d2-1d2-b0_i05,6,7x7x5,123,123,ok,7.5,8,123,39.17,14,True,2.8435297843181795e-06,0.08704444444444445
a_zro2_cubic_orb_v2_q1d2-1d2-1d2-b0_i06,6,7x7x5,123,123,ok,7.5,8,123,35.18,14,True,2.7299702800598233e-06,0.07817777777777778
a_zro2_cubic_orb_v2_q1d2-1d2-1d2-b0_i07,6,7x7x5,123,123,ok,7.5,8,123,37.73,13,True,2.928019102958793e-06,0.08384444444444444
a_zro2_cubic_orb_v2_q1d2-1d2-1d2-b0_i08,6,7x7x5,123,123,ok,7.5,8,123,35.76,13,True,2.7633947127760206e-06,0.07946666666666666
a_zro2_cubic_orb_v2_q1d2-1d2-1d2-b0_i09,6,7x7x5,123,123,ok,7.5,8,123,31.77,13,True,3.0840622916691873e-06,0.0706
a_zro2_cubic_sevennet0_q1d2-0-1d2-b0_i00,6,7x7x5,123,30,ok,7.5,8,30,12.34,13,True,1.4492136997741763e-06,0.027422222222222223
a_zro2_cubic_sevennet0_q1d2-0-1d2-b0_i01,6,7x7x5,123,30,ok,7.5,8,30,13.35,14,True,1.4745638611949412e-06,0.029666666666666668
a_zro2_cubic_sevennet0_q1d2-0-1d2-b0_i02,6,7x7x5,123,30,ok,7.5,8,30,14.2,15,True,1.483099706450691e-06,0.03155555555555555
a_zro2_cubic_sevennet0_q1d2-0-1d2-b0_i03,6,7x7x5,123,30,ok,7.5,8,30,12.8,13,True,1.4920226564345206e-06,0.028444444444444446
a_zro2_cubic_sevennet0_q1d2-0-1d2-b0_i04,6,7x7x5,123,30,ok,7.5,8,30,12.47,14,True,1.4492136997741763e-06,0.027711111111111113
a_zro2_cubic_sevennet0_q1d2-0-1d2-b0_i05,6,7x7x5,123,30,ok,7.5,8,30,14.03,14,True,1.4492136997741763e-06,0.031177777777777776
a_zro2_cubic_sevennet0_q1d2-0-1d2-b0_i06,6,7x7x5,123,30,ok,7.5,8,30,14.29,15,True,1.4492136997741763e-06,0.03175555555555555
a_zro2_cubic_sevennet0_q1d2-0-1d2-b0_i07,6,7x7x5,123,30,ok,7.5,8,30,13.9,14,True,1.4492136997741763e-06,0.03088888888888889
a_zro2_cubic_sevennet0_q1d2-0-1d2-b0_i08,6,7x7x5,123,30,ok,7.5,8,30,12.02,13,True,1.4492136997741763e-06,0.02671111111111111
a_zro2_cubic_sevennet0_q1d2-0-1d2-b0_i09,6,7x7x5,123,30,ok,7.5,8,30,14.1,13,True,1.520678446322746e-06,0.03133333333333333
ax_batio3_cubic_chgnet_q0-0-0-b1_i01,5,7x7x7,172,100,pending,,,,,,,,
ax_batio3_cubic_chgnet_q0-0-0-b1_i02,5,7x7x7,172,100,pending,,,,,,,,
ax_batio3_cubic_chgnet_q0-0-0-b1_i03,5,7x7x7,172,172,pending,,,,,,,,
ax_batio3_cubic_chgnet_q0-0-0-b1_i04,5,7x7x7,172,172,pending,,,,,,,,
ax_batio3_cubic_chgnet_q0-0-0-b1_i05,5,7x7x7,172,172,pending,,,,,,,,
ax_batio3_cubic_chgnet_q0-0-0-b1_i06,5,7x7x7,172,172,pending,,,,,,,,
ax_batio3_cubic_chgnet_q0-0-0-b1_i07,5,7x7x7,172,172,pending,,,,,,,,
ax_batio3_cubic_chgnet_q0-0-0-b1_i08,5,7x7x7,172,172,pending,,,,,,,,
ax_batio3_cubic_chgnet_q0-0-0-b1_i09,5,7x7x7,172,172,pending,,,,,,,,
ax_batio3_cubic_chgnet_q0-0-0-b2_i01,5,7x7x7,172,172,pending,,,,,,,,
ax_batio3_cubic_chgnet_q0-0-0-b2_i02,5,7x7x7,172,172,pending,,,,,,,,
ax_batio3_cubic_chgnet_q0-0-0-b2_i03,5,7x7x7,172,172,pending,,,,,,,,
ax_batio3_cubic_chgnet_q0-0-0-b2_i04,5,7x7x7,172,172,pending,,,,,,,,
ax_batio3_cubic_chgnet_q0-0-0-b2_i05,5,7x7x7,172,172,pending,,,,,,,,
ax_batio3_cubic_chgnet_q0-0-0-b2_i06,5,7x7x7,172,172,pending,,,,,,,,
ax_batio3_cubic_chgnet_q0-0-0-b2_i07,5,7x7x7,172,172,pending,,,,,,,,
ax_batio3_cubic_chgnet_q0-0-0-b2_i08,5,7x7x7,172,172,pending,,,,,,,,
ax_batio3_cubic_chgnet_q0-0-0-b2_i09,5,7x7x7,172,172,pending,,,,,,,,
ax_batio3_cubic_chgnet_q0-1d2-0-b0_i00,10,7x4x7,99,75,pending,,,,,,,,
ax_batio3_cubic_chgnet_q0-1d2-0-b0_i01,10,7x4x7,99,99,pending,,,,,,,,
ax_batio3_cubic_chgnet_q0-1d2-0-b0_i02,10,7x4x7,99,99,pending,,,,,,,,
ax_batio3_cubic_chgnet_q0-1d2-0-b0_i03,10,7x4x7,99,99,pending,,,,,,,,
ax_batio3_cubic_chgnet_q0-1d2-0-b0_i04,10,7x4x7,99,99,pending,,,,,,,,
ax_batio3_cubic_chgnet_q0-1d2-0-b0_i05,10,7x4x7,99,99,pending,,,,,,,,
ax_batio3_cubic_chgnet_q0-1d2-0-b0_i06,10,7x4x7,99,99,pending,,,,,,,,
ax_batio3_cubic_chgnet_q0-1d2-0-b0_i07,10,7x4x7,99,99,pending,,,,,,,,
ax_batio3_cubic_chgnet_q0-1d2-0-b0_i08,10,7x4x7,99,99,pending,,,,,,,,
ax_batio3_cubic_chgnet_q0-1d2-0-b0_i09,10,7x4x7,99,99,pending,,,,,,,,
ax_batio3_cubic_chgnet_q0-1d2-0-b1_i01,10,7x4x7,99,99,pending,,,,,,,,
ax_batio3_cubic_chgnet_q0-1d2-0-b1_i02,10,7x4x7,99,99,pending,,,,,,,,
ax_batio3_cubic_chgnet_q0-1d2-0-b1_i03,10,7x4x7,99,99,pending,,,,,,,,
ax_batio3_cubic_chgnet_q0-1d2-0-b1_i04,10,7x4x7,99,99,pending,,,,,,,,
ax_batio3_cubic_chgnet_q0-1d2-0-b1_i05,10,7x4x7,99,99,pending,,,,,,,,
ax_batio3_cubic_chgnet_q0-1d2-0-b1_i06,10,7x4x7,99,99,pending,,,,,,,,
ax_batio3_cubic_chgnet_q0-1d2-0-b1_i07,10,7x4x7,99,99,pending,,,,,,,,
ax_batio3_cubic_chgnet_q0-1d2-0-b1_i08,10,7x4x7,99,99,pending,,,,,,,,
ax_batio3_cubic_chgnet_q0-1d2-0-b1_i09,10,7x4x7,99,99,pending,,,,,,,,
ax_batio3_cubic_chgnet_q1d2-0-0-b0_i00,10,4x7x7,99,60,pending,,,,,,,,
ax_batio3_cubic_chgnet_q1d2-0-0-b0_i01,10,4x7x7,99,99,pending,,,,,,,,
ax_batio3_cubic_chgnet_q1d2-0-0-b0_i02,10,4x7x7,99,99,pending,,,,,,,,
ax_batio3_cubic_chgnet_q1d2-0-0-b0_i03,10,4x7x7,99,99,pending,,,,,,,,
ax_batio3_cubic_chgnet_q1d2-0-0-b0_i04,10,4x7x7,99,99,pending,,,,,,,,
ax_batio3_cubic_chgnet_q1d2-0-0-b0_i05,10,4x7x7,99,99,pending,,,,,,,,
ax_batio3_cubic_chgnet_q1d2-0-0-b0_i06,10,4x7x7,99,99,pending,,,,,,,,
ax_batio3_cubic_chgnet_q1d2-0-0-b0_i07,10,4x7x7,99,99,pending,,,,,,,,
ax_batio3_cubic_chgnet_q1d2-0-0-b0_i08,10,4x7x7,99,99,pending,,,,,,,,
ax_batio3_cubic_chgnet_q1d2-0-0-b0_i09,10,4x7x7,99,99,pending,,,,,,,,
ax_batio3_cubic_mace_mp0_q0-0-0-b0_i00,5,7x7x7,172,20,pending,,,,,,,,
ax_batio3_cubic_mace_mp0_q0-0-0-b0_i01,5,7x7x7,172,172,pending,,,,,,,,
ax_batio3_cubic_mace_mp0_q0-0-0-b0_i02,5,7x7x7,172,172,pending,,,,,,,,
ax_batio3_cubic_mace_mp0_q0-0-0-b0_i03,5,7x7x7,172,172,pending,,,,,,,,
ax_batio3_cubic_mace_mp0_q0-0-0-b0_i04,5,7x7x7,172,172,pending,,,,,,,,
ax_batio3_cubic_mace_mp0_q0-0-0-b0_i05,5,7x7x7,172,172,pending,,,,,,,,
ax_batio3_cubic_mace_mp0_q0-0-0-b0_i06,5,7x7x7,172,172,pending,,,,,,,,
ax_batio3_cubic_mace_mp0_q0-0-0-b0_i07,5,7x7x7,172,172,pending,,,,,,,,
ax_batio3_cubic_mace_mp0_q0-0-0-b0_i08,5,7x7x7,172,172,pending,,,,,,,,
ax_batio3_cubic_mace_mp0_q0-0-0-b0_i09,5,7x7x7,172,172,pending,,,,,,,,
ax_batio3_cubic_mace_mp0_q1d2-0-0-b0_i00,10,4x7x7,99,30,pending,,,,,,,,
ax_batio3_cubic_mace_mp0_q1d2-0-0-b0_i01,10,4x7x7,99,75,pending,,,,,,,,
ax_batio3_cubic_mace_mp0_q1d2-0-0-b0_i02,10,4x7x7,99,75,pending,,,,,,,,
ax_batio3_cubic_mace_mp0_q1d2-0-0-b0_i03,10,4x7x7,99,75,pending,,,,,,,,
ax_batio3_cubic_mace_mp0_q1d2-0-0-b0_i04,10,4x7x7,99,75,pending,,,,,,,,
ax_batio3_cubic_mace_mp0_q1d2-0-0-b0_i05,10,4x7x7,99,75,pending,,,,,,,,
ax_batio3_cubic_mace_mp0_q1d2-0-0-b0_i06,10,4x7x7,99,75,pending,,,,,,,,
ax_batio3_cubic_mace_mp0_q1d2-0-0-b0_i07,10,4x7x7,99,75,pending,,,,,,,,
ax_batio3_cubic_mace_mp0_q1d2-0-0-b0_i08,10,4x7x7,99,75,pending,,,,,,,,
ax_batio3_cubic_mace_mp0_q1d2-0-0-b0_i09,10,4x7x7,99,75,pending,,,,,,,,
ax_batio3_cubic_mattersim_q0-0-1d2-b0_i00,10,7x7x4,99,30,pending,,,,,,,,
ax_batio3_cubic_mattersim_q0-0-1d2-b0_i01,10,7x7x4,99,75,pending,,,,,,,,
ax_batio3_cubic_mattersim_q0-0-1d2-b0_i02,10,7x7x4,99,75,pending,,,,,,,,
ax_batio3_cubic_mattersim_q0-0-1d2-b0_i03,10,7x7x4,99,75,pending,,,,,,,,
ax_batio3_cubic_mattersim_q0-0-1d2-b0_i04,10,7x7x4,99,75,pending,,,,,,,,
ax_batio3_cubic_mattersim_q0-0-1d2-b0_i05,10,7x7x4,99,75,pending,,,,,,,,
ax_batio3_cubic_mattersim_q0-0-1d2-b0_i06,10,7x7x4,99,75,pending,,,,,,,,
ax_batio3_cubic_mattersim_q0-0-1d2-b0_i07,10,7x7x4,99,75,pending,,,,,,,,
ax_batio3_cubic_mattersim_q0-0-1d2-b0_i08,10,7x7x4,99,75,pending,,,,,,,,
ax_batio3_cubic_mattersim_q0-0-1d2-b0_i09,10,7x7x4,99,75,pending,,,,,,,,
ax_batio3_cubic_orb_v2_q0-0-0-b0_i00,5,7x7x7,172,172,pending,,,,,,,,
ax_batio3_cubic_orb_v2_q0-0-0-b0_i01,5,7x7x7,172,172,pending,,,,,,,,
ax_batio3_cubic_orb_v2_q0-0-0-b0_i02,5,7x7x7,172,172,pending,,,,,,,,
ax_batio3_cubic_orb_v2_q0-0-0-b0_i03,5,7x7x7,172,172,pending,,,,,,,,
ax_batio3_cubic_orb_v2_q0-0-0-b0_i04,5,7x7x7,172,172,pending,,,,,,,,
ax_batio3_cubic_orb_v2_q0-0-0-b0_i05,5,7x7x7,172,172,pending,,,,,,,,
ax_batio3_cubic_orb_v2_q0-0-0-b0_i06,5,7x7x7,172,172,pending,,,,,,,,
ax_batio3_cubic_orb_v2_q0-0-0-b0_i07,5,7x7x7,172,172,pending,,,,,,,,
ax_batio3_cubic_orb_v2_q0-0-0-b0_i08,5,7x7x7,172,172,pending,,,,,,,,
ax_batio3_cubic_orb_v2_q0-0-0-b0_i09,5,7x7x7,172,172,pending,,,,,,,,
ax_batio3_cubic_orb_v2_q0-0-0-b1_i01,5,7x7x7,172,172,pending,,,,,,,,
ax_batio3_cubic_orb_v2_q0-0-0-b1_i02,5,7x7x7,172,172,pending,,,,,,,,
ax_batio3_cubic_orb_v2_q0-0-0-b1_i03,5,7x7x7,172,172,pending,,,,,,,,
ax_batio3_cubic_orb_v2_q0-0-0-b1_i04,5,7x7x7,172,172,pending,,,,,,,,
ax_batio3_cubic_orb_v2_q0-0-0-b1_i05,5,7x7x7,172,172,pending,,,,,,,,
ax_batio3_cubic_orb_v2_q0-0-0-b1_i06,5,7x7x7,172,172,pending,,,,,,,,
ax_batio3_cubic_orb_v2_q0-0-0-b1_i07,5,7x7x7,172,172,pending,,,,,,,,
ax_batio3_cubic_orb_v2_q0-0-0-b1_i08,5,7x7x7,172,172,pending,,,,,,,,
ax_batio3_cubic_orb_v2_q0-0-0-b1_i09,5,7x7x7,172,172,pending,,,,,,,,
ax_batio3_cubic_orb_v2_q0-0-1d2-b0_i00,10,7x7x4,99,99,pending,,,,,,,,
ax_batio3_cubic_orb_v2_q0-0-1d2-b0_i01,10,7x7x4,99,99,pending,,,,,,,,
ax_batio3_cubic_orb_v2_q0-0-1d2-b0_i02,10,7x7x4,99,99,pending,,,,,,,,
ax_batio3_cubic_orb_v2_q0-0-1d2-b0_i03,10,7x7x4,99,99,pending,,,,,,,,
ax_batio3_cubic_orb_v2_q0-0-1d2-b0_i04,10,7x7x4,99,99,pending,,,,,,,,
ax_batio3_cubic_orb_v2_q0-0-1d2-b0_i05,10,7x7x4,99,99,pending,,,,,,,,
ax_batio3_cubic_orb_v2_q0-0-1d2-b0_i06,10,7x7x4,99,99,pending,,,,,,,,
ax_batio3_cubic_orb_v2_q0-0-1d2-b0_i07,10,7x7x4,99,99,pending,,,,,,,,
ax_batio3_cubic_orb_v2_q0-0-1d2-b0_i08,10,7x7x4,99,99,pending,,,,,,,,
ax_batio3_cubic_orb_v2_q0-0-1d2-b0_i09,10,7x7x4,99,99,pending,,,,,,,,
ax_batio3_cubic_orb_v2_q0-0-1d2-b1_i01,10,7x7x4,99,99,pending,,,,,,,,
ax_batio3_cubic_orb_v2_q0-0-1d2-b1_i02,10,7x7x4,99,99,pending,,,,,,,,
ax_batio3_cubic_orb_v2_q0-0-1d2-b1_i03,10,7x7x4,99,99,pending,,,,,,,,
ax_batio3_cubic_orb_v2_q0-0-1d2-b1_i04,10,7x7x4,99,99,pending,,,,,,,,
ax_batio3_cubic_orb_v2_q0-0-1d2-b1_i05,10,7x7x4,99,99,pending,,,,,,,,
ax_batio3_cubic_orb_v2_q0-0-1d2-b1_i06,10,7x7x4,99,99,pending,,,,,,,,
ax_batio3_cubic_orb_v2_q0-0-1d2-b1_i07,10,7x7x4,99,99,pending,,,,,,,,
ax_batio3_cubic_orb_v2_q0-0-1d2-b1_i08,10,7x7x4,99,99,pending,,,,,,,,
ax_batio3_cubic_orb_v2_q0-0-1d2-b1_i09,10,7x7x4,99,99,pending,,,,,,,,
ax_batio3_cubic_orb_v2_q0-1d2-0-b0_i00,10,7x4x7,99,99,pending,,,,,,,,
ax_batio3_cubic_orb_v2_q0-1d2-0-b0_i01,10,7x4x7,99,99,pending,,,,,,,,
ax_batio3_cubic_orb_v2_q0-1d2-0-b0_i02,10,7x4x7,99,99,pending,,,,,,,,
ax_batio3_cubic_orb_v2_q0-1d2-0-b0_i03,10,7x4x7,99,99,pending,,,,,,,,
ax_batio3_cubic_orb_v2_q0-1d2-0-b0_i04,10,7x4x7,99,99,pending,,,,,,,,
ax_batio3_cubic_orb_v2_q0-1d2-0-b0_i05,10,7x4x7,99,99,pending,,,,,,,,
ax_batio3_cubic_orb_v2_q0-1d2-0-b0_i06,10,7x4x7,99,99,pending,,,,,,,,
ax_batio3_cubic_orb_v2_q0-1d2-0-b0_i07,10,7x4x7,99,99,pending,,,,,,,,
ax_batio3_cubic_orb_v2_q0-1d2-0-b0_i08,10,7x4x7,99,99,pending,,,,,,,,
ax_batio3_cubic_orb_v2_q0-1d2-0-b0_i09,10,7x4x7,99,99,pending,,,,,,,,
ax_batio3_cubic_orb_v2_q0-1d2-0-b1_i01,10,7x4x7,99,99,pending,,,,,,,,
ax_batio3_cubic_orb_v2_q0-1d2-0-b1_i02,10,7x4x7,99,99,pending,,,,,,,,
ax_batio3_cubic_orb_v2_q0-1d2-0-b1_i03,10,7x4x7,99,99,pending,,,,,,,,
ax_batio3_cubic_orb_v2_q0-1d2-0-b1_i04,10,7x4x7,99,99,pending,,,,,,,,
ax_batio3_cubic_orb_v2_q0-1d2-0-b1_i05,10,7x4x7,99,99,pending,,,,,,,,
ax_batio3_cubic_orb_v2_q0-1d2-0-b1_i06,10,7x4x7,99,99,pending,,,,,,,,
ax_batio3_cubic_orb_v2_q0-1d2-0-b1_i07,10,7x4x7,99,99,pending,,,,,,,,
ax_batio3_cubic_orb_v2_q0-1d2-0-b1_i08,10,7x4x7,99,99,pending,,,,,,,,
ax_batio3_cubic_orb_v2_q0-1d2-0-b1_i09,10,7x4x7,99,99,pending,,,,,,,,
ax_batio3_cubic_orb_v2_q1d2-0-0-b0_i00,10,4x7x7,99,99,pending,,,,,,,,
ax_batio3_cubic_orb_v2_q1d2-0-0-b0_i01,10,4x7x7,99,99,pending,,,,,,,,
ax_batio3_cubic_orb_v2_q1d2-0-0-b0_i02,10,4x7x7,99,99,pending,,,,,,,,
ax_batio3_cubic_orb_v2_q1d2-0-0-b0_i03,10,4x7x7,99,99,pending,,,,,,,,
ax_batio3_cubic_orb_v2_q1d2-0-0-b0_i04,10,4x7x7,99,99,pending,,,,,,,,
ax_batio3_cubic_orb_v2_q1d2-0-0-b0_i05,10,4x7x7,99,99,pending,,,,,,,,
ax_batio3_cubic_orb_v2_q1d2-0-0-b0_i06,10,4x7x7,99,99,pending,,,,,,,,
ax_batio3_cubic_orb_v2_q1d2-0-0-b0_i07,10,4x7x7,99,99,pending,,,,,,,,
ax_batio3_cubic_orb_v2_q1d2-0-0-b0_i08,10,4x7x7,99,99,pending,,,,,,,,
ax_batio3_cubic_orb_v2_q1d2-0-0-b0_i09,10,4x7x7,99,99,pending,,,,,,,,
ax_batio3_cubic_orb_v2_q1d2-0-0-b1_i01,10,4x7x7,99,99,pending,,,,,,,,
ax_batio3_cubic_orb_v2_q1d2-0-0-b1_i02,10,4x7x7,99,99,pending,,,,,,,,
ax_batio3_cubic_orb_v2_q1d2-0-0-b1_i03,10,4x7x7,99,99,pending,,,,,,,,
ax_batio3_cubic_orb_v2_q1d2-0-0-b1_i04,10,4x7x7,99,99,pending,,,,,,,,
ax_batio3_cubic_orb_v2_q1d2-0-0-b1_i05,10,4x7x7,99,99,pending,,,,,,,,
ax_batio3_cubic_orb_v2_q1d2-0-0-b1_i06,10,4x7x7,99,99,pending,,,,,,,,
ax_batio3_cubic_orb_v2_q1d2-0-0-b1_i07,10,4x7x7,99,99,pending,,,,,,,,
ax_batio3_cubic_orb_v2_q1d2-0-0-b1_i08,10,4x7x7,99,99,pending,,,,,,,,
ax_batio3_cubic_orb_v2_q1d2-0-0-b1_i09,10,4x7x7,99,99,pending,,,,,,,,
ax_batio3_cubic_sevennet0_q0-0-0-b0_i00,5,7x7x7,172,20,pending,,,,,,,,
ax_batio3_cubic_sevennet0_q0-0-0-b0_i01,5,7x7x7,172,172,pending,,,,,,,,
ax_batio3_cubic_sevennet0_q0-0-0-b0_i02,5,7x7x7,172,172,pending,,,,,,,,
ax_batio3_cubic_sevennet0_q0-0-0-b0_i03,5,7x7x7,172,172,pending,,,,,,,,
ax_batio3_cubic_sevennet0_q0-0-0-b0_i04,5,7x7x7,172,172,pending,,,,,,,,
ax_batio3_cubic_sevennet0_q0-0-0-b0_i05,5,7x7x7,172,172,pending,,,,,,,,
ax_batio3_cubic_sevennet0_q0-0-0-b0_i06,5,7x7x7,172,172,pending,,,,,,,,
ax_batio3_cubic_sevennet0_q0-0-0-b0_i07,5,7x7x7,172,172,pending,,,,,,,,
ax_batio3_cubic_sevennet0_q0-0-0-b0_i08,5,7x7x7,172,172,pending,,,,,,,,
ax_batio3_cubic_sevennet0_q0-0-0-b0_i09,5,7x7x7,172,172,pending,,,,,,,,
ax_cssnbr3_cubic_chgnet_q0-0-0-b0_i00,5,5x5x5,63,18,pending,,,,,,,,
ax_cssnbr3_cubic_chgnet_q0-0-0-b0_i01,5,5x5x5,63,39,pending,,,,,,,,
ax_cssnbr3_cubic_chgnet_q0-0-0-b0_i02,5,5x5x5,63,39,pending,,,,,,,,
ax_cssnbr3_cubic_chgnet_q0-0-0-b0_i03,5,5x5x5,63,39,pending,,,,,,,,
ax_cssnbr3_cubic_chgnet_q0-0-0-b0_i04,5,5x5x5,63,63,pending,,,,,,,,
ax_cssnbr3_cubic_chgnet_q0-0-0-b0_i05,5,5x5x5,63,63,pending,,,,,,,,
ax_cssnbr3_cubic_chgnet_q0-0-0-b0_i06,5,5x5x5,63,63,pending,,,,,,,,
ax_cssnbr3_cubic_chgnet_q0-0-0-b0_i07,5,5x5x5,63,63,pending,,,,,,,,
ax_cssnbr3_cubic_chgnet_q0-0-0-b0_i08,5,5x5x5,63,63,pending,,,,,,,,
ax_cssnbr3_cubic_chgnet_q0-0-0-b0_i09,5,5x5x5,63,63,pending,,,,,,,,
ax_cssnbr3_cubic_chgnet_q0-0-0-b1_i01,5,5x5x5,63,63,pending,,,,,,,,
ax_cssnbr3_cubic_chgnet_q0-0-0-b1_i02,5,5x5x5,63,63,pending,,,,,,,,
ax_cssnbr3_cubic_chgnet_q0-0-0-b1_i03,5,5x5x5,63,63,pending,,,,,,,,
ax_cssnbr3_cubic_chgnet_q0-0-0-b1_i04,5,5x5x5,63,63,pending,,,,,,,,
ax_cssnbr3_cubic_chgnet_q0-0-0-b1_i05,5,5x5x5,63,63,pending,,,,,,,,
ax_cssnbr3_cubic_chgnet_q0-0-0-b1_i06,5,5x5x5,63,63,pending,,,,,,,,
ax_cssnbr3_cubic_chgnet_q0-0-0-b1_i07,5,5x5x5,63,63,pending,,,,,,,,
ax_cssnbr3_cubic_chgnet_q0-0-0-b1_i08,5,5x5x5,63,63,pending,,,,,,,,
ax_cssnbr3_cubic_chgnet_q0-0-0-b1_i09,5,5x5x5,63,63,pending,,,,,,,,
ax_cssnbr3_cubic_chgnet_q0-0-0-b3_i01,5,5x5x5,63,18,pending,,,,,,,,
ax_cssnbr3_cubic_chgnet_q0-0-0-b3_i02,5,5x5x5,63,39,pending,,,,,,,,
ax_cssnbr3_cubic_chgnet_q0-0-0-b3_i03,5,5x5x5,63,39,pending,,,,,,,,
ax_cssnbr3_cubic_chgnet_q0-0-0-b3_i04,5,5x5x5,63,63,pending,,,,,,,,
ax_cssnbr3_cubic_chgnet_q0-0-0-b3_i05,5,5x5x5,63,63,pending,,,,,,,,
ax_cssnbr3_cubic_chgnet_q0-0-0-b3_i06,5,5x5x5,63,63,pending,,,,,,,,
ax_cssnbr3_cubic_chgnet_q0-0-0-b3_i07,5,5x5x5,63,63,pending,,,,,,,,
ax_cssnbr3_cubic_chgnet_q0-0-0-b3_i08,5,5x5x5,63,63,pending,,,,,,,,
ax_cssnbr3_cubic_chgnet_q0-0-0-b3_i09,5,5x5x5,63,63,pending,,,,,,,,
ax_cssnbr3_cubic_chgnet_q0-0-0-b4_i01,5,5x5x5,63,63,pending,,,,,,,,
ax_cssnbr3_cubic_chgnet_q0-0-0-b4_i02,5,5x5x5,63,63,pending,,,,,,,,
ax_cssnbr3_cubic_chgnet_q0-0-0-b4_i03,5,5x5x5,63,63,pending,,,,,,,,
ax_cssnbr3_cubic_chgnet_q0-0-0-b4_i04,5,5x5x5,63,63,pending,,,,,,,,
ax_cssnbr3_cubic_chgnet_q0-0-0-b4_i05,5,5x5x5,63,63,pending,,,,,,,,
ax_cssnbr3_cubic_chgnet_q0-0-0-b4_i06,5,5x5x5,63,63,pending,,,,,,,,
ax_cssnbr3_cubic_chgnet_q0-0-0-b4_i07,5,5x5x5,63,63,pending,,,,,,,,
ax_cssnbr3_cubic_chgnet_q0-0-0-b4_i08,5,5x5x5,63,63,pending,,,,,,,,
ax_cssnbr3_cubic_chgnet_q0-0-0-b4_i09,5,5x5x5,63,63,pending,,,,,,,,
ax_cssnbr3_cubic_chgnet_q0-0-1d2-b0_i00,10,5x5x3,38,12,pending,,,,,,,,
ax_cssnbr3_cubic_chgnet_q0-0-1d2-b0_i01,10,5x5x3,38,26,pending,,,,,,,,
ax_cssnbr3_cubic_chgnet_q0-0-1d2-b0_i02,10,5x5x3,38,26,pending,,,,,,,,
ax_cssnbr3_cubic_chgnet_q0-0-1d2-b0_i03,10,5x5x3,38,26,pending,,,,,,,,
ax_cssnbr3_cubic_chgnet_q0-0-1d2-b0_i04,10,5x5x3,38,26,pending,,,,,,,,
ax_cssnbr3_cubic_chgnet_q0-0-1d2-b0_i05,10,5x5x3,38,26,pending,,,,,,,,
ax_cssnbr3_cubic_chgnet_q0-0-1d2-b0_i06,10,5x5x3,38,26,pending,,,,,,,,
ax_cssnbr3_cubic_chgnet_q0-0-1d2-b0_i07,10,5x5x3,38,26,pending,,,,,,,,
ax_cssnbr3_cubic_chgnet_q0-0-1d2-b0_i08,10,5x5x3,38,26,pending,,,,,,,,
ax_cssnbr3_cubic_chgnet_q0-0-1d2-b0_i09,10,5x5x3,38,26,pending,,,,,,,,
ax_cssnbr3_cubic_chgnet_q0-0-1d2-b2_i01,10,5x5x3,38,18,pending,,,,,,,,
ax_cssnbr3_cubic_chgnet_q0-0-1d2-b2_i02,10,5x5x3,38,18,pending,,,,,,,,
ax_cssnbr3_cubic_chgnet_q0-0-1d2-b2_i03,10,5x5x3,38,18,pending,,,,,,,,
ax_cssnbr3_cubic_chgnet_q0-0-1d2-b2_i04,10,5x5x3,38,18,pending,,,,,,,,
ax_cssnbr3_cubic_chgnet_q0-0-1d2-b2_i05,10,5x5x3,38,18,pending,,,,,,,,
ax_cssnbr3_cubic_chgnet_q0-0-1d2-b2_i06,10,5x5x3,38,18,pending,,,,,,,,
ax_cssnbr3_cubic_chgnet_q0-0-1d2-b2_i07,10,5x5x3,38,18,pending,,,,,,,,
ax_cssnbr3_cubic_chgnet_q0-0-1d2-b2_i08,10,5x5x3,38,26,pending,,,,,,,,
ax_cssnbr3_cubic_chgnet_q0-0-1d2-b2_i09,10,5x5x3,38,26,pending,,,,,,,,
ax_cssnbr3_cubic_chgnet_q0-1d2-0-b4_i00,10,5x3x5,38,18,pending,,,,,,,,
ax_cssnbr3_cubic_chgnet_q0-1d2-0-b4_i01,10,5x3x5,38,18,pending,,,,,,,,
ax_cssnbr3_cubic_chgnet_q0-1d2-0-b4_i02,10,5x3x5,38,18,pending,,,,,,,,
ax_cssnbr3_cubic_chgnet_q0-1d2-0-b4_i03,10,5x3x5,38,18,pending,,,,,,,,
ax_cssnbr3_cubic_chgnet_q0-1d2-0-b4_i04,10,5x3x5,38,18,pending,,,,,,,,
ax_cssnbr3_cubic_chgnet_q0-1d2-0-b4_i05,10,5x3x5,38,18,pending,,,,,,,,
ax_cssnbr3_cubic_chgnet_q0-1d2-0-b4_i06,10,5x3x5,38,18,pending,,,,,,,,
ax_cssnbr3_cubic_chgnet_q0-1d2-0-b4_i07,10,5x3x5,38,18,pending,,,,,,,,
ax_cssnbr3_cubic_chgnet_q0-1d2-0-b4_i08,10,5x3x5,38,18,pending,,,,,,,,
ax_cssnbr3_cubic_chgnet_q0-1d2-0-b4_i09,10,5x3x5,38,18,pending,,,,,,,,
ax_cssnbr3_cubic_chgnet_q1d2-0-0-b0_i00,10,3x5x5,38,18,pending,,,,,,,,
ax_cssnbr3_cubic_chgnet_q1d2-0-0-b0_i01,10,3x5x5,38,38,pending,,,,,,,,
ax_cssnbr3_cubic_chgnet_q1d2-0-0-b0_i02,10,3x5x5,38,38,pending,,,,,,,,
ax_cssnbr3_cubic_chgnet_q1d2-0-0-b0_i03,10,3x5x5,38,38,pending,,,,,,,,
ax_cssnbr3_cubic_chgnet_q1d2-0-0-b0_i04,10,3x5x5,38,38,pending,,,,,,,,
ax_cssnbr3_cubic_chgnet_q1d2-0-0-b0_i05,10,3x5x5,38,38,pending,,,,,,,,
ax_cssnbr3_cubic_chgnet_q1d2-0-0-b0_i06,10,3x5x5,38,38,pending,,,,,,,,
ax_cssnbr3_cubic_chgnet_q1d2-0-0-b0_i07,10,3x5x5,38,38,pending,,,,,,,,
ax_cssnbr3_cubic_chgnet_q1d2-0-0-b0_i08,10,3x5x5,38,38,pending,,,,,,,,
ax_cssnbr3_cubic_chgnet_q1d2-0-0-b0_i09,10,3x5x5,38,38,pending,,,,,,,,
ax_cssnbr3_cubic_chgnet_q1d2-0-0-b2_i01,10,3x5x5,38,38,pending,,,,,,,,
ax_cssnbr3_cubic_chgnet_q1d2-0-0-b2_i02,10,3x5x5,38,38,pending,,,,,,,,
ax_cssnbr3_cubic_chgnet_q1d2-0-0-b2_i03,10,3x5x5,38,38,pending,,,,,,,,
ax_cssnbr3_cubic_chgnet_q1d2-0-0-b2_i04,10,3x5x5,38,38,pending,,,,,,,,
ax_cssnbr3_cubic_chgnet_q1d2-0-0-b2_i05,10,3x5x5,38,38,pending,,,,,,,,
ax_cssnbr3_cubic_chgnet_q1d2-0-0-b2_i06,10,3x5x5,38,38,pending,,,,,,,,
ax_cssnbr3_cubic_chgnet_q1d2-0-0-b2_i07,10,3x5x5,38,38,pending,,,,,,,,
ax_cssnbr3_cubic_chgnet_q1d2-0-0-b2_i08,10,3x5x5,38,38,pending,,,,,,,,
ax_cssnbr3_cubic_chgnet_q1d2-0-0-b2_i09,10,3x5x5,38,38,pending,,,,,,,,
ax_cssnbr3_cubic_mattersim_q0-0-0-b0_i00,5,5x5x5,63,10,pending,,,,,,,,
ax_cssnbr3_cubic_mattersim_q0-0-0-b0_i01,5,5x5x5,63,63,pending,,,,,,,,
ax_cssnbr3_cubic_mattersim_q0-0-0-b0_i02,5,5x5x5,63,63,pending,,,,,,,,
ax_cssnbr3_cubic_mattersim_q0-0-0-b0_i03,5,5x5x5,63,63,pending,,,,,,,,
ax_cssnbr3_cubic_mattersim_q0-0-0-b0_i04,5,5x5x5,63,63,pending,,,,,,,,
ax_cssnbr3_cubic_mattersim_q0-0-0-b0_i05,5,5x5x5,63,63,pending,,,,,,,,
ax_cssnbr3_cubic_mattersim_q0-0-0-b0_i06,5,5x5x5,63,63,pending,,,,,,,,
ax_cssnbr3_cubic_mattersim_q0-0-0-b0_i07,5,5x5x5,63,63,pending,,,,,,,,
ax_cssnbr3_cubic_mattersim_q0-0-0-b0_i08,5,5x5x5,63,63,pending,,,,,,,,
ax_cssnbr3_cubic_mattersim_q0-0-0-b0_i09,5,5x5x5,63,63,pending,,,,,,,,
ax_cssnbr3_cubic_mattersim_q1d2-0-0-b0_i00,10,3x5x5,38,12,pending,,,,,,,,
ax_cssnbr3_cubic_mattersim_q1d2-0-0-b0_i01,10,3x5x5,38,26,pending,,,,,,,,
ax_cssnbr3_cubic_mattersim_q1d2-0-0-b0_i02,10,3x5x5,38,26,pending,,,,,,,,
ax_cssnbr3_cubic_mattersim_q1d2-0-0-b0_i03,10,3x5x5,38,26,pending,,,,,,,,
ax_cssnbr3_cubic_mattersim_q1d2-0-0-b0_i04,10,3x5x5,38,26,pending,,,,,,,,
ax_cssnbr3_cubic_mattersim_q1d2-0-0-b0_i05,10,3x5x5,38,26,pending,,,,,,,,
ax_cssnbr3_cubic_mattersim_q1d2-0-0-b0_i06,10,3x5x5,38,26,pending,,,,,,,,
ax_cssnbr3_cubic_mattersim_q1d2-0-0-b0_i07,10,3x5x5,38,26,pending,,,,,,,,
ax_cssnbr3_cubic_mattersim_q1d2-0-0-b0_i08,10,3x5x5,38,26,pending,,,,,,,,
ax_cssnbr3_cubic_mattersim_q1d2-0-0-b0_i09,10,3x5x5,38,26,pending,,,,,,,,
ax_knbo3_cubic_mace_mp0_q0-0-0-b0_i00,5,7x7x7,172,20,pending,,,,,,,,
ax_knbo3_cubic_mace_mp0_q0-0-0-b0_i01,5,7x7x7,172,172,pending,,,,,,,,
ax_knbo3_cubic_mace_mp0_q0-0-0-b0_i02,5,7x7x7,172,172,pending,,,,,,,,
ax_knbo3_cubic_mace_mp0_q0-0-0-b0_i03,5,7x7x7,172,172,pending,,,,,,,,
ax_knbo3_cubic_mace_mp0_q0-0-0-b0_i04,5,7x7x7,172,172,pending,,,,,,,,
ax_knbo3_cubic_mace_mp0_q0-0-0-b0_i05,5,7x7x7,172,172,pending,,,,,,,,
ax_knbo3_cubic_mace_mp0_q0-0-0-b0_i06,5,7x7x7,172,172,pending,,,,,,,,
ax_knbo3_cubic_mace_mp0_q0-0-0-b0_i07,5,7x7x7,172,172,pending,,,,,,,,
ax_knbo3_cubic_mace_mp0_q0-0-0-b0_i08,5,7x7x7,172,172,pending,,,,,,,,
ax_knbo3_cubic_mace_mp0_q0-0-0-b0_i09,5,7x7x7,172,172,pending,,,,,,,,
ax_knbo3_cubic_mace_mp0_q0-0-1d2-b0_i00,10,7x7x4,99,30,pending,,,,,,,,
ax_knbo3_cubic_mace_mp0_q0-0-1d2-b0_i01,10,7x7x4,99,75,pending,,,,,,,,
ax_knbo3_cubic_mace_mp0_q0-0-1d2-b0_i02,10,7x7x4,99,75,pending,,,,,,,,
ax_knbo3_cubic_mace_mp0_q0-0-1d2-b0_i03,10,7x7x4,99,75,pending,,,,,,,,
ax_knbo3_cubic_mace_mp0_q0-0-1d2-b0_i04,10,7x7x4,99,75,pending,,,,,,,,
ax_knbo3_cubic_mace_mp0_q0-0-1d2-b0_i05,10,7x7x4,99,75,pending,,,,,,,,
ax_knbo3_cubic_mace_mp0_q0-0-1d2-b0_i06,10,7x7x4,99,75,pending,,,,,,,,
ax_knbo3_cubic_mace_mp0_q0-0-1d2-b0_i07,10,7x7x4,99,75,pending,,,,,,,,
ax_knbo3_cubic_mace_mp0_q0-0-1d2-b0_i08,10,7x7x4,99,75,pending,,,,,,,,
ax_knbo3_cubic_mace_mp0_q0-0-1d2-b0_i09,10,7x7x4,99,75,pending,,,,,,,,
ax_knbo3_cubic_mattersim_q0-0-1d2-b0_i00,10,7x7x4,99,30,pending,,,,,,,,
ax_knbo3_cubic_mattersim_q0-0-1d2-b0_i01,10,7x7x4,99,75,pending,,,,,,,,
ax_knbo3_cubic_mattersim_q0-0-1d2-b0_i02,10,7x7x4,99,75,pending,,,,,,,,
ax_knbo3_cubic_mattersim_q0-0-1d2-b0_i03,10,7x7x4,99,75,pending,,,,,,,,
ax_knbo3_cubic_mattersim_q0-0-1d2-b0_i04,10,7x7x4,99,75,pending,,,,,,,,
ax_knbo3_cubic_mattersim_q0-0-1d2-b0_i05,10,7x7x4,99,75,pending,,,,,,,,
ax_knbo3_cubic_mattersim_q0-0-1d2-b0_i06,10,7x7x4,99,75,pending,,,,,,,,
ax_knbo3_cubic_mattersim_q0-0-1d2-b0_i07,10,7x7x4,99,75,pending,,,,,,,,
ax_knbo3_cubic_mattersim_q0-0-1d2-b0_i08,10,7x7x4,99,75,pending,,,,,,,,
ax_knbo3_cubic_mattersim_q0-0-1d2-b0_i09,10,7x7x4,99,75,pending,,,,,,,,
ax_knbo3_cubic_orb_v2_q0-0-0-b0_i00,5,7x7x7,172,172,pending,,,,,,,,
ax_knbo3_cubic_orb_v2_q0-0-0-b0_i01,5,7x7x7,172,172,pending,,,,,,,,
ax_knbo3_cubic_orb_v2_q0-0-0-b0_i02,5,7x7x7,172,172,pending,,,,,,,,
ax_knbo3_cubic_orb_v2_q0-0-0-b0_i03,5,7x7x7,172,172,pending,,,,,,,,
ax_knbo3_cubic_orb_v2_q0-0-0-b0_i04,5,7x7x7,172,172,pending,,,,,,,,
ax_knbo3_cubic_orb_v2_q0-0-0-b0_i05,5,7x7x7,172,172,pending,,,,,,,,
ax_knbo3_cubic_orb_v2_q0-0-0-b0_i06,5,7x7x7,172,172,pending,,,,,,,,
ax_knbo3_cubic_orb_v2_q0-0-0-b0_i07,5,7x7x7,172,172,pending,,,,,,,,
ax_knbo3_cubic_orb_v2_q0-0-0-b0_i08,5,7x7x7,172,172,pending,,,,,,,,
ax_knbo3_cubic_orb_v2_q0-0-0-b0_i09,5,7x7x7,172,172,pending,,,,,,,,
ax_knbo3_cubic_orb_v2_q0-0-0-b1_i01,5,7x7x7,172,172,pending,,,,,,,,
ax_knbo3_cubic_orb_v2_q0-0-0-b1_i02,5,7x7x7,172,172,pending,,,,,,,,
ax_knbo3_cubic_orb_v2_q0-0-0-b1_i03,5,7x7x7,172,172,pending,,,,,,,,
ax_knbo3_cubic_orb_v2_q0-0-0-b1_i04,5,7x7x7,172,172,pending,,,,,,,,
ax_knbo3_cubic_orb_v2_q0-0-0-b1_i05,5,7x7x7,172,172,pending,,,,,,,,
ax_knbo3_cubic_orb_v2_q0-0-0-b1_i06,5,7x7x7,172,172,pending,,,,,,,,
ax_knbo3_cubic_orb_v2_q0-0-0-b1_i07,5,7x7x7,172,172,pending,,,,,,,,
ax_knbo3_cubic_orb_v2_q0-0-0-b1_i08,5,7x7x7,172,172,pending,,,,,,,,
ax_knbo3_cubic_orb_v2_q0-0-0-b1_i09,5,7x7x7,172,172,pending,,,,,,,,
ax_knbo3_cubic_orb_v2_q0-0-0-b2_i01,5,7x7x7,172,172,pending,,,,,,,,
ax_knbo3_cubic_orb_v2_q0-0-0-b2_i02,5,7x7x7,172,172,pending,,,,,,,,
ax_knbo3_cubic_orb_v2_q0-0-0-b2_i03,5,7x7x7,172,172,pending,,,,,,,,
ax_knbo3_cubic_orb_v2_q0-0-0-b2_i04,5,7x7x7,172,172,pending,,,,,,,,
ax_knbo3_cubic_orb_v2_q0-0-0-b2_i05,5,7x7x7,172,172,pending,,,,,,,,
ax_knbo3_cubic_orb_v2_q0-0-0-b2_i06,5,7x7x7,172,172,pending,,,,,,,,
ax_knbo3_cubic_orb_v2_q0-0-0-b2_i07,5,7x7x7,172,172,pending,,,,,,,,
ax_knbo3_cubic_orb_v2_q0-0-0-b2_i08,5,7x7x7,172,172,pending,,,,,,,,
ax_knbo3_cubic_orb_v2_q0-0-0-b2_i09,5,7x7x7,172,172,pending,,,,,,,,
ax_knbo3_cubic_orb_v2_q0-0-1d2-b0_i00,10,7x7x4,99,99,pending,,,,,,,,
ax_knbo3_cubic_orb_v2_q0-0-1d2-b0_i01,10,7x7x4,99,99,pending,,,,,,,,
ax_knbo3_cubic_orb_v2_q0-0-1d2-b0_i02,10,7x7x4,99,99,pending,,,,,,,,
ax_knbo3_cubic_orb_v2_q0-0-1d2-b0_i03,10,7x7x4,99,99,pending,,,,,,,,
ax_knbo3_cubic_orb_v2_q0-0-1d2-b0_i04,10,7x7x4,99,99,pending,,,,,,,,
ax_knbo3_cubic_orb_v2_q0-0-1d2-b0_i05,10,7x7x4,99,99,pending,,,,,,,,
ax_knbo3_cubic_orb_v2_q0-0-1d2-b0_i06,10,7x7x4,99,99,pending,,,,,,,,
ax_knbo3_cubic_orb_v2_q0-0-1d2-b0_i07,10,7x7x4,99,99,pending,,,,,,,,
ax_knbo3_cubic_orb_v2_q0-0-1d2-b0_i08,10,7x7x4,99,99,pending,,,,,,,,
ax_knbo3_cubic_orb_v2_q0-0-1d2-b0_i09,10,7x7x4,99,99,pending,,,,,,,,
ax_knbo3_cubic_orb_v2_q0-0-1d2-b1_i01,10,7x7x4,99,99,pending,,,,,,,,
ax_knbo3_cubic_orb_v2_q0-0-1d2-b1_i02,10,7x7x4,99,99,pending,,,,,,,,
ax_knbo3_cubic_orb_v2_q0-0-1d2-b1_i03,10,7x7x4,99,99,pending,,,,,,,,
ax_knbo3_cubic_orb_v2_q0-0-1d2-b1_i04,10,7x7x4,99,99,pending,,,,,,,,
ax_knbo3_cubic_orb_v2_q0-0-1d2-b1_i05,10,7x7x4,99,99,pending,,,,,,,,
ax_knbo3_cubic_orb_v2_q0-0-1d2-b1_i06,10,7x7x4,99,99,pending,,,,,,,,
ax_knbo3_cubic_orb_v2_q0-0-1d2-b1_i07,10,7x7x4,99,99,pending,,,,,,,,
ax_knbo3_cubic_orb_v2_q0-0-1d2-b1_i08,10,7x7x4,99,99,pending,,,,,,,,
ax_knbo3_cubic_orb_v2_q0-0-1d2-b1_i09,10,7x7x4,99,99,pending,,,,,,,,
ax_knbo3_cubic_orb_v2_q0-1d2-0-b0_i00,10,7x4x7,99,99,pending,,,,,,,,
ax_knbo3_cubic_orb_v2_q0-1d2-0-b0_i01,10,7x4x7,99,99,pending,,,,,,,,
ax_knbo3_cubic_orb_v2_q0-1d2-0-b0_i02,10,7x4x7,99,99,pending,,,,,,,,
ax_knbo3_cubic_orb_v2_q0-1d2-0-b0_i03,10,7x4x7,99,99,pending,,,,,,,,
ax_knbo3_cubic_orb_v2_q0-1d2-0-b0_i04,10,7x4x7,99,99,pending,,,,,,,,
ax_knbo3_cubic_orb_v2_q0-1d2-0-b0_i05,10,7x4x7,99,99,pending,,,,,,,,
ax_knbo3_cubic_orb_v2_q0-1d2-0-b0_i06,10,7x4x7,99,99,pending,,,,,,,,
ax_knbo3_cubic_orb_v2_q0-1d2-0-b0_i07,10,7x4x7,99,99,pending,,,,,,,,
ax_knbo3_cubic_orb_v2_q0-1d2-0-b0_i08,10,7x4x7,99,99,pending,,,,,,,,
ax_knbo3_cubic_orb_v2_q0-1d2-0-b0_i09,10,7x4x7,99,99,pending,,,,,,,,
ax_knbo3_cubic_orb_v2_q0-1d2-0-b1_i01,10,7x4x7,99,99,pending,,,,,,,,
ax_knbo3_cubic_orb_v2_q0-1d2-0-b1_i02,10,7x4x7,99,99,pending,,,,,,,,
ax_knbo3_cubic_orb_v2_q0-1d2-0-b1_i03,10,7x4x7,99,99,pending,,,,,,,,
ax_knbo3_cubic_orb_v2_q0-1d2-0-b1_i04,10,7x4x7,99,99,pending,,,,,,,,
ax_knbo3_cubic_orb_v2_q0-1d2-0-b1_i05,10,7x4x7,99,99,pending,,,,,,,,
ax_knbo3_cubic_orb_v2_q0-1d2-0-b1_i06,10,7x4x7,99,99,pending,,,,,,,,
ax_knbo3_cubic_orb_v2_q0-1d2-0-b1_i07,10,7x4x7,99,99,pending,,,,,,,,
ax_knbo3_cubic_orb_v2_q0-1d2-0-b1_i08,10,7x4x7,99,99,pending,,,,,,,,
ax_knbo3_cubic_orb_v2_q0-1d2-0-b1_i09,10,7x4x7,99,99,pending,,,,,,,,
ax_knbo3_cubic_orb_v2_q1d2-0-0-b0_i00,10,4x7x7,99,99,pending,,,,,,,,
ax_knbo3_cubic_orb_v2_q1d2-0-0-b0_i01,10,4x7x7,99,99,pending,,,,,,,,
ax_knbo3_cubic_orb_v2_q1d2-0-0-b0_i02,10,4x7x7,99,99,pending,,,,,,,,
ax_knbo3_cubic_orb_v2_q1d2-0-0-b0_i03,10,4x7x7,99,99,pending,,,,,,,,
ax_knbo3_cubic_orb_v2_q1d2-0-0-b0_i04,10,4x7x7,99,99,pending,,,,,,,,
ax_knbo3_cubic_orb_v2_q1d2-0-0-b0_i05,10,4x7x7,99,99,pending,,,,,,,,
ax_knbo3_cubic_orb_v2_q1d2-0-0-b0_i06,10,4x7x7,99,99,pending,,,,,,,,
ax_knbo3_cubic_orb_v2_q1d2-0-0-b0_i07,10,4x7x7,99,99,pending,,,,,,,,
ax_knbo3_cubic_orb_v2_q1d2-0-0-b0_i08,10,4x7x7,99,99,pending,,,,,,,,
ax_knbo3_cubic_orb_v2_q1d2-0-0-b0_i09,10,4x7x7,99,99,pending,,,,,,,,
ax_knbo3_cubic_orb_v2_q1d2-0-0-b1_i01,10,4x7x7,99,99,pending,,,,,,,,
ax_knbo3_cubic_orb_v2_q1d2-0-0-b1_i02,10,4x7x7,99,99,pending,,,,,,,,
ax_knbo3_cubic_orb_v2_q1d2-0-0-b1_i03,10,4x7x7,99,99,pending,,,,,,,,
ax_knbo3_cubic_orb_v2_q1d2-0-0-b1_i04,10,4x7x7,99,99,pending,,,,,,,,
ax_knbo3_cubic_orb_v2_q1d2-0-0-b1_i05,10,4x7x7,99,99,pending,,,,,,,,
ax_knbo3_cubic_orb_v2_q1d2-0-0-b1_i06,10,4x7x7,99,99,pending,,,,,,,,
ax_knbo3_cubic_orb_v2_q1d2-0-0-b1_i07,10,4x7x7,99,99,pending,,,,,,,,
ax_knbo3_cubic_orb_v2_q1d2-0-0-b1_i08,10,4x7x7,99,99,pending,,,,,,,,
ax_knbo3_cubic_orb_v2_q1d2-0-0-b1_i09,10,4x7x7,99,99,pending,,,,,,,,
ax_knbo3_cubic_sevennet0_q0-0-0-b0_i00,5,7x7x7,172,20,pending,,,,,,,,
ax_knbo3_cubic_sevennet0_q0-0-0-b0_i01,5,7x7x7,172,172,pending,,,,,,,,
ax_knbo3_cubic_sevennet0_q0-0-0-b0_i02,5,7x7x7,172,172,pending,,,,,,,,
ax_knbo3_cubic_sevennet0_q0-0-0-b0_i03,5,7x7x7,172,172,pending,,,,,,,,
ax_knbo3_cubic_sevennet0_q0-0-0-b0_i04,5,7x7x7,172,172,pending,,,,,,,,
ax_knbo3_cubic_sevennet0_q0-0-0-b0_i05,5,7x7x7,172,172,pending,,,,,,,,
ax_knbo3_cubic_sevennet0_q0-0-0-b0_i06,5,7x7x7,172,172,pending,,,,,,,,
ax_knbo3_cubic_sevennet0_q0-0-0-b0_i07,5,7x7x7,172,172,pending,,,,,,,,
ax_knbo3_cubic_sevennet0_q0-0-0-b0_i08,5,7x7x7,172,172,pending,,,,,,,,
ax_knbo3_cubic_sevennet0_q0-0-0-b0_i09,5,7x7x7,172,172,pending,,,,,,,,
ax_knbo3_cubic_sevennet0_q0-0-1d2-b0_i00,10,7x7x4,99,30,pending,,,,,,,,
ax_knbo3_cubic_sevennet0_q0-0-1d2-b0_i01,10,7x7x4,99,48,pending,,,,,,,,
ax_knbo3_cubic_sevennet0_q0-0-1d2-b0_i02,10,7x7x4,99,75,pending,,,,,,,,
ax_knbo3_cubic_sevennet0_q0-0-1d2-b0_i03,10,7x7x4,99,75,pending,,,,,,,,
ax_knbo3_cubic_sevennet0_q0-0-1d2-b0_i04,10,7x7x4,99,75,pending,,,,,,,,
ax_knbo3_cubic_sevennet0_q0-0-1d2-b0_i05,10,7x7x4,99,75,pending,,,,,,,,
ax_knbo3_cubic_sevennet0_q0-0-1d2-b0_i06,10,7x7x4,99,75,pending,,,,,,,,
ax_knbo3_cubic_sevennet0_q0-0-1d2-b0_i07,10,7x7x4,99,75,pending,,,,,,,,
ax_knbo3_cubic_sevennet0_q0-0-1d2-b0_i08,10,7x7x4,99,75,pending,,,,,,,,
ax_knbo3_cubic_sevennet0_q0-0-1d2-b0_i09,10,7x7x4,99,75,pending,,,,,,,,
ax_srtio3_cubic_chgnet_q0-0-0-b0_i00,5,7x7x7,172,20,pending,,,,,,,,
ax_srtio3_cubic_chgnet_q0-0-0-b0_i01,5,7x7x7,172,172,pending,,,,,,,,
ax_srtio3_cubic_chgnet_q0-0-0-b0_i02,5,7x7x7,172,172,pending,,,,,,,,
ax_srtio3_cubic_chgnet_q0-0-0-b0_i03,5,7x7x7,172,172,pending,,,,,,,,
ax_srtio3_cubic_chgnet_q0-0-0-b0_i04,5,7x7x7,172,172,pending,,,,,,,,
ax_srtio3_cubic_chgnet_q0-0-0-b0_i05,5,7x7x7,172,172,pending,,,,,,,,
ax_srtio3_cubic_chgnet_q0-0-0-b0_i06,5,7x7x7,172,172,pending,,,,,,,,
ax_srtio3_cubic_chgnet_q0-0-0-b0_i07,5,7x7x7,172,172,pending,,,,,,,,
ax_srtio3_cubic_chgnet_q0-0-0-b0_i08,5,7x7x7,172,172,pending,,,,,,,,
ax_srtio3_cubic_chgnet_q0-0-0-b0_i09,5,7x7x7,172,172,pending,,,,,,,,
ax_srtio3_cubic_chgnet_q0-0-1d2-b0_i00,10,7x7x4,99,30,pending,,,,,,,,
ax_srtio3_cubic_chgnet_q0-0-1d2-b0_i01,10,7x7x4,99,99,pending,,,,,,,,
ax_srtio3_cubic_chgnet_q0-0-1d2-b0_i02,10,7x7x4,99,99,pending,,,,,,,,
ax_srtio3_cubic_chgnet_q0-0-1d2-b0_i03,10,7x7x4,99,99,pending,,,,,,,,
ax_srtio3_cubic_chgnet_q0-0-1d2-b0_i04,10,7x7x4,99,99,pending,,,,,,,,
ax_srtio3_cubic_chgnet_q0-0-1d2-b0_i05,10,7x7x4,99,99,pending,,,,,,,,
ax_srtio3_cubic_chgnet_q0-0-1d2-b0_i06,10,7x7x4,99,99,pending,,,,,,,,
ax_srtio3_cubic_chgnet_q0-0-1d2-b0_i07,10,7x7x4,99,99,pending,,,,,,,,
ax_srtio3_cubic_chgnet_q0-0-1d2-b0_i08,10,7x7x4,99,99,pending,,,,,,,,
ax_srtio3_cubic_chgnet_q0-0-1d2-b0_i09,10,7x7x4,99,99,pending,,,,,,,,
ax_srtio3_cubic_mace_mp0_q0-0-0-b0_i00,5,7x7x7,172,20,pending,,,,,,,,
ax_srtio3_cubic_mace_mp0_q0-0-0-b0_i01,5,7x7x7,172,172,pending,,,,,,,,
ax_srtio3_cubic_mace_mp0_q0-0-0-b0_i02,5,7x7x7,172,172,pending,,,,,,,,
ax_srtio3_cubic_mace_mp0_q0-0-0-b0_i03,5,7x7x7,172,172,pending,,,,,,,,
ax_srtio3_cubic_mace_mp0_q0-0-0-b0_i04,5,7x7x7,172,172,pending,,,,,,,,
ax_srtio3_cubic_mace_mp0_q0-0-0-b0_i05,5,7x7x7,172,172,pending,,,,,,,,
ax_srtio3_cubic_mace_mp0_q0-0-0-b0_i06,5,7x7x7,172,172,pending,,,,,,,,
ax_srtio3_cubic_mace_mp0_q0-0-0-b0_i07,5,7x7x7,172,172,pending,,,,,,,,
ax_srtio3_cubic_mace_mp0_q0-0-0-b0_i08,5,7x7x7,172,172,pending,,,,,,,,
ax_srtio3_cubic_mace_mp0_q0-0-0-b0_i09,5,7x7x7,172,172,pending,,,,,,,,
ax_srtio3_cubic_mattersim_q0-0-0-b0_i00,5,7x7x7,172,20,pending,,,,,,,,
ax_srtio3_cubic_mattersim_q0-0-0-b0_i01,5,7x7x7,172,172,pending,,,,,,,,
ax_srtio3_cubic_mattersim_q0-0-0-b0_i02,5,7x7x7,172,172,pending,,,,,,,,
ax_srtio3_cubic_mattersim_q0-0-0-b0_i03,5,7x7x7,172,172,pending,,,,,,,,
ax_srtio3_cubic_mattersim_q0-0-0-b0_i04,5,7x7x7,172,172,pending,,,,,,,,
ax_srtio3_cubic_mattersim_q0-0-0-b0_i05,5,7x7x7,172,172,pending,,,,,,,,
ax_srtio3_cubic_mattersim_q0-0-0-b0_i06,5,7x7x7,172,172,pending,,,,,,,,
ax_srtio3_cubic_mattersim_q0-0-0-b0_i07,5,7x7x7,172,172,pending,,,,,,,,
ax_srtio3_cubic_mattersim_q0-0-0-b0_i08,5,7x7x7,172,172,pending,,,,,,,,
ax_srtio3_cubic_mattersim_q0-0-0-b0_i09,5,7x7x7,172,172,pending,,,,,,,,
ax_srtio3_cubic_sevennet0_q0-0-0-b0_i00,5,7x7x7,172,20,pending,,,,,,,,
ax_srtio3_cubic_sevennet0_q0-0-0-b0_i01,5,7x7x7,172,172,pending,,,,,,,,
ax_srtio3_cubic_sevennet0_q0-0-0-b0_i02,5,7x7x7,172,172,pending,,,,,,,,
ax_srtio3_cubic_sevennet0_q0-0-0-b0_i03,5,7x7x7,172,172,pending,,,,,,,,
ax_srtio3_cubic_sevennet0_q0-0-0-b0_i04,5,7x7x7,172,172,pending,,,,,,,,
ax_srtio3_cubic_sevennet0_q0-0-0-b0_i05,5,7x7x7,172,172,pending,,,,,,,,
ax_srtio3_cubic_sevennet0_q0-0-0-b0_i06,5,7x7x7,172,172,pending,,,,,,,,
ax_srtio3_cubic_sevennet0_q0-0-0-b0_i07,5,7x7x7,172,172,pending,,,,,,,,
ax_srtio3_cubic_sevennet0_q0-0-0-b0_i08,5,7x7x7,172,172,pending,,,,,,,,
ax_srtio3_cubic_sevennet0_q0-0-0-b0_i09,5,7x7x7,172,172,pending,,,,,,,,
ax_zr_bcc_mattersim_q1d2-0-0-b0_i00,2,9x17x17,1301,693,pending,,,,,,,,
ax_zr_bcc_mattersim_q1d2-0-0-b0_i01,2,9x17x17,1301,693,pending,,,,,,,,
ax_zr_bcc_mattersim_q1d2-0-0-b0_i02,2,9x17x17,1301,693,pending,,,,,,,,
ax_zr_bcc_mattersim_q1d2-0-0-b0_i03,2,9x17x17,1301,693,pending,,,,,,,,
ax_zr_bcc_mattersim_q1d2-0-0-b0_i04,2,9x17x17,1301,693,pending,,,,,,,,
ax_zr_bcc_mattersim_q1d2-0-0-b0_i05,2,9x17x17,1301,693,pending,,,,,,,,
ax_zr_bcc_mattersim_q1d2-0-0-b0_i06,2,9x17x17,1301,693,pending,,,,,,,,
ax_zr_bcc_mattersim_q1d2-0-0-b0_i07,2,9x17x17,1301,693,pending,,,,,,,,
ax_zr_bcc_mattersim_q1d2-0-0-b0_i08,2,9x17x17,1301,693,pending,,,,,,,,
ax_zr_bcc_mattersim_q1d2-0-0-b0_i09,2,9x17x17,1301,693,pending,,,,,,,,
ax_zr_bcc_mattersim_q1d2-1d2-0-b0_i00,2,15x15x9,1013,320,pending,,,,,,,,
ax_zr_bcc_mattersim_q1d2-1d2-0-b0_i01,2,15x15x9,1013,320,pending,,,,,,,,
ax_zr_bcc_mattersim_q1d2-1d2-0-b0_i02,2,15x15x9,1013,320,pending,,,,,,,,
ax_zr_bcc_mattersim_q1d2-1d2-0-b0_i03,2,15x15x9,1013,320,pending,,,,,,,,
ax_zr_bcc_mattersim_q1d2-1d2-0-b0_i04,2,15x15x9,1013,320,pending,,,,,,,,
ax_zr_bcc_mattersim_q1d2-1d2-0-b0_i05,2,15x15x9,1013,320,pending,,,,,,,,
ax_zr_bcc_mattersim_q1d2-1d2-0-b0_i06,2,15x15x9,1013,320,pending,,,,,,,,
ax_zr_bcc_mattersim_q1d2-1d2-0-b0_i07,2,15x15x9,1013,320,pending,,,,,,,,
ax_zr_bcc_mattersim_q1d2-1d2-0-b0_i08,2,15x15x9,1013,320,pending,,,,,,,,
ax_zr_bcc_mattersim_q1d2-1d2-0-b0_i09,2,15x15x9,1013,320,pending,,,,,,,,
ax_zr_bcc_mattersim_q1d3-0-0-b0_i00,3,6x17x17,868,468,pending,,,,,,,,
ax_zr_bcc_mattersim_q1d3-0-0-b0_i01,3,6x17x17,868,468,pending,,,,,,,,
ax_zr_bcc_mattersim_q1d3-0-0-b0_i02,3,6x17x17,868,468,pending,,,,,,,,
ax_zr_bcc_mattersim_q1d3-0-0-b0_i03,3,6x17x17,868,468,pending,,,,,,,,
ax_zr_bcc_mattersim_q1d3-0-0-b0_i04,3,6x17x17,868,468,pending,,,,,,,,
ax_zr_bcc_mattersim_q1d3-0-0-b0_i05,3,6x17x17,868,468,pending,,,,,,,,
ax_zr_bcc_mattersim_q1d3-0-0-b0_i06,3,6x17x17,868,468,pending,,,,,,,,
ax_zr_bcc_mattersim_q1d3-0-0-b0_i07,3,6x17x17,868,468,pending,,,,,,,,
ax_zr_bcc_mattersim_q1d3-0-0-b0_i08,3,6x17x17,868,468,pending,,,,,,,,
ax_zr_bcc_mattersim_q1d3-0-0-b0_i09,3,6x17x17,868,468,pending,,,,,,,,
ax_zr_bcc_mattersim_q1d3-1d2-0-b0_i00,6,6x9x17,460,460,pending,,,,,,,,
ax_zr_bcc_mattersim_q1d3-1d2-0-b0_i01,6,6x9x17,460,460,pending,,,,,,,,
ax_zr_bcc_mattersim_q1d3-1d2-0-b0_i02,6,6x9x17,460,460,pending,,,,,,,,
ax_zr_bcc_mattersim_q1d3-1d2-0-b0_i03,6,6x9x17,460,460,pending,,,,,,,,
ax_zr_bcc_mattersim_q1d3-1d2-0-b0_i04,6,6x9x17,460,460,pending,,,,,,,,
ax_zr_bcc_mattersim_q1d3-1d2-0-b0_i05,6,6x9x17,460,460,pending,,,,,,,,
ax_zr_bcc_mattersim_q1d3-1d2-0-b0_i06,6,6x9x17,460,460,pending,,,,,,,,
ax_zr_bcc_mattersim_q1d3-1d2-0-b0_i07,6,6x9x17,460,460,pending,,,,,,,,
ax_zr_bcc_mattersim_q1d3-1d2-0-b0_i08,6,6x9x17,460,460,pending,,,,,,,,
ax_zr_bcc_mattersim_q1d3-1d2-0-b0_i09,6,6x9x17,460,460,pending,,,,,,,,
ax_zr_bcc_mattersim_q1d3-1d3-0-b0_i00,3,10x10x14,704,160,pending,,,,,,,,
ax_zr_bcc_mattersim_q1d3-1d3-0-b0_i01,3,10x10x14,704,160,pending,,,,,,,,
ax_zr_bcc_mattersim_q1d3-1d3-0-b0_i02,3,10x10x14,704,160,pending,,,,,,,,
ax_zr_bcc_mattersim_q1d3-1d3-0-b0_i03,3,10x10x14,704,160,pending,,,,,,,,
ax_zr_bcc_mattersim_q1d3-1d3-0-b0_i04,3,10x10x14,704,160,pending,,,,,,,,
ax_zr_bcc_mattersim_q1d3-1d3-0-b0_i05,3,10x10x14,704,160,pending,,,,,,,,
ax_zr_bcc_mattersim_q1d3-1d3-0-b0_i06,3,10x10x14,704,160,pending,,,,,,,,
ax_zr_bcc_mattersim_q1d3-1d3-0-b0_i07,3,10x10x14,704,160,pending,,,,,,,,
ax_zr_bcc_mattersim_q1d3-1d3-0-b0_i08,3,10x10x14,704,160,pending,,,,,,,,
ax_zr_bcc_mattersim_q1d3-1d3-0-b0_i09,3,10x10x14,704,160,pending,,,,,,,,
ax_zr_bcc_mattersim_q1d6-1d2-0-b0_i00,6,14x8x6,340,340,pending,,,,,,,,
ax_zr_bcc_mattersim_q1d6-1d2-0-b0_i01,6,14x8x6,340,340,pending,,,,,,,,
ax_zr_bcc_mattersim_q1d6-1d2-0-b0_i02,6,14x8x6,340,340,pending,,,,,,,,
ax_zr_bcc_mattersim_q1d6-1d2-0-b0_i03,6,14x8x6,340,340,pending,,,,,,,,
ax_zr_bcc_mattersim_q1d6-1d2-0-b0_i04,6,14x8x6,340,340,pending,,,,,,,,
ax_zr_bcc_mattersim_q1d6-1d2-0-b0_i05,6,14x8x6,340,340,pending,,,,,,,,
ax_zr_bcc_mattersim_q1d6-1d2-0-b0_i06,6,14x8x6,340,340,pending,,,,,,,,
ax_zr_bcc_mattersim_q1d6-1d2-0-b0_i07,6,14x8x6,340,340,pending,,,,,,,,
ax_zr_bcc_mattersim_q1d6-1d2-0-b0_i08,6,14x8x6,340,340,pending,,,,,,,,
ax_zr_bcc_mattersim_q1d6-1d2-0-b0_i09,6,14x8x6,340,340,pending,,,,,,,,
ax_zro2_cubic_orb_v2_q0-0-1d2-b0_i00,6,9x9x5,203,203,pending,,,,,,,,
ax_zro2_cubic_orb_v2_q0-0-1d2-b0_i01,6,9x9x5,203,203,pending,,,,,,,,
ax_zro2_cubic_orb_v2_q0-0-1d2-b0_i02,6,9x9x5,203,203,pending,,,,,,,,
ax_zro2_cubic_orb_v2_q0-0-1d2-b0_i03,6,9x9x5,203,203,pending,,,,,,,,
ax_zro2_cubic_orb_v2_q0-0-1d2-b0_i04,6,9x9x5,203,203,pending,,,,,,,,
ax_zro2_cubic_orb_v2_q0-0-1d2-b0_i05,6,9x9x5,203,203,pending,,,,,,,,
ax_zro2_cubic_orb_v2_q0-0-1d2-b0_i06,6,9x9x5,203,203,pending,,,,,,,,
ax_zro2_cubic_orb_v2_q0-0-1d2-b0_i07,6,9x9x5,203,203,pending,,,,,,,,
ax_zro2_cubic_orb_v2_q0-0-1d2-b0_i08,6,9x9x5,203,203,pending,,,,,,,,
ax_zro2_cubic_orb_v2_q0-0-1d2-b0_i09,6,9x9x5,203,203,pending,,,,,,,,
ax_zro2_cubic_orb_v2_q1d2-1d2-0-b0_i00,12,5x5x10,126,126,pending,,,,,,,,
ax_zro2_cubic_orb_v2_q1d2-1d2-0-b0_i01,12,5x5x10,126,126,pending,,,,,,,,
ax_zro2_cubic_orb_v2_q1d2-1d2-0-b0_i02,12,5x5x10,126,126,pending,,,,,,,,
ax_zro2_cubic_orb_v2_q1d2-1d2-0-b0_i03,12,5x5x10,126,126,pending,,,,,,,,
ax_zro2_cubic_orb_v2_q1d2-1d2-0-b0_i04,12,5x5x10,126,126,pending,,,,,,,,
ax_zro2_cubic_orb_v2_q1d2-1d2-0-b0_i05,12,5x5x10,126,126,pending,,,,,,,,
ax_zro2_cubic_orb_v2_q1d2-1d2-0-b0_i06,12,5x5x10,126,126,pending,,,,,,,,
ax_zro2_cubic_orb_v2_q1d2-1d2-0-b0_i07,12,5x5x10,126,126,pending,,,,,,,,
ax_zro2_cubic_orb_v2_q1d2-1d2-0-b0_i08,12,5x5x10,126,126,pending,,,,,,,,
ax_zro2_cubic_orb_v2_q1d2-1d2-0-b0_i09,12,5x5x10,126,126,pending,,,,,,,,
b_batio3_cubic_mace_mp0_base0,40,4x4x4,36,36,ok,7.5,8,36,1647.77,24,True,5.750225445386711e-07,3.661711111111111
b_batio3_cubic_mace_mp0_base1,40,4x4x4,36,36,ok,7.5,8,36,1507.67,23,True,5.362884240770146e-07,3.350377777777778
b_batio3_cubic_mace_mp0_base2,40,4x4x4,36,36,ok,7.5,8,36,1639.64,25,True,6.409126773788515e-07,3.6436444444444445
b_batio3_cubic_mace_mp0_base3,40,4x4x4,36,36,ok,7.5,8,36,1570.77,24,True,5.837233325813657e-07,3.4906
b_batio3_cubic_mace_mp0_ref,40,4x4x4,36,10,ok,7.5,8,10,517.4,17,True,9.658459276806752e-08,1.1497777777777778
b_batio3_cubic_mace_mp0_T100_s0_n0000,40,4x4x4,36,36,ok,7.5,8,36,1484.56,23,True,6.317304874350655e-07,3.2990222222222223
b_batio3_cubic_mace_mp0_T100_s0_n0261,40,4x4x4,36,36,ok,7.5,8,36,1558.1,23,True,6.154032273315778e-07,3.4624444444444444
b_batio3_cubic_mace_mp0_T100_s0_n0462,40,4x4x4,36,36,ok,7.5,8,36,1527.53,23,True,6.148927165740277e-07,3.394511111111111
b_batio3_cubic_mace_mp0_T100_s1_n0022,40,4x4x4,36,36,ok,7.5,8,36,1597.2,24,True,5.477901532728371e-07,3.5493333333333332
b_batio3_cubic_mace_mp0_T100_s1_n0224,40,4x4x4,36,36,ok,7.5,8,36,1566.96,24,True,5.804647856730956e-07,3.4821333333333335
b_batio3_cubic_mace_mp0_T100_s1_n0486,40,4x4x4,36,36,ok,7.5,8,36,1579.71,23,True,5.956594344321084e-07,3.510466666666667
b_batio3_cubic_mace_mp0_T100_s2_n0072,40,4x4x4,36,36,ok,7.5,8,36,1562.21,23,True,5.761601773630969e-07,3.4715777777777777
b_batio3_cubic_mace_mp0_T100_s2_n0288,40,4x4x4,36,36,ok,7.5,8,36,1697.94,25,True,5.968317209824423e-07,3.7732
b_batio3_cubic_mace_mp0_T100_s2_n0501,40,4x4x4,36,36,ok,7.5,8,36,1676.33,25,True,5.975095688801016e-07,3.7251777777777777
b_batio3_cubic_mace_mp0_T100_s3_n0004,40,4x4x4,36,36,ok,7.5,8,36,1669.86,24,True,5.75221292492313e-07,3.7108
b_batio3_cubic_mace_mp0_T100_s3_n0362,40,4x4x4,36,36,ok,7.5,8,36,1620.09,25,True,5.897872389924413e-07,3.6001999999999996
b_batio3_cubic_mace_mp0_T100_s3_n0471,40,4x4x4,36,36,ok,7.5,8,36,1541.39,23,True,5.515963574464019e-07,3.425311111111111
b_srtio3_cubic_mace_mp0_base0,40,4x4x4,36,36,ok,7.5,8,36,1103.27,16,True,5.253144177440829e-07,2.451711111111111
b_srtio3_cubic_mace_mp0_base1,40,4x4x4,36,36,ok,7.5,8,36,1116.41,17,True,6.237045270177161e-07,2.4809111111111113
b_srtio3_cubic_mace_mp0_base2,40,4x4x4,36,36,ok,7.5,8,36,867.55,17,True,5.59198022766396e-07,1.9278888888888888
b_srtio3_cubic_mace_mp0_base3,40,4x4x4,36,36,ok,7.5,8,36,794.69,16,True,5.984751058277527e-07,1.7659777777777779
b_srtio3_cubic_mace_mp0_ref,40,4x4x4,36,10,ok,7.5,8,10,333.18,13,True,2.0064537853414777e-07,0.7404000000000001
b_srtio3_cubic_mace_mp0_T600_s0_n0000,40,4x4x4,36,36,ok,7.5,8,36,1108.93,17,True,6.376683562554703e-07,2.464288888888889
b_srtio3_cubic_mace_mp0_T600_s0_n0261,40,4x4x4,36,36,ok,7.5,8,36,1145.66,17,True,5.867038708963033e-07,2.5459111111111112
b_srtio3_cubic_mace_mp0_T600_s0_n0462,40,4x4x4,36,36,ok,7.5,8,36,1119.07,16,True,5.905451640010344e-07,2.486822222222222
b_srtio3_cubic_mace_mp0_T600_s1_n0022,40,4x4x4,36,36,ok,7.5,8,36,1156.18,17,True,6.407752686487691e-07,2.569288888888889
b_srtio3_cubic_mace_mp0_T600_s1_n0224,40,4x4x4,36,36,ok,7.5,8,36,1156.28,17,True,5.949958274344987e-07,2.569511111111111
b_srtio3_cubic_mace_mp0_T600_s1_n0486,40,4x4x4,36,36,ok,7.5,8,36,1130.05,17,True,5.640726900494153e-07,2.511222222222222
b_srtio3_cubic_mace_mp0_T600_s2_n0072,40,4x4x4,36,36,ok,7.5,8,36,1163.59,17,True,6.292006354579983e-07,2.5857555555555556
b_srtio3_cubic_mace_mp0_T600_s2_n0288,40,4x4x4,36,36,ok,7.5,8,36,1145.6,17,True,5.671377003511997e-07,2.5457777777777775
b_srtio3_cubic_mace_mp0_T600_s2_n0501,40,4x4x4,36,36,ok,7.5,8,36,1164.27,17,True,5.744863008123175e-07,2.587266666666667
b_srtio3_cubic_mace_mp0_T600_s3_n0004,40,4x4x4,36,36,ok,7.5,8,36,1143.34,17,True,5.444996227199958e-07,2.540755555555555
b_srtio3_cubic_mace_mp0_T600_s3_n0362,40,4x4x4,36,36,ok,7.5,8,36,1095.57,16,True,5.675001900164649e-07,2.4345999999999997
b_srtio3_cubic_mace_mp0_T600_s3_n0471,40,4x4x4,36,36,ok,7.5,8,36,1083.72,16,True,5.801722802967841e-07,2.4082666666666666
b_zr_bcc_mattersim_base0,8,9x9x9,365,365,ok,7.5,8,365,337.02,14,True,1.930464006902673e-06,0.7489333333333333
b_zr_bcc_mattersim_base1,8,9x9x9,365,365,ok,7.5,8,365,358.15999999999997,15,True,1.8887916968246543e-06,0.795911111111111
b_zr_bcc_mattersim_base2,8,9x9x9,365,365,ok,7.5,8,365,383.61,16,True,1.8887916968246543e-06,0.8524666666666667
b_zr_bcc_mattersim_base3,8,9x9x9,365,365,ok,7.5,8,365,324.26,14,True,1.976092979448408e-06,0.7205777777777778
b_zr_bcc_mattersim_ref,8,9x9x9,365,35,ok,7.5,8,35,33.05,11,True,1.8887916968246543e-06,0.07344444444444444
b_zr_bcc_mattersim_T50_s0_n0000,8,9x9x9,365,365,ok,7.5,8,365,373.78,16,True,1.8887916968246543e-06,0.8306222222222222
b_zr_bcc_mattersim_T50_s0_n0261,8,9x9x9,365,365,ok,7.5,8,365,345.73,15,True,2.0657246363612803e-06,0.7682888888888889
b_zr_bcc_mattersim_T50_s0_n0462,8,9x9x9,365,365,ok,7.5,8,365,368.29,16,True,1.8887916968246543e-06,0.8184222222222223
b_zr_bcc_mattersim_T50_s1_n0022,8,9x9x9,365,365,ok,7.5,8,365,346.83,15,True,1.8351332742305715e-06,0.7707333333333333
b_zr_bcc_mattersim_T50_s1_n0224,8,9x9x9,365,365,ok,7.5,8,365,374.13,16,True,1.8351332742305715e-06,0.8314
b_zr_bcc_mattersim_T50_s1_n0486,8,9x9x9,365,365,ok,7.5,8,365,359.78,15,True,2.062901142631612e-06,0.7995111111111111
b_zr_bcc_mattersim_T50_s2_n0072,8,9x9x9,365,365,ok,7.5,8,365,401.44,17,True,1.872954008774741e-06,0.8920888888888889
b_zr_bcc_mattersim_T50_s2_n0288,8,9x9x9,365,365,ok,7.5,8,365,403.17,17,True,1.872954008774741e-06,0.8959333333333334
b_zr_bcc_mattersim_T50_s2_n0501,8,9x9x9,365,365,ok,7.5,8,365,405.69,17,True,1.872954008774741e-06,0.9015333333333333
b_zr_bcc_mattersim_T50_s3_n0004,8,9x9x9,365,365,ok,7.5,8,365,379.76,16,True,2.0773891505930857e-06,0.8439111111111111
b_zr_bcc_mattersim_T50_s3_n0362,8,9x9x9,365,365,ok,7.5,8,365,393.1,17,True,1.7117387653975413e-06,0.8735555555555556
b_zr_bcc_mattersim_T50_s3_n0471,8,9x9x9,365,365,ok,7.5,8,365,382.46,16,True,2.068078928295918e-06,0.8499111111111111
b_zro2_cubic_mace_mp0_base0,24,5x5x5,63,63,ok,7.5,8,63,454.34000000000003,14,True,4.741090249608185e-06,1.0096444444444446
b_zro2_cubic_mace_mp0_base1,24,5x5x5,63,63,ok,7.5,8,63,498.6,16,True,4.702921689657756e-06,1.108
b_zro2_cubic_mace_mp0_base2,24,5x5x5,63,63,ok,7.5,8,63,494.82,16,True,4.80275836706408e-06,1.0996
b_zro2_cubic_mace_mp0_base3,24,5x5x5,63,63,ok,7.5,8,63,516.66,16,True,5.051274586524695e-06,1.1481333333333332
b_zro2_cubic_mace_mp0_ref,24,5x5x5,63,10,ok,7.5,8,10,137.55,15,True,4.41442984618221e-06,0.3056666666666667
b_zro2_cubic_mace_mp0_T100_s0_n0000,24,5x5x5,63,63,ok,7.5,8,63,478.87,15,True,4.854695676648663e-06,1.0641555555555555
b_zro2_cubic_mace_mp0_T100_s0_n0261,24,5x5x5,63,63,ok,7.5,8,63,470.45,15,True,4.864058359835668e-06,1.0454444444444444
b_zro2_cubic_mace_mp0_T100_s0_n0462,24,5x5x5,63,63,ok,7.5,8,63,471.02,15,True,4.786812462575722e-06,1.0467111111111111
b_zro2_cubic_mace_mp0_T100_s1_n0022,24,5x5x5,63,63,ok,7.5,8,63,479.33,15,True,4.693000867631953e-06,1.0651777777777778
b_zro2_cubic_mace_mp0_T100_s1_n0224,24,5x5x5,63,63,ok,7.5,8,63,477.31,14,True,5.046694545778097e-06,1.0606888888888888
b_zro2_cubic_mace_mp0_T100_s1_n0486,24,5x5x5,63,63,ok,7.5,8,63,424.46,13,True,5.0896735701787386e-06,0.9432444444444444
b_zro2_cubic_mace_mp0_T100_s2_n0072,24,5x5x5,63,63,ok,7.5,8,63,488.69,15,True,4.703220615945849e-06,1.0859777777777777
b_zro2_cubic_mace_mp0_T100_s2_n0288,24,5x5x5,63,63,ok,7.5,8,63,480.62,15,True,4.747381487410621e-06,1.0680444444444444
b_zro2_cubic_mace_mp0_T100_s2_n0501,24,5x5x5,63,63,ok,7.5,8,63,500.88,16,True,5.015133424703752e-06,1.1130666666666666
b_zro2_cubic_mace_mp0_T100_s3_n0004,24,5x5x5,63,63,ok,7.5,8,63,490.32,15,True,4.891506004736615e-06,1.0896
b_zro2_cubic_mace_mp0_T100_s3_n0362,24,5x5x5,63,63,ok,7.5,8,63,455.53,14,True,4.336609861058343e-06,1.0122888888888888
b_zro2_cubic_mace_mp0_T100_s3_n0471,24,5x5x5,63,63,ok,7.5,8,63,481.58,15,True,4.992116624228441e-06,1.0701777777777777
