unit_tag,system,model,T_K,supercell,env,family,n_atoms,start,status,recipe_matches,converged,stop_reason,n_populations,final_aux_min_thz,hessian_min_thz,boot_sd_thz,imag_tol_thz,stable_call,blowup,gt_stable,label_scored,call_matches_label,screen_stable_call,call_matches_screen,prod_sc222_hessian_min_thz,prod_sc222_stable_call,prod_sc222_blowup,prod_status,same_cell_as_prod,call_changed_vs_prod,fresh_R_over_expected,kl_ratio_at_gradient_end,wall_min,n_boot,utc_end,error
hf_bcc_mace_mp0_100K_sc333,hf_bcc,mace_mp0,100.0,3x3x3,mace,bcc,27,A,ok,True,True,converged,1,1.0796602351476845,1.0716783647763588,0.0004274919212016673,-0.1,True,False,False,False,,True,True,1.2329298809378304,True,False,ok,False,False,1.123778709975088,0.9699118579996453,4.503382170200348,10,2026-10-03T17:59:11Z,
ti_bcc_mace_mp0_100K_sc333,ti_bcc,mace_mp0,100.0,3x3x3,mace,bcc,27,A,ok,True,True,converged,3,1.5865533603119184,1.572504576926364,0.00042682897765022073,-0.1,True,False,False,False,,True,True,1.5692699705960569,True,False,ok,False,False,0.32311562403850025,0.8228955514555439,21.861166779200236,10,2026-10-03T18:20:09Z,
zr_bcc_mace_mp0_100K_sc333,zr_bcc,mace_mp0,100.0,3x3x3,mace,bcc,27,A,ok,True,True,converged,1,1.5685738811571748,1.5623114874514128,0.0003551768479002945,-0.1,True,False,False,False,,True,True,1.79966966346657,True,False,ok,False,False,2.0336057570736967,0.9837234525470763,13.290604281425477,10,2026-10-03T18:11:39Z,
hf_bcc_mace_mp0_300K_sc333,hf_bcc,mace_mp0,300.0,3x3x3,mace,bcc,27,A,ok,True,True,converged,1,1.0824914159173635,1.058402495221478,0.0010383716102549062,-0.1,True,False,False,False,,True,True,1.249553566394094,True,False,ok,False,False,0.12978506857596317,0.7958859568157711,13.733080470561982,10,2026-10-03T18:12:55Z,
ti_bcc_mace_mp0_300K_sc333,ti_bcc,mace_mp0,300.0,3x3x3,mace,bcc,27,A,ok,True,True,converged,5,1.6883278551899976,1.6603437130267524,0.0013710386121183324,-0.1,True,False,False,False,,True,True,1.3849518362384938,True,False,ok,False,False,3.637889064005459,0.9500142696347699,35.71997833251953,10,2026-10-03T18:47:22Z,
zr_bcc_mace_mp0_300K_sc333,zr_bcc,mace_mp0,300.0,3x3x3,mace,bcc,27,A,ok,True,True,converged,1,1.5674909411232478,1.5471504282278405,0.0010180267252395975,-0.1,True,False,False,False,,True,True,1.7971648303093835,True,False,ok,False,False,1.0087524376025099,0.8845600443081717,13.393933053811391,10,2026-10-03T18:26:19Z,
hf_bcc_mace_mp0_600K_sc333,hf_bcc,mace_mp0,600.0,3x3x3,mace,bcc,27,A,ok,True,True,converged,1,1.0997123727121612,1.050460569240337,0.0024410971241137455,-0.1,True,False,False,False,,True,True,1.2827910134160436,True,False,ok,False,False,0.31237716184705944,0.5031030963842641,18.282862627506255,10,2026-10-03T18:38:26Z,
ti_bcc_mace_mp0_600K_sc333,ti_bcc,mace_mp0,600.0,3x3x3,mace,bcc,27,A,ok,True,True,converged,6,1.7915663659612406,1.7111502967075392,0.004438646194992349,-0.1,True,False,False,False,,True,True,1.3748871613087825,True,False,ok,False,False,0.32663262246940755,0.6584232328944185,47.91204512119293,10,2026-10-03T19:14:14Z,
zr_bcc_mace_mp0_600K_sc333,zr_bcc,mace_mp0,600.0,3x3x3,mace,bcc,27,A,ok,True,True,converged,1,1.5680633524475502,1.5220244793127105,0.0020540807748394346,-0.1,True,False,False,False,,True,True,1.7886058403047127,True,False,ok,False,False,0.32175300858765254,0.68066919320745,18.06593802769979,10,2026-10-03T18:56:30Z,
hfo2_cubic_mace_mp0_100K_sc222,hfo2_cubic,mace_mp0,100.0,2x2x2,mace,fluorite,24,A,ok,True,True,converged,3,1.4492892941907565,-10.121633210725538,2.418263219394617,-0.1,False,False,False,True,True,False,True,2.3871983492856326,True,False,ok,True,True,3.0658226577866734,0.7567895980638648,29.690631779034934,10,2026-10-03T19:17:04Z,
zro2_cubic_mace_mp0_100K_sc222,zro2_cubic,mace_mp0,100.0,2x2x2,mace,fluorite,24,A,ok,True,True,converged,5,1.2082706357117659,-23.259475968809546,2.1593913528021584,-0.1,False,False,False,True,True,False,True,3.089818482191593,True,False,ok,True,True,0.17338462579838335,0.9918740800373121,41.371424452463785,10,2026-10-03T19:37:52Z,
hfo2_cubic_mace_mp0_300K_sc222,hfo2_cubic,mace_mp0,300.0,2x2x2,mace,fluorite,24,A,ok,True,True,converged,3,2.392698283169234,-2.4225178032336205,0.17755404445440026,-0.1,False,False,False,True,True,False,True,1.6186828727332518,True,False,ok,True,True,0.5812659216396193,0.973034735235666,30.59069253206253,10,2026-10-03T19:44:49Z,
zro2_cubic_mace_mp0_300K_sc222,zro2_cubic,mace_mp0,300.0,2x2x2,mace,fluorite,24,A,ok,True,True,converged,4,2.112775665676124,-2.8736857155128916,0.5283848305248274,-0.1,False,False,False,True,True,False,True,2.8787855779010267,True,False,ok,True,True,1.9875346017352042,0.8837700167741038,34.572365689277646,10,2026-10-03T19:51:38Z,
hfo2_cubic_mace_mp0_600K_sc222,hfo2_cubic,mace_mp0,600.0,2x2x2,mace,fluorite,24,A,ok,True,True,converged,2,2.961747986293551,-2.1992239397298365,0.1515417136262741,-0.1,False,False,False,True,True,True,False,-2.2592198679788194,False,False,ok,True,False,1.4912949198102183,0.8195180881871046,18.314350605010986,10,2026-10-03T22:58:16Z,
zro2_cubic_mace_mp0_600K_sc222,zro2_cubic,mace_mp0,600.0,2x2x2,mace,fluorite,24,A,ok,True,True,converged,4,3.03664623845894,-2.855387663682385,0.13541054289162321,-0.1,False,False,False,True,True,False,True,1.9317443567555912,True,False,ok,True,True,1.625767143521441,0.8636861598884172,20.351977813243867,10,2026-10-03T23:18:37Z,
hfo2_cubic_mace_mp0_900K_sc222,hfo2_cubic,mace_mp0,900.0,2x2x2,mace,fluorite,24,A,ok,True,True,converged,3,3.05252552036124,-2.2501223729399453,0.13823663880501835,-0.1,False,False,False,True,True,True,False,-4.554868917158747,False,False,ok,True,False,0.8059585675770355,0.9979025200380197,18.310592834154765,10,2026-10-03T23:22:22Z,
zro2_cubic_mace_mp0_900K_sc222,zro2_cubic,mace_mp0,900.0,2x2x2,mace,fluorite,24,A,ok,True,True,converged,4,3.728844537995961,-2.988261350447575,0.177825551202401,-0.1,False,False,False,True,True,False,True,-2.6877509369309363,False,False,ok,True,False,1.253781257180437,0.8989061580620575,21.62696175177892,10,2026-10-03T23:40:15Z,
batio3_cubic_mace_mp0_100K_sc222,batio3_cubic,mace_mp0,100.0,2x2x2,mace,cubic-perovskite,40,A,ok,True,True,converged,5,2.570171480338827,1.9809202138278255,0.05549685051627736,-0.1,True,False,False,True,False,False,False,2.8677283895017274,True,False,ok,True,False,0.6107643127851154,0.9708297319136796,56.25832778215408,10,2026-10-03T20:34:08Z,
cssni3_cubic_mace_mp0_100K_sc222,cssni3_cubic,mace_mp0,100.0,2x2x2,mace,cubic-perovskite,40,A,ok,True,True,converged,8,0.16281096928500904,-0.9595771556151477,0.09554032779646225,-0.1,False,False,False,True,True,False,True,0.3552469452785838,True,False,ok,True,True,0.5429664208116644,0.947425292239608,69.36627231438955,10,2026-10-03T20:54:11Z,
knbo3_cubic_mace_mp0_100K_sc222,knbo3_cubic,mace_mp0,100.0,2x2x2,mace,cubic-perovskite,40,A,ok,True,True,converged,6,1.7898102062848211,1.570637082110226,0.005042101704018233,-0.1,True,False,False,True,False,False,False,3.577015256194003,True,False,ok,True,False,1.755332228545651,0.8524813875995401,62.060382493336995,10,2026-10-03T20:53:42Z,
pbtio3_cubic_mace_mp0_100K_sc222,pbtio3_cubic,mace_mp0,100.0,2x2x2,mace,cubic-perovskite,40,A,ok,True,True,converged,9,0.6856519359744222,-0.3696687400665815,0.058952523260455476,-0.1,False,False,False,True,True,True,False,-0.833749092664103,False,False,ok,True,False,1.738183447208746,0.7285924670123365,79.64311944643656,10,2026-10-03T21:53:46Z,
srtio3_cubic_mace_mp0_100K_sc222,srtio3_cubic,mace_mp0,100.0,2x2x2,mace,cubic-perovskite,40,A,ok,True,True,converged,5,1.4056843880027095,1.12229031529287,0.026015632750073597,-0.1,True,False,False,True,False,False,False,-0.48583728085771993,False,False,ok,True,True,0.8644048822656405,0.8683087700701482,58.823449754714964,10,2026-10-03T21:52:31Z,
batio3_cubic_mace_mp0_300K_sc222,batio3_cubic,mace_mp0,300.0,2x2x2,mace,cubic-perovskite,40,A,ok,True,True,converged,4,3.01048115116709,2.949402396520118,0.003123128415252984,-0.1,True,False,False,True,False,True,True,2.8253326838634285,True,False,ok,True,False,1.4112612144794077,0.9722301973153843,48.17800291379293,10,2026-10-03T21:42:22Z,
cssni3_cubic_mace_mp0_300K_sc222,cssni3_cubic,mace_mp0,300.0,2x2x2,mace,cubic-perovskite,40,A,ok,True,True,converged,6,0.33362670171326486,-0.263004621955719,0.02117963099571782,-0.1,False,False,False,True,True,False,True,-1.0001345093003933,False,False,ok,True,False,1.0699027704473094,0.8326255836598607,44.35827658176422,10,2026-10-03T22:26:44Z,
knbo3_cubic_mace_mp0_300K_sc222,knbo3_cubic,mace_mp0,300.0,2x2x2,mace,cubic-perovskite,40,A,ok,True,True,converged,5,2.3231115037516084,2.0666397652812822,0.026226492802664793,-0.1,True,False,False,True,False,True,True,3.589365619433758,True,False,ok,True,False,1.0196668958841826,0.8665254117744517,46.8093758503596,10,2026-10-03T22:39:20Z,
pbtio3_cubic_mace_mp0_300K_sc222,pbtio3_cubic,mace_mp0,300.0,2x2x2,mace,cubic-perovskite,40,A,ok,True,True,converged,9,1.4760566746678618,0.7936535767290835,0.06881409484288811,-0.1,True,False,False,True,False,True,True,-8.111878313449488,False,False,ok,True,True,1.5887548404868823,0.9789595874983503,69.67630985577901,10,2026-10-03T23:03:27Z,
srtio3_cubic_mace_mp0_300K_sc222,srtio3_cubic,mace_mp0,300.0,2x2x2,mace,cubic-perovskite,40,A,ok,True,True,converged,7,2.2619338208431383,1.8317739094019432,0.023127986756549167,-0.1,True,False,True,True,True,True,True,-3.3919626646102348,False,False,ok,True,True,1.1448552548155664,0.9305809736794621,51.8735155304273,10,2026-10-03T23:18:37Z,
batio3_cubic_mace_mp0_600K_sc222,batio3_cubic,mace_mp0,600.0,2x2x2,mace,cubic-perovskite,40,A,ok,True,True,converged,3,3.110800904546685,2.9976335444883855,0.0070083756545837065,-0.1,True,False,True,True,True,True,True,2.603390186980277,True,False,ok,True,False,0.4300455935095527,0.8454932248572409,24.79576311906179,10,2026-10-03T23:44:18Z,
cssni3_cubic_mace_mp0_600K_sc222,cssni3_cubic,mace_mp0,600.0,2x2x2,mace,cubic-perovskite,40,A,ok,True,True,converged,7,0.46500441578785445,-0.322117905704719,0.024392379164889885,-0.1,False,False,True,True,False,False,True,-5.66121465360611,False,False,ok,True,False,1.3776077552825832,0.8376841817248649,37.337758243083954,10,2026-10-03T23:59:43Z,
knbo3_cubic_mace_mp0_600K_sc222,knbo3_cubic,mace_mp0,600.0,2x2x2,mace,cubic-perovskite,40,A,ok,True,True,converged,5,2.854790016921553,2.4991186567837542,0.03653867748201838,-0.1,True,False,False,True,False,True,True,3.3195598871038396,True,False,ok,True,False,0.5815114736629378,0.9757281717401075,37.58439070781072,10,2026-10-04T00:17:50Z,
pbtio3_cubic_mace_mp0_600K_sc222,pbtio3_cubic,mace_mp0,600.0,2x2x2,mace,cubic-perovskite,40,A,ok,True,True,converged,10,1.650549631436222,1.494131522829256,0.007839514281438096,-0.1,True,False,False,True,False,True,True,-33.468842985572046,False,False,ok,True,True,1.1848426238437766,0.9785557113769617,53.97996757030487,10,2026-10-04T00:38:17Z,
srtio3_cubic_mace_mp0_600K_sc222,srtio3_cubic,mace_mp0,600.0,2x2x2,mace,cubic-perovskite,40,A,ok,True,True,converged,9,2.961077676582452,2.4113303614184267,0.03249687240467399,-0.1,True,False,True,True,True,True,True,-20.229331822051268,False,False,ok,True,True,0.6613601475708972,0.979348150289256,52.7002547899882,10,2026-10-04T00:52:25Z,
batio3_cubic_mace_mp0_900K_sc222,batio3_cubic,mace_mp0,900.0,2x2x2,mace,cubic-perovskite,40,A,ok,True,True,converged,4,3.19528257834769,3.021405677429422,0.005370570612909034,-0.1,True,False,True,True,True,True,True,-7.596730222462569,False,False,ok,True,True,0.7616530258945368,0.9777860412526251,32.81234911282857,10,2026-10-04T00:50:39Z,
cssni3_cubic_mace_mp0_900K_sc222,cssni3_cubic,mace_mp0,900.0,2x2x2,mace,cubic-perovskite,40,A,ok,True,True,converged,8,0.5639315116800023,-0.3513521900815234,0.07487246315281741,-0.1,False,False,True,True,False,False,True,-8.879333028749716,False,False,ok,True,False,0.47119174625145344,0.9399514612977715,37.64747411410014,10,2026-10-04T01:15:56Z,
knbo3_cubic_mace_mp0_900K_sc222,knbo3_cubic,mace_mp0,900.0,2x2x2,mace,cubic-perovskite,40,A,ok,True,True,converged,5,3.0424615578807916,2.7105455650875516,0.01842759900514479,-0.1,True,False,True,True,True,True,True,2.785619811507298,True,False,ok,True,False,0.4640667121651523,0.9200322264976941,32.45321827729543,10,2026-10-04T01:23:06Z,
srtio3_cubic_mace_mp0_900K_sc222,srtio3_cubic,mace_mp0,900.0,2x2x2,mace,cubic-perovskite,40,A,ok,True,True,converged,10,3.4205257347898135,2.7631720964703215,0.040482996486431035,-0.1,True,False,True,True,True,True,True,-27.142784167795924,False,False,ok,True,True,1.8985512106974798,0.9727657738288655,45.430136211713155,10,2026-10-04T01:37:51Z,
hf_bcc_chgnet_100K_sc333,hf_bcc,chgnet,100.0,3x3x3,chgnet,bcc,27,A,ok,True,True,converged,1,0.8716579776894108,0.8624679111337532,0.0004310585740940225,-0.1,True,False,False,False,,True,True,0.9979983094939031,True,False,ok,False,False,1.4582350127178485,0.8526333323713661,11.350497714678447,10,2026-10-03T18:09:46Z,
ti_bcc_chgnet_100K_sc333,ti_bcc,chgnet,100.0,3x3x3,chgnet,bcc,27,A,ok,True,True,converged,6,0.583564394865446,0.4150902906688389,0.009643522711452383,-0.1,True,False,False,False,,False,False,1.0771241714471707,True,False,ok,False,False,0.4691725957358034,0.9966424134125483,30.39283688465754,10,2026-10-03T18:28:51Z,
zr_bcc_chgnet_100K_sc333,zr_bcc,chgnet,100.0,3x3x3,chgnet,bcc,27,A,ok,True,True,converged,2,0.9916567689289982,0.9743457493856201,0.0006259229963288762,-0.1,True,False,False,False,,True,True,1.17998836046404,True,False,ok,False,False,0.8134023822350467,0.6376872332893895,17.44471826950709,10,2026-10-03T18:16:00Z,
hf_bcc_chgnet_300K_sc333,hf_bcc,chgnet,300.0,3x3x3,chgnet,bcc,27,A,ok,True,True,converged,1,0.8723488970651891,0.8413007515908019,0.00135407658358234,-0.1,True,False,False,False,,True,True,1.015022566478159,True,False,ok,False,False,0.22786001433118735,0.6562175468615833,12.88664448261261,10,2026-10-03T18:22:39Z,
ti_bcc_chgnet_300K_sc333,ti_bcc,chgnet,300.0,3x3x3,chgnet,bcc,27,A,ok,True,True,converged,4,0.9095347596830746,0.6776530200300015,0.01623086612188171,-0.1,True,False,False,False,,False,False,1.1374918060015597,True,False,ok,False,False,0.49028810796810035,0.965744797814939,25.566730896631878,10,2026-10-03T18:41:34Z,
zr_bcc_chgnet_300K_sc333,zr_bcc,chgnet,300.0,3x3x3,chgnet,bcc,27,A,ok,True,True,converged,3,1.0615855983296223,1.002218802613322,0.002228014311126375,-0.1,True,False,False,False,,True,True,1.2610830860707716,True,False,ok,False,False,0.1868570514132424,0.8768515679381472,22.319781430562337,10,2026-10-03T18:44:58Z,
hf_bcc_chgnet_600K_sc333,hf_bcc,chgnet,600.0,3x3x3,chgnet,bcc,27,A,ok,True,True,converged,2,0.9277197252823749,0.862185618529489,0.0027824281039879827,-0.1,True,False,False,False,,True,True,1.0887623278432474,True,False,ok,False,False,0.2113157119955615,0.8717966900592469,18.50862620274226,10,2026-10-03T18:47:22Z,
ti_bcc_chgnet_600K_sc333,ti_bcc,chgnet,600.0,3x3x3,chgnet,bcc,27,A,ok,True,True,converged,3,1.2407134887921127,0.941554624288306,0.023433748222230825,-0.1,True,False,False,False,,True,True,1.2162376525344023,True,False,ok,False,False,0.32096915677546967,0.7688728485078784,22.450281222661335,10,2026-10-03T19:04:01Z,
zr_bcc_chgnet_600K_sc333,zr_bcc,chgnet,600.0,3x3x3,chgnet,bcc,27,A,ok,True,True,converged,4,1.153425566355546,1.0375865753715232,0.005083551831619553,-0.1,True,False,False,False,,True,True,1.2920139826036268,True,False,ok,False,False,0.3831874298124076,0.9055938693044293,27.372795156637828,10,2026-10-03T19:12:21Z,
hfo2_cubic_chgnet_100K_sc222,hfo2_cubic,chgnet,100.0,2x2x2,chgnet,fluorite,24,A,ok,True,True,converged,7,1.0345003808179298,-42.74743612700174,2.995975094764845,-0.1,False,False,False,True,True,False,True,2.2227853900589136,True,False,ok,True,True,2.434481766764588,0.9747153935347527,40.712353499730426,10,2026-10-03T19:28:05Z,
zro2_cubic_chgnet_100K_sc222,zro2_cubic,chgnet,100.0,2x2x2,chgnet,fluorite,24,A,ok,True,True,converged,5,1.1403476125963004,-28.007196060021364,2.3072050555903636,-0.1,False,False,False,True,True,False,True,3.0730306959288893,True,False,ok,True,True,0.9980706159570765,0.9778082872745963,32.71217068831126,10,2026-10-03T19:36:44Z,
hfo2_cubic_chgnet_300K_sc222,hfo2_cubic,chgnet,300.0,2x2x2,chgnet,fluorite,24,A,ok,True,True,converged,6,1.9063153916936544,-8.671348328556737,3.171307804854032,-0.1,False,False,False,True,True,False,True,2.1280890064093843,True,False,ok,True,True,4.156703636197098,0.9917727412908645,36.514341847101846,10,2026-10-03T19:48:52Z,
zro2_cubic_chgnet_300K_sc222,zro2_cubic,chgnet,300.0,2x2x2,chgnet,fluorite,24,A,ok,True,True,converged,4,1.9341593802287385,-10.096986464305274,2.5187057567853515,-0.1,False,False,False,True,True,False,True,2.9122999770715827,True,False,ok,True,True,1.4107886223648247,0.9891353135573792,27.21430127620697,10,2026-10-03T19:55:18Z,
hfo2_cubic_chgnet_600K_sc222,hfo2_cubic,chgnet,600.0,2x2x2,chgnet,fluorite,24,A,ok,True,True,converged,5,2.7542775096092353,-3.6555085068770876,0.23556630460269895,-0.1,False,False,False,True,True,False,True,1.7072187437837705,True,False,ok,True,True,0.8458757798660222,0.9857971202270542,21.532969347635905,10,2026-10-03T23:25:40Z,
zro2_cubic_chgnet_600K_sc222,zro2_cubic,chgnet,600.0,2x2x2,chgnet,fluorite,24,A,ok,True,True,converged,3,2.8150834040780888,-3.2873553048057413,0.24662423569635947,-0.1,False,False,False,True,True,False,True,2.3533487261072636,True,False,ok,True,True,0.41203744592356395,0.9683435391161784,15.458254150549571,10,2026-10-03T23:21:41Z,
hfo2_cubic_chgnet_900K_sc222,hfo2_cubic,chgnet,900.0,2x2x2,chgnet,fluorite,24,A,ok,True,True,converged,5,2.8744948629447733,-3.8871114946872285,0.22808825254419593,-0.1,False,False,False,True,True,False,True,1.5609932240302802,True,False,ok,True,True,1.5075185014704864,0.987174643590689,22.092158234119417,10,2026-10-03T23:36:29Z,
zro2_cubic_chgnet_900K_sc222,zro2_cubic,chgnet,900.0,2x2x2,chgnet,fluorite,24,A,ok,True,True,converged,3,3.411547582157368,-3.2588565956015003,0.25150877416911027,-0.1,False,False,False,True,True,False,True,1.2265254047873857,True,False,ok,True,True,0.30202956247521656,0.9880021246835899,16.622703941663108,10,2026-10-03T23:38:18Z,
batio3_cubic_chgnet_100K_sc222,batio3_cubic,chgnet,100.0,2x2x2,chgnet,cubic-perovskite,40,A,ok,True,True,converged,12,2.6614155333507044,1.6478018318688072,1.4951975061995952,-0.1,True,False,False,True,False,False,False,2.153101457285641,True,False,ok,True,False,0.9807629659788633,0.9654029300934646,75.40859504143397,10,2026-10-03T20:52:09Z,
cssni3_cubic_chgnet_100K_sc222,cssni3_cubic,chgnet,100.0,2x2x2,chgnet,cubic-perovskite,40,A,ok,True,True,converged,13,0.16315942324035396,-1.4373882105554479,0.2376468469240949,-0.1,False,False,False,True,True,False,True,-0.3718485610474274,False,False,ok,True,False,0.7168566033812851,0.7068406361662319,63.19293877681096,10,2026-10-03T20:52:03Z,
knbo3_cubic_chgnet_100K_sc222,knbo3_cubic,chgnet,100.0,2x2x2,chgnet,cubic-perovskite,40,A,ok,True,True,converged,4,1.84514287755292,1.6211631862546707,0.015864428617506015,-0.1,True,False,False,True,False,False,False,2.213544864303618,True,False,ok,True,False,0.5783928229193707,0.8539509959671492,36.31732221841812,10,2026-10-03T20:31:37Z,
pbtio3_cubic_chgnet_100K_sc222,pbtio3_cubic,chgnet,100.0,2x2x2,chgnet,cubic-perovskite,40,A,ok,True,True,converged,11,0.5655679796634607,-0.34373985169885224,0.025245857149654497,-0.1,False,False,False,True,True,False,True,0.486637320682258,True,False,ok,True,True,1.0344038264666513,0.7501070559881703,68.40372197230657,10,2026-10-03T21:40:01Z,
srtio3_cubic_chgnet_100K_sc222,srtio3_cubic,chgnet,100.0,2x2x2,chgnet,cubic-perovskite,40,A,ok,True,True,converged,5,1.3299881717294,1.0600760793145747,0.026497760036293453,-0.1,True,False,False,True,False,True,True,-1.356115892559131,False,False,ok,True,True,0.6072400228290982,0.9578190572055612,43.134855620066325,10,2026-10-03T21:35:12Z,
batio3_cubic_chgnet_300K_sc222,batio3_cubic,chgnet,300.0,2x2x2,chgnet,cubic-perovskite,40,A,ok,True,False,wall_cap,27,2.8422557213553987,-4.304147006464944,0.5850821549554891,-0.1,False,False,False,True,True,True,False,2.176667138819843,True,False,ok,True,True,6.526907043596366,0.5693301693015628,133.53740644057592,10,2026-10-03T23:05:41Z,
cssni3_cubic_chgnet_300K_sc222,cssni3_cubic,chgnet,300.0,2x2x2,chgnet,cubic-perovskite,40,A,ok,True,True,converged,11,0.31368129774988845,-0.9628960537072467,0.09956984114032277,-0.1,False,False,False,True,True,False,True,-3.213012134486352,False,False,ok,True,False,0.22708979537113572,0.9103459397703154,51.442269464333855,10,2026-10-03T22:26:38Z,
knbo3_cubic_chgnet_300K_sc222,knbo3_cubic,chgnet,300.0,2x2x2,chgnet,cubic-perovskite,40,A,ok,True,True,converged,4,2.4937847999318445,2.2047070347154594,0.016092041379549255,-0.1,True,False,False,True,False,True,True,2.3472684250634823,True,False,ok,True,False,1.7045196777790026,0.930634550874439,31.154711190859476,10,2026-10-03T22:11:11Z,
pbtio3_cubic_chgnet_300K_sc222,pbtio3_cubic,chgnet,300.0,2x2x2,chgnet,cubic-perovskite,40,A,ok,True,True,converged,9,1.193243133735308,0.5682598185861495,0.06172751736041074,-0.1,True,False,False,True,False,False,False,-1.2609115846302654,False,False,ok,True,True,0.7782132653958597,0.9541260560435507,51.896951429049174,10,2026-10-03T23:03:05Z,
srtio3_cubic_chgnet_300K_sc222,srtio3_cubic,chgnet,300.0,2x2x2,chgnet,cubic-perovskite,40,A,ok,True,True,converged,8,2.0794619629119886,1.7087743314329031,0.016335681562833795,-0.1,True,False,True,True,True,True,True,-20.542831174532232,False,False,ok,True,True,0.8846600000439548,0.9979001751675021,46.77475564877192,10,2026-10-03T23:13:25Z,
batio3_cubic_chgnet_600K_sc222,batio3_cubic,chgnet,600.0,2x2x2,chgnet,cubic-perovskite,40,A,ok,True,True,converged,5,2.955506270337495,2.5850749161519735,0.160721033430369,-0.1,True,False,True,True,True,True,True,-5.845857180498739,False,False,ok,True,True,0.7804689948849398,0.750990943905926,25.805921483039857,10,2026-10-03T23:51:29Z,
cssni3_cubic_chgnet_600K_sc222,cssni3_cubic,chgnet,600.0,2x2x2,chgnet,cubic-perovskite,40,A,ok,True,True,converged,13,0.4697190904401184,-0.7936742740317595,0.08275802744475878,-0.1,False,False,True,True,False,False,True,-9.304549473605212,False,False,ok,True,False,0.6111396534062364,0.8844784567795458,49.09654767115911,10,2026-10-04T00:25:35Z,
knbo3_cubic_chgnet_600K_sc222,knbo3_cubic,chgnet,600.0,2x2x2,chgnet,cubic-perovskite,40,A,ok,True,True,converged,4,2.8223178939350206,2.5215523978822802,0.018067871187000303,-0.1,True,False,False,True,False,True,True,-4.273261389679975,False,False,ok,True,True,0.831652082086221,0.7141946804860515,25.093303831418357,10,2026-10-04T00:03:24Z,
pbtio3_cubic_chgnet_600K_sc222,pbtio3_cubic,chgnet,600.0,2x2x2,chgnet,cubic-perovskite,40,A,ok,True,True,converged,9,1.4627079208964557,1.308486718877791,0.0122891039895438,-0.1,True,False,False,True,False,False,False,-11.15510797019151,False,False,ok,True,True,1.2961658278838297,0.9669200925822925,48.110964055856066,10,2026-10-04T00:39:36Z,
srtio3_cubic_chgnet_600K_sc222,srtio3_cubic,chgnet,600.0,2x2x2,chgnet,cubic-perovskite,40,A,ok,True,True,converged,11,2.833482838501004,2.3599495097603937,0.017465536856314037,-0.1,True,False,True,True,True,True,True,-36.6379011920707,False,False,ok,True,True,0.4608395447368358,0.9860005129736062,54.2176482518514,10,2026-10-04T00:57:37Z,
batio3_cubic_chgnet_900K_sc222,batio3_cubic,chgnet,900.0,2x2x2,chgnet,cubic-perovskite,40,A,ok,True,True,converged,4,3.096729542992094,2.7093801971931355,0.037455143219046506,-0.1,True,False,True,True,True,True,True,-10.556429427792265,False,False,ok,True,True,1.0777089377548108,0.8557049001679342,25.597843758265178,10,2026-10-04T00:51:12Z,
cssni3_cubic_chgnet_900K_sc222,cssni3_cubic,chgnet,900.0,2x2x2,chgnet,cubic-perovskite,40,A,ok,True,True,converged,15,0.5728683115503417,-1.089461403661941,0.09695121917054322,-0.1,False,False,True,True,False,False,True,-14.595099479196488,False,False,ok,True,False,0.7909962969674,0.8820217583246779,55.98075456619263,10,2026-10-04T01:35:35Z,
knbo3_cubic_chgnet_900K_sc222,knbo3_cubic,chgnet,900.0,2x2x2,chgnet,cubic-perovskite,40,A,ok,True,True,converged,5,3.02523417474531,2.737292642037568,0.01601856813015721,-0.1,True,False,True,True,True,True,True,-16.893414253395232,False,False,ok,True,True,0.35917900492152216,0.8027255607800221,32.41995197534561,10,2026-10-04T01:23:37Z,
pbtio3_cubic_chgnet_900K_sc222,pbtio3_cubic,chgnet,900.0,2x2x2,chgnet,cubic-perovskite,40,A,ok,True,True,converged,9,1.5699862707395844,1.356404466394227,0.007452563946654868,-0.1,True,False,True,True,True,True,True,-30.621653801828668,False,False,ok,True,True,0.3016435614821068,0.97629313132288,42.790888384977976,10,2026-10-04T01:40:25Z,
srtio3_cubic_chgnet_900K_sc222,srtio3_cubic,chgnet,900.0,2x2x2,chgnet,cubic-perovskite,40,A,ok,True,True,converged,12,3.1456537091923478,2.4286164016294363,0.04735509510587119,-0.1,True,False,True,True,True,True,True,-60.50788413072329,False,True,ok,True,True,0.5021512295059294,0.9856136429375343,42.30897774298986,10,2026-10-04T02:05:56Z,
hf_bcc_orb_v2_100K_sc333,hf_bcc,orb_v2,100.0,3x3x3,orb,bcc,27,A,ok,True,False,max_pop,30,1.2979451164082982,1.2732751023643356,0.001461336076959378,-0.1,True,False,False,False,,True,True,0.19025326892125557,True,False,ok,False,False,89.19836003772133,0.46824245896468414,118.44632277886073,10,2026-10-03T19:57:34Z,
ti_bcc_orb_v2_100K_sc333,ti_bcc,orb_v2,100.0,3x3x3,orb,bcc,27,A,ok,True,True,converged,28,2.705219370636776,2.6720821342566845,0.0014483677373604569,-0.1,True,False,False,False,,False,False,0.16534456265822153,True,False,ok,False,False,1.7734213570109827,0.7864732672955619,110.65323014656703,10,2026-10-03T19:49:49Z,
zr_bcc_orb_v2_100K_sc333,zr_bcc,orb_v2,100.0,3x3x3,orb,bcc,27,A,ok,True,True,converged,13,0.35938458547806346,-3.1025920859587384,0.16039647395849413,-0.1,False,False,False,False,,True,False,1.1600061047409291,True,False,ok,False,True,0.9403290876999301,0.7004216337393077,61.53078515926997,10,2026-10-03T20:51:21Z,
hf_bcc_orb_v2_300K_sc333,hf_bcc,orb_v2,300.0,3x3x3,orb,bcc,27,A,ok,True,False,max_pop,30,0.3108653675584659,-2.4927477404430793,0.14449346206650107,-0.1,False,False,False,False,,True,False,0.09301490081901444,True,False,ok,False,True,41.96991844375089,0.455927711599275,119.50073557297388,10,2026-10-03T21:57:04Z,
ti_bcc_orb_v2_300K_sc333,ti_bcc,orb_v2,300.0,3x3x3,orb,bcc,27,A,ok,True,False,max_pop,30,0.7712108467215625,-1.1859510377882045,0.08873424735051799,-0.1,False,False,False,False,,False,True,0.2692326553602756,True,False,ok,False,True,49.09587719189616,0.4973899158610483,110.86989269256591,10,2026-10-03T22:42:14Z,
zr_bcc_orb_v2_300K_sc333,zr_bcc,orb_v2,300.0,3x3x3,orb,bcc,27,A,ok,True,True,converged,12,0.6397395761365917,-1.2487778227631992,0.16733021781491253,-0.1,False,False,False,False,,True,False,1.1969976888108074,True,False,ok,False,True,0.6995326389321129,0.8885299054250416,51.088372957706454,10,2026-10-03T22:48:10Z,
hf_bcc_orb_v2_600K_sc333,hf_bcc,orb_v2,600.0,3x3x3,orb,bcc,27,A,ok,True,False,max_pop,30,0.44844315888743913,-1.4134442702646068,0.07760823158717602,-0.1,False,False,False,False,,True,False,0.08016029468236095,True,False,ok,False,True,44.81568247122112,0.4576978294047444,76.06049745480219,10,2026-10-03T23:58:18Z,
ti_bcc_orb_v2_600K_sc333,ti_bcc,orb_v2,600.0,3x3x3,orb,bcc,27,A,ok,True,True,converged,28,2.668118279429808,2.5336126757006445,0.009338801463567858,-0.1,True,False,False,False,,False,False,0.22093764501246088,True,False,ok,False,False,1.0349841400948483,0.9943910974235886,69.04448868830998,10,2026-10-03T23:57:13Z,
zr_bcc_orb_v2_600K_sc333,zr_bcc,orb_v2,600.0,3x3x3,orb,bcc,27,A,ok,True,True,converged,11,0.9071318359833126,0.22927332238427728,0.22071410691645285,-0.1,True,False,False,False,,True,True,1.2683995722431427,True,False,ok,False,False,0.8344637961052331,0.9433608326594305,29.14098209142685,10,2026-10-04T00:26:21Z,
hfo2_cubic_orb_v2_100K_sc222,hfo2_cubic,orb_v2,100.0,2x2x2,orb,fluorite,24,A,ok,True,False,max_pop,30,0.9722910449674541,-49.392227187100715,3.9905868277030234,-0.1,False,False,False,True,True,False,True,1.9031934769954137,True,False,ok,True,True,0.8339052946258736,0.4605325915611408,56.80887579123179,10,2026-10-04T00:55:06Z,
zro2_cubic_orb_v2_100K_sc222,zro2_cubic,orb_v2,100.0,2x2x2,orb,fluorite,24,A,ok,True,False,max_pop,30,0.9469492193500739,-50.02048134596969,3.6749347936109276,-0.1,False,True,False,True,True,False,True,2.0408235538901716,True,False,ok,True,True,0.9485555845910678,0.4796227465484754,54.67236063480377,10,2026-10-04T01:21:02Z,
hfo2_cubic_orb_v2_300K_sc222,hfo2_cubic,orb_v2,300.0,2x2x2,orb,fluorite,24,A,ok,True,True,converged,6,1.989701484229341,-3.1577185373568213,3.5276646728256336,-0.1,False,False,False,True,True,False,True,1.2382848042276766,True,False,ok,True,True,1.0490308529556776,0.8902992576254467,17.661336306730906,10,2026-10-04T01:12:46Z,
zro2_cubic_orb_v2_300K_sc222,zro2_cubic,orb_v2,300.0,2x2x2,orb,fluorite,24,A,ok,True,True,converged,6,1.7816817994322178,-11.634352065333003,2.679704363255106,-0.1,False,False,False,True,True,False,True,-1.871721533437513,False,False,ok,True,False,0.6917543499018306,0.7445521981322466,11.479662756125132,10,2026-10-04T01:24:15Z,
hfo2_cubic_orb_v2_600K_sc222,hfo2_cubic,orb_v2,600.0,2x2x2,orb,fluorite,24,A,ok,True,True,converged,5,2.852785512802247,-3.8795832635251424,0.16693167843144946,-0.1,False,False,False,True,True,False,True,-4.803586159635873,False,False,ok,True,False,1.0621085616684,0.8939165203105957,5.544698317845662,10,2026-10-04T02:45:58Z,
zro2_cubic_orb_v2_600K_sc222,zro2_cubic,orb_v2,600.0,2x2x2,orb,fluorite,24,A,ok,True,True,converged,5,2.7832553113775376,-3.883524783291138,0.3084242197510428,-0.1,False,False,False,True,True,False,True,-7.400053765267651,False,False,ok,True,False,0.7525470335447223,0.9319259981812262,5.3969720562299095,10,2026-10-04T02:51:22Z,
hfo2_cubic_orb_v2_900K_sc222,hfo2_cubic,orb_v2,900.0,2x2x2,orb,fluorite,24,A,ok,True,True,converged,5,3.16763006982274,-4.119284848639958,0.2828187326554045,-0.1,False,False,False,True,True,False,True,-9.954314818586406,False,False,ok,True,False,0.8655491274512314,0.8651505350711833,5.551338720321655,10,2026-10-04T02:56:55Z,
zro2_cubic_orb_v2_900K_sc222,zro2_cubic,orb_v2,900.0,2x2x2,orb,fluorite,24,A,ok,True,True,converged,5,3.4800203347324192,-3.3852488316534353,0.3029139131631689,-0.1,False,False,False,True,True,False,True,-24.757371916666443,False,False,ok,True,False,1.1121734560608614,0.8376078506712537,5.421946938832601,10,2026-10-04T03:02:21Z,
batio3_cubic_orb_v2_100K_sc222,batio3_cubic,orb_v2,100.0,2x2x2,orb,cubic-perovskite,40,A,ok,True,True,converged,10,2.534532091734511,1.2960500044266612,0.29612786965876003,-0.1,True,False,False,True,False,False,False,3.0385313669464193,True,False,ok,True,False,1.0234066928482974,0.8996132746361849,20.470200288295747,10,2026-10-04T01:41:30Z,
knbo3_cubic_orb_v2_100K_sc222,knbo3_cubic,orb_v2,100.0,2x2x2,orb,cubic-perovskite,40,A,ok,True,True,converged,9,1.8117868669898964,1.3090772146572927,0.185804343161108,-0.1,True,False,False,True,False,False,False,1.8490489101053458,True,False,ok,True,False,1.328887737185617,0.8492862674508241,21.271962654590606,10,2026-10-04T01:45:32Z,
pbtio3_cubic_orb_v2_100K_sc222,pbtio3_cubic,orb_v2,100.0,2x2x2,orb,cubic-perovskite,40,A,failed,True,,,,,,,-0.1,,,False,True,,True,,,,,no 2x2x2 ledger row (failed in production),True,,,,4.546721180280049,10,2026-10-04T01:46:03Z,"ValueError: Error, the target structure must be of the same type of the current one"
srtio3_cubic_orb_v2_100K_sc222,srtio3_cubic,orb_v2,100.0,2x2x2,orb,cubic-perovskite,40,A,ok,True,False,max_pop,30,0.2134951715507869,-48.96052975222898,3.00776430749501,-0.1,False,False,False,True,True,True,False,-36.04947731990798,False,False,ok,True,False,0.5709756375493462,0.47517313825335916,41.77434815565745,10,2026-10-04T02:27:18Z,
batio3_cubic_orb_v2_300K_sc222,batio3_cubic,orb_v2,300.0,2x2x2,orb,cubic-perovskite,40,A,ok,True,False,max_pop,30,3.1971599008733866,-1.7713919950401433,0.5364473682306441,-0.1,False,False,False,True,True,False,True,2.6203417565704163,True,False,ok,True,True,1.0974286085071492,0.4787907432692761,40.76838758786519,10,2026-10-04T02:26:50Z,
knbo3_cubic_orb_v2_300K_sc222,knbo3_cubic,orb_v2,300.0,2x2x2,orb,cubic-perovskite,40,A,ok,True,True,converged,7,2.3798361449744925,1.9339503868197834,0.06366419854751425,-0.1,True,False,False,True,False,False,False,1.02188691118374,True,False,ok,True,False,0.7936427033246201,0.7529647589275489,13.236165114243825,10,2026-10-04T02:40:04Z,
pbtio3_cubic_orb_v2_300K_sc222,pbtio3_cubic,orb_v2,300.0,2x2x2,orb,cubic-perovskite,40,A,failed,True,,,,,,,-0.1,,,False,True,,True,,,,,no 2x2x2 ledger row (failed in production),True,,,,0.5020389993985493,10,2026-10-04T02:27:49Z,"ValueError: Error, the target structure must be of the same type of the current one"
srtio3_cubic_orb_v2_300K_sc222,srtio3_cubic,orb_v2,300.0,2x2x2,orb,cubic-perovskite,40,A,ok,True,False,max_pop,30,0.19791068341720025,-96.69136668149636,16.247589943214052,-0.1,False,True,True,True,False,True,False,-67.95525054363752,False,True,ok,True,False,0.5470707035553822,0.45363669472461904,52.350430794556935,10,2026-10-04T03:20:10Z,
batio3_cubic_orb_v2_600K_sc222,batio3_cubic,orb_v2,600.0,2x2x2,orb,cubic-perovskite,40,A,ok,True,True,converged,21,3.2564142728050367,2.8127633071936002,0.09522558632927154,-0.1,True,False,True,True,True,True,True,-9.515220014821965,False,False,ok,True,True,0.6991053128264708,0.7168434507749122,42.64228390455246,10,2026-10-04T03:45:00Z,
knbo3_cubic_orb_v2_600K_sc222,knbo3_cubic,orb_v2,600.0,2x2x2,orb,cubic-perovskite,40,A,ok,True,True,converged,6,2.7790300655609212,2.3981986931196237,0.03403444108218897,-0.1,True,False,False,True,False,True,True,-13.74700422934816,False,False,ok,True,True,0.78577525448847,0.733141158740964,12.13656865755717,10,2026-10-04T03:32:46Z,
pbtio3_cubic_orb_v2_600K_sc222,pbtio3_cubic,orb_v2,600.0,2x2x2,orb,cubic-perovskite,40,A,failed,True,,,,,,,-0.1,,,False,True,,True,,,,,no 2x2x2 ledger row (failed in production),True,,,,0.5115940650304158,10,2026-10-04T03:33:16Z,"ValueError: Error, the target structure must be of the same type of the current one"
srtio3_cubic_orb_v2_600K_sc222,srtio3_cubic,orb_v2,600.0,2x2x2,orb,cubic-perovskite,40,A,ok,True,False,max_pop,30,0.13983315994913045,-33506.4507202501,29556.40539280152,-0.1,False,True,True,True,False,True,False,-544.477799135126,False,True,ok,True,False,2.1708743322287223,0.4776422548932908,66.61545571486155,10,2026-10-04T04:39:54Z,
batio3_cubic_orb_v2_900K_sc222,batio3_cubic,orb_v2,900.0,2x2x2,orb,cubic-perovskite,40,A,ok,True,True,converged,8,3.32586542829669,2.675759722679599,0.11451557644020655,-0.1,True,False,True,True,True,True,True,-16.84735066140575,False,False,ok,True,True,0.7294661111658407,0.7045843725794083,17.509297196070353,10,2026-10-04T04:02:31Z,
knbo3_cubic_orb_v2_900K_sc222,knbo3_cubic,orb_v2,900.0,2x2x2,orb,cubic-perovskite,40,A,ok,True,True,converged,6,3.1707205171529003,2.639198337522328,0.04694114132607412,-0.1,True,False,True,True,True,True,True,-23.6381201150458,False,False,ok,True,True,0.763064599997855,0.7115502035399109,12.225541373093924,10,2026-10-04T04:14:44Z,
pbtio3_cubic_orb_v2_900K_sc222,pbtio3_cubic,orb_v2,900.0,2x2x2,orb,cubic-perovskite,40,A,failed,True,,,,,,,-0.1,,,True,True,,True,,,,,no 2x2x2 ledger row (failed in production),True,,,,0.4955924232800802,10,2026-10-04T04:15:14Z,"ValueError: Error, the target structure must be of the same type of the current one"
srtio3_cubic_orb_v2_900K_sc222,srtio3_cubic,orb_v2,900.0,2x2x2,orb,cubic-perovskite,40,A,ok,True,False,max_pop,30,0.1785120153447374,-10459.170097973487,6435.840509510225,-0.1,False,True,True,True,False,True,False,-913.7360123581344,False,True,ok,True,False,2.109454231837637,0.4664946515810314,63.02025759220123,10,2026-10-04T05:18:16Z,
hf_bcc_sevennet0_100K_sc333,hf_bcc,sevennet0,100.0,3x3x3,sevennet,bcc,27,A,ok,True,True,converged,4,0.4881090262418877,0.3948863074906497,0.003793086375486825,-0.1,True,False,False,False,,True,True,0.3151174914624758,True,False,ok,False,False,0.3204659746583734,0.9799939184180688,14.978779065608979,10,2026-10-03T18:13:40Z,
ti_bcc_sevennet0_100K_sc333,ti_bcc,sevennet0,100.0,3x3x3,sevennet,bcc,27,A,ok,True,True,converged,3,1.3625911565747184,1.3376843271164331,0.0010311378950646104,-0.1,True,False,False,False,,True,True,1.2050680624350778,True,False,ok,False,False,1.541691058874382,0.7549347932447658,12.697488808631897,10,2026-10-03T18:11:26Z,
zr_bcc_sevennet0_100K_sc333,zr_bcc,sevennet0,100.0,3x3x3,sevennet,bcc,27,A,ok,True,True,converged,1,0.8757532660122727,0.7840424435319202,0.004374314308388365,-0.1,True,False,False,False,,True,True,1.04796305529279,True,False,ok,False,False,0.24304051376883187,0.5767862121727706,10.756742386023204,10,2026-10-03T18:09:33Z,
hf_bcc_sevennet0_300K_sc333,hf_bcc,sevennet0,300.0,3x3x3,sevennet,bcc,27,A,ok,True,True,converged,6,0.6658657778161161,0.5587477666361388,0.005188819847579871,-0.1,True,False,False,False,,True,True,0.308207483819455,True,False,ok,False,False,0.6020073417001208,0.7420027538805976,20.460402444998422,10,2026-10-03T18:30:01Z,
ti_bcc_sevennet0_300K_sc333,ti_bcc,sevennet0,300.0,3x3x3,sevennet,bcc,27,A,ok,True,True,converged,6,1.5481172477507266,1.4749728497930856,0.00403205683953559,-0.1,True,False,False,False,,True,True,1.1628276723083977,True,False,ok,False,False,1.4377006512807382,0.9725623814263776,20.581143180529278,10,2026-10-03T18:32:01Z,
zr_bcc_sevennet0_300K_sc333,zr_bcc,sevennet0,300.0,3x3x3,sevennet,bcc,27,A,ok,True,True,converged,3,1.0444706993587056,0.9157923726612482,0.004722893891232689,-0.1,True,False,False,False,,True,True,1.027954613281672,True,False,ok,False,False,0.21881505105536225,0.6308664132994429,14.930047738552094,10,2026-10-03T18:28:36Z,
hf_bcc_sevennet0_600K_sc333,hf_bcc,sevennet0,600.0,3x3x3,sevennet,bcc,27,A,ok,True,True,converged,8,0.8049640743221765,0.6784514644183046,0.004060794628059631,-0.1,True,False,False,False,,True,True,0.29995515176886983,True,False,ok,False,False,1.0387658463346265,0.7819677748500994,29.372502239545188,10,2026-10-03T18:57:58Z,
ti_bcc_sevennet0_600K_sc333,ti_bcc,sevennet0,600.0,3x3x3,sevennet,bcc,27,A,ok,True,True,converged,9,1.725823992715666,1.5850835005868071,0.0057304116020489,-0.1,True,False,False,False,,True,True,1.1746107438976445,True,False,ok,False,False,0.6528588819425631,0.9946183703263269,31.96768830617269,10,2026-10-03T19:01:59Z,
zr_bcc_sevennet0_600K_sc333,zr_bcc,sevennet0,600.0,3x3x3,sevennet,bcc,27,A,ok,True,True,converged,5,1.1750846879314516,1.0070006548267643,0.009221791648445127,-0.1,True,False,False,False,,True,True,1.0301957579294891,True,False,ok,False,False,0.27875580232436536,0.9601248862466176,20.63769741853078,10,2026-10-03T18:52:39Z,
hfo2_cubic_sevennet0_100K_sc222,hfo2_cubic,sevennet0,100.0,2x2x2,sevennet,fluorite,24,A,ok,True,True,converged,5,1.131195837327162,-30.989988144606905,2.2670775864057062,-0.1,False,False,False,True,True,False,True,2.6183416680455647,True,False,ok,True,True,1.5368096923137828,0.996370931777027,20.320993121465047,10,2026-10-03T19:12:59Z,
zro2_cubic_sevennet0_100K_sc222,zro2_cubic,sevennet0,100.0,2x2x2,sevennet,fluorite,24,A,ok,True,True,converged,5,1.1761115497369203,-22.85201706905442,2.187453545824367,-0.1,False,False,False,True,True,False,True,3.330935839413552,True,False,ok,True,True,0.7124924809957427,0.9905804734593072,19.90973044236501,10,2026-10-03T19:17:53Z,
hfo2_cubic_sevennet0_300K_sc222,hfo2_cubic,sevennet0,300.0,2x2x2,sevennet,fluorite,24,A,ok,True,True,converged,4,2.028015382515987,-3.143334495247212,2.7830059338764626,-0.1,False,False,False,True,True,False,True,2.579413105104606,True,False,ok,True,True,0.48457447630780714,0.9905240543631219,16.800749655564626,10,2026-10-03T19:18:49Z,
zro2_cubic_sevennet0_300K_sc222,zro2_cubic,sevennet0,300.0,2x2x2,sevennet,fluorite,24,A,ok,True,True,converged,4,2.0107431598675505,-2.9798725933427375,2.1673793087968454,-0.1,False,False,False,True,True,False,True,3.1961676226416995,True,False,ok,True,True,1.612292852489584,0.9639571170916859,16.831356684366863,10,2026-10-03T19:29:49Z,
hfo2_cubic_sevennet0_600K_sc222,hfo2_cubic,sevennet0,600.0,2x2x2,sevennet,fluorite,24,A,ok,True,True,converged,3,2.897293762996114,-3.2775638854204825,0.1513237116932637,-0.1,False,False,False,True,True,False,True,2.4696176248979715,True,False,ok,True,True,0.9690137756529944,0.7777743752841084,14.90530067284902,10,2026-10-03T21:23:12Z,
zro2_cubic_sevennet0_600K_sc222,zro2_cubic,sevennet0,600.0,2x2x2,sevennet,fluorite,24,A,ok,True,True,converged,4,2.7597865457096002,-3.2735431670049833,0.20428843128384497,-0.1,False,False,False,True,True,False,True,2.7058684185328725,True,False,ok,True,True,2.3438724115065277,0.9902260393944479,15.769280731678009,10,2026-10-03T21:38:59Z,
hfo2_cubic_sevennet0_900K_sc222,hfo2_cubic,sevennet0,900.0,2x2x2,sevennet,fluorite,24,A,ok,True,True,converged,3,3.0507802070276884,-3.223605882034575,0.19589442854129238,-0.1,False,False,False,True,True,False,True,0.8683084298103555,True,False,ok,True,True,2.1220672324524523,0.9099426639452256,12.778494624296824,10,2026-10-03T21:38:13Z,
zro2_cubic_sevennet0_900K_sc222,zro2_cubic,sevennet0,900.0,2x2x2,sevennet,fluorite,24,A,ok,True,True,converged,4,3.513411826992127,-3.461517556086922,0.27829862394228216,-0.1,False,False,False,True,True,False,True,-1.265402366077395,False,False,ok,True,False,1.1863522679892475,0.993151167801521,15.019467763106029,10,2026-10-03T21:45:33Z,
batio3_cubic_sevennet0_100K_sc222,batio3_cubic,sevennet0,100.0,2x2x2,sevennet,cubic-perovskite,40,A,ok,True,True,converged,6,2.0834146993287734,1.451589435895674,0.049195526482897906,-0.1,True,False,False,True,False,False,False,2.8421452849204845,True,False,ok,True,False,0.5245359323623872,0.9781656149077776,28.897645648320516,10,2026-10-03T19:46:47Z,
cssni3_cubic_sevennet0_100K_sc222,cssni3_cubic,sevennet0,100.0,2x2x2,sevennet,cubic-perovskite,40,A,ok,True,True,converged,13,0.1654464695188509,-0.8522929019281978,0.14728818746983208,-0.1,False,False,False,True,True,False,True,-2.429513117398144,False,False,ok,True,False,0.6155981515521814,0.8530673528772428,48.40319464206696,10,2026-10-03T20:07:13Z,
knbo3_cubic_sevennet0_100K_sc222,knbo3_cubic,sevennet0,100.0,2x2x2,sevennet,cubic-perovskite,40,A,ok,True,True,converged,6,1.585829622815719,1.3555486092617945,0.011286083787944675,-0.1,True,False,False,True,False,False,False,3.603536752782823,True,False,ok,True,False,0.5113745158308897,0.7175365072468878,28.635313034057617,10,2026-10-03T19:58:27Z,
pbtio3_cubic_sevennet0_100K_sc222,pbtio3_cubic,sevennet0,100.0,2x2x2,sevennet,cubic-perovskite,40,A,ok,True,True,converged,10,0.670497347231652,-0.18504451260877572,0.05100363895827733,-0.1,False,False,False,True,True,False,True,0.08679729915032357,True,False,ok,True,True,0.8314260739771131,0.8729764269900833,41.74440700213115,10,2026-10-03T20:28:32Z,
srtio3_cubic_sevennet0_100K_sc222,srtio3_cubic,sevennet0,100.0,2x2x2,sevennet,cubic-perovskite,40,A,ok,True,True,converged,5,1.4370551838243357,1.0932873018992657,0.03457598266849594,-0.1,True,False,False,True,False,False,False,-1.0361326273086946,False,False,ok,True,True,1.6324244035060103,0.8785996919109662,31.074677888552348,10,2026-10-03T20:29:32Z,
batio3_cubic_sevennet0_300K_sc222,batio3_cubic,sevennet0,300.0,2x2x2,sevennet,cubic-perovskite,40,A,ok,True,True,converged,4,3.009176767076455,2.9463227821294473,0.0032262550623130253,-0.1,True,False,False,True,False,True,True,2.7656929769166325,True,False,ok,True,False,1.0693070883695999,0.8589450751948854,22.210873727003733,10,2026-10-03T20:29:26Z,
cssni3_cubic_sevennet0_300K_sc222,cssni3_cubic,sevennet0,300.0,2x2x2,sevennet,cubic-perovskite,40,A,ok,True,True,converged,15,0.2889219342688167,-0.559989151621691,0.05556491089238574,-0.1,False,False,False,True,True,False,True,-10.213301371207507,False,False,ok,True,False,0.3201416362745502,0.9627437940285575,56.46234265963236,10,2026-10-03T21:25:00Z,
knbo3_cubic_sevennet0_300K_sc222,knbo3_cubic,sevennet0,300.0,2x2x2,sevennet,cubic-perovskite,40,A,ok,True,True,converged,5,2.33175824694257,2.0802936354798587,0.02236253782634102,-0.1,True,False,False,True,False,True,True,3.5511090756120787,True,False,ok,True,False,1.8433881891260628,0.7656477394634745,25.25618796745936,10,2026-10-03T20:54:42Z,
pbtio3_cubic_sevennet0_300K_sc222,pbtio3_cubic,sevennet0,300.0,2x2x2,sevennet,cubic-perovskite,40,A,ok,True,True,converged,9,1.498071194831884,1.1164520973173773,0.023869154114702664,-0.1,True,False,False,True,False,False,False,-12.223140446827891,False,False,ok,True,True,1.2649625591808724,0.8690241301490198,37.659705340862274,10,2026-10-03T21:07:11Z,
srtio3_cubic_sevennet0_300K_sc222,srtio3_cubic,sevennet0,300.0,2x2x2,sevennet,cubic-perovskite,40,A,ok,True,True,converged,7,2.2750214422340393,1.84199112678381,0.021285086249456513,-0.1,True,False,True,True,True,True,True,-7.8592215329603485,False,False,ok,True,True,0.5660477684352545,0.9734603262116387,35.57744052012762,10,2026-10-03T21:30:16Z,
batio3_cubic_sevennet0_600K_sc222,batio3_cubic,sevennet0,600.0,2x2x2,sevennet,cubic-perovskite,40,A,ok,True,True,converged,4,3.116979667156485,2.998301285362665,0.008087531965352154,-0.1,True,False,True,True,True,True,True,2.4530235790765493,True,False,ok,True,False,1.232242511611254,0.942431037715932,19.241080824534098,10,2026-10-03T21:57:28Z,
cssni3_cubic_sevennet0_600K_sc222,cssni3_cubic,sevennet0,600.0,2x2x2,sevennet,cubic-perovskite,40,A,failed,True,,,,,,,-0.1,,,True,True,,False,,,,,no 2x2x2 ledger row (failed in production),True,,,,2.2830453594525655,10,2026-10-03T21:41:16Z,"AssertionError: Error, at point 1 (q = -q + G) the dynamical matrix is complex"
knbo3_cubic_sevennet0_600K_sc222,knbo3_cubic,sevennet0,600.0,2x2x2,sevennet,cubic-perovskite,40,A,ok,True,True,converged,5,2.752423595403446,2.3827090674876166,0.030509835476767614,-0.1,True,False,False,True,False,True,True,3.3909097804618495,True,False,ok,True,False,1.3083066177575213,0.8111801209088897,22.919402809937797,10,2026-10-03T22:04:11Z,
pbtio3_cubic_sevennet0_600K_sc222,pbtio3_cubic,sevennet0,600.0,2x2x2,sevennet,cubic-perovskite,40,A,ok,True,True,converged,10,1.717946811926259,1.546763152042189,0.006241726866445998,-0.1,True,False,False,True,False,True,True,-37.7881533499127,False,False,ok,True,True,1.2453113545389747,0.8844238810649463,37.2563320239385,10,2026-10-03T22:22:49Z,
srtio3_cubic_sevennet0_600K_sc222,srtio3_cubic,sevennet0,600.0,2x2x2,sevennet,cubic-perovskite,40,A,ok,True,True,converged,9,2.965703662754763,2.421974384839579,0.02653292501219028,-0.1,True,False,True,True,True,True,True,-30.518096421981557,False,False,ok,True,True,0.8201334349527322,0.9746309679468,36.530167957146965,10,2026-10-03T22:34:00Z,
batio3_cubic_sevennet0_900K_sc222,batio3_cubic,sevennet0,900.0,2x2x2,sevennet,cubic-perovskite,40,A,ok,True,True,converged,4,3.2105163112756676,2.9883994129722913,0.02818494136083828,-0.1,True,False,True,True,True,True,True,-4.238356498483268,False,False,ok,True,True,0.8661745121656647,0.9668425253385322,20.62939039071401,10,2026-10-03T22:24:49Z,
knbo3_cubic_sevennet0_900K_sc222,knbo3_cubic,sevennet0,900.0,2x2x2,sevennet,cubic-perovskite,40,A,ok,True,True,converged,5,3.0983412575139315,2.7156216143965586,0.01768234653664482,-0.1,True,False,True,True,True,True,True,2.7129815043557737,True,False,ok,True,False,0.2776070836810887,0.9249622797094046,22.76036422252655,10,2026-10-03T22:45:34Z,
pbtio3_cubic_sevennet0_900K_sc222,pbtio3_cubic,sevennet0,900.0,2x2x2,sevennet,cubic-perovskite,40,A,ok,True,True,converged,12,1.8511454698655314,1.6523838664389237,0.005744831318712639,-0.1,True,False,True,True,True,True,True,-66.84868996045064,False,True,ok,True,True,0.4452928646889189,0.9770290485128411,43.580659902095796,10,2026-10-03T23:08:24Z,
hf_bcc_mattersim_100K_sc333,hf_bcc,mattersim,100.0,3x3x3,mattersim,bcc,27,A,ok,True,True,converged,16,0.255405511576424,-3.079590214297224,0.1275494815937386,-0.1,False,False,False,False,,False,True,1.602065461548928,True,False,ok,False,True,1.8322167059161276,0.9929841156127928,39.308321106433866,10,2026-10-03T18:38:10Z,
ti_bcc_mattersim_100K_sc333,ti_bcc,mattersim,100.0,3x3x3,mattersim,bcc,27,A,ok,True,True,converged,9,0.5763830816098326,-3.722603045419398,0.05883431366311712,-0.1,False,False,False,False,,False,True,1.8810520306500755,True,False,ok,False,True,0.3953336298355181,0.5141519112409344,25.919508135318758,10,2026-10-03T18:24:50Z,
zr_bcc_mattersim_100K_sc333,zr_bcc,mattersim,100.0,3x3x3,mattersim,bcc,27,A,ok,True,True,converged,13,0.42108864064694596,-2.144138889085326,0.03679832396922965,-0.1,False,False,False,False,,False,True,1.845755108752492,True,False,ok,False,True,0.647107510870654,0.9199379066565895,33.11198458274205,10,2026-10-03T18:32:06Z,
hf_bcc_mattersim_300K_sc333,hf_bcc,mattersim,300.0,3x3x3,mattersim,bcc,27,A,ok,True,True,converged,12,0.43674933499543733,-1.5756943416399816,0.04377117038218344,-0.1,False,False,False,False,,False,True,1.6522028536708482,True,False,ok,False,True,2.693934598530241,0.6097414566032171,34.7819415807724,10,2026-10-03T18:59:37Z,
ti_bcc_mattersim_300K_sc333,ti_bcc,mattersim,300.0,3x3x3,mattersim,bcc,27,A,ok,True,True,converged,6,1.0113070320504576,-1.6300393233165906,0.08894070521015592,-0.1,False,False,False,False,,False,True,2.037248019845501,True,False,ok,False,True,0.23912177108274096,0.6777226145244982,20.53001779317856,10,2026-10-03T18:52:38Z,
zr_bcc_mattersim_300K_sc333,zr_bcc,mattersim,300.0,3x3x3,mattersim,bcc,27,A,ok,True,True,converged,11,0.733386301809571,-0.914856028919377,0.06983596200424158,-0.1,False,False,False,False,,False,True,1.9531959164030923,True,False,ok,False,True,0.2433720754060124,0.9865792618129428,30.305458907286326,10,2026-10-03T19:08:28Z,
hf_bcc_mattersim_600K_sc333,hf_bcc,mattersim,600.0,3x3x3,mattersim,bcc,27,A,ok,True,True,converged,11,0.6333138223456936,-0.572953012365287,0.1014982427938063,-0.1,False,False,False,False,,False,True,1.682831036217156,True,False,ok,False,True,0.5992249253814679,0.9572903483478061,30.82822412252426,10,2026-10-03T19:23:27Z,
ti_bcc_mattersim_600K_sc333,ti_bcc,mattersim,600.0,3x3x3,mattersim,bcc,27,A,ok,True,True,converged,5,1.37284078141035,0.5848376675195124,0.06562475273885301,-0.1,True,False,False,False,,False,False,2.10358037781515,True,False,ok,False,False,2.6434758404543035,0.7909897550671449,17.050658492247262,10,2026-10-03T19:16:40Z,
zr_bcc_mattersim_600K_sc333,zr_bcc,mattersim,600.0,3x3x3,mattersim,bcc,27,A,ok,True,True,converged,10,0.9752239497408726,0.5333753155622835,0.026509333245007143,-0.1,True,False,False,False,,False,False,1.962113066397989,True,False,ok,False,False,2.958629419483892,0.7014715866163705,29.177672135829926,10,2026-10-03T19:37:39Z,
hfo2_cubic_mattersim_100K_sc222,hfo2_cubic,mattersim,100.0,2x2x2,mattersim,fluorite,24,A,ok,True,True,converged,5,1.1599721939269267,-28.40480124472513,2.739633289874666,-0.1,False,False,False,True,True,False,True,2.5936532170118083,True,False,ok,True,True,1.4534262472092931,0.8862442949158599,16.170260922114053,10,2026-10-03T19:32:51Z,
zro2_cubic_mattersim_100K_sc222,zro2_cubic,mattersim,100.0,2x2x2,mattersim,fluorite,24,A,ok,True,True,converged,5,1.1743809948395028,-26.460442970466925,2.1269256692424747,-0.1,False,False,False,True,True,False,True,3.3027621528498075,True,False,ok,True,True,0.5017030026363808,0.9160282123725446,16.379348293940225,10,2026-10-03T19:39:50Z,
hfo2_cubic_mattersim_300K_sc222,hfo2_cubic,mattersim,300.0,2x2x2,mattersim,fluorite,24,A,ok,True,True,converged,5,1.8430812607612028,-13.910700953619427,2.52490695270417,-0.1,False,False,False,True,True,False,True,2.526036965506061,True,False,ok,True,True,0.35937953685486157,0.9876530849390229,15.651803660392762,10,2026-10-03T19:48:30Z,
zro2_cubic_mattersim_300K_sc222,zro2_cubic,mattersim,300.0,2x2x2,mattersim,fluorite,24,A,ok,True,True,converged,5,1.8739380739333906,-10.603113030003582,2.647769124017526,-0.1,False,False,False,True,True,False,True,3.1498141286757715,True,False,ok,True,True,0.19614912944881976,0.9689748241712438,15.201534263292949,10,2026-10-03T19:52:51Z,
hfo2_cubic_mattersim_600K_sc222,hfo2_cubic,mattersim,600.0,2x2x2,mattersim,fluorite,24,A,ok,True,True,converged,4,2.7274479367707682,-3.6887617945569393,0.2110460711376166,-0.1,False,False,False,True,True,False,True,2.41266765507386,True,False,ok,True,True,0.8572342342461204,0.9433859359753912,13.47217007080714,10,2026-10-03T21:50:03Z,
zro2_cubic_mattersim_600K_sc222,zro2_cubic,mattersim,600.0,2x2x2,mattersim,fluorite,24,A,ok,True,True,converged,4,2.7743657989129735,-3.415079384547776,0.15663611032988106,-0.1,False,False,False,True,True,False,True,3.0183906805769,True,False,ok,True,True,1.5891905959136732,0.9786068322977777,11.635430673758188,10,2026-10-03T22:01:42Z,
hfo2_cubic_mattersim_900K_sc222,hfo2_cubic,mattersim,900.0,2x2x2,mattersim,fluorite,24,A,ok,True,True,converged,4,3.140805189115641,-3.8574315117297133,0.22406555036291723,-0.1,False,False,False,True,True,False,True,2.0498192540508104,True,False,ok,True,True,0.8984996634941416,0.9963575617660515,12.62602520386378,10,2026-10-03T22:03:18Z,
zro2_cubic_mattersim_900K_sc222,zro2_cubic,mattersim,900.0,2x2x2,mattersim,fluorite,24,A,ok,True,True,converged,4,3.4050676965799056,-3.425088292906019,0.2084507147360614,-0.1,False,False,False,True,True,False,True,2.324566735372043,True,False,ok,True,True,2.51218502695526,0.9550243912561968,13.18217002550761,10,2026-10-03T22:08:57Z,
batio3_cubic_mattersim_100K_sc222,batio3_cubic,mattersim,100.0,2x2x2,mattersim,cubic-perovskite,40,A,ok,True,True,converged,6,2.2853277849173455,1.7062371443236954,0.05116215994243005,-0.1,True,False,False,True,False,False,False,3.0668625954679314,True,False,ok,True,False,1.2170959275734625,0.8942640340044726,24.956796085834505,10,2026-10-03T20:04:48Z,
cssni3_cubic_mattersim_100K_sc222,cssni3_cubic,mattersim,100.0,2x2x2,mattersim,cubic-perovskite,40,A,ok,True,True,converged,13,0.2644859121278556,-0.14172209323880683,0.02077796264530358,-0.1,False,False,False,True,True,False,True,-4.124958946075563,False,False,ok,True,False,1.4931029023775066,0.862748608601887,41.48201731046041,10,2026-10-03T20:29:59Z,
knbo3_cubic_mattersim_100K_sc222,knbo3_cubic,mattersim,100.0,2x2x2,mattersim,cubic-perovskite,40,A,ok,True,True,converged,6,1.83709571370003,1.6033870456657906,0.028703976632835786,-0.1,True,False,False,True,False,False,False,3.7160615288757426,True,False,ok,True,False,0.465135594224818,0.7219932335705406,25.726198522249856,10,2026-10-03T20:18:35Z,
pbtio3_cubic_mattersim_100K_sc222,pbtio3_cubic,mattersim,100.0,2x2x2,mattersim,cubic-perovskite,40,A,ok,True,True,converged,13,0.6993287373979674,-0.12153445589737877,0.16500991572223578,-0.1,False,False,False,True,True,True,False,-39.84439123740985,False,False,ok,True,False,0.7378250906518136,0.7879243499508626,44.72584023475647,10,2026-10-03T20:49:32Z,
srtio3_cubic_mattersim_100K_sc222,srtio3_cubic,mattersim,100.0,2x2x2,mattersim,cubic-perovskite,40,A,ok,True,True,converged,6,1.4731777117620322,1.2009235107709744,0.017758397482130518,-0.1,True,False,False,True,False,False,False,-0.6968268509418899,False,False,ok,True,True,1.0761439143036853,0.9675353274404642,29.82538232803345,10,2026-10-03T20:48:24Z,
batio3_cubic_mattersim_300K_sc222,batio3_cubic,mattersim,300.0,2x2x2,mattersim,cubic-perovskite,40,A,ok,True,True,converged,4,3.2263346967851962,3.1451425014637024,0.011622422267704035,-0.1,True,False,False,True,False,True,True,2.9504069110741034,True,False,ok,True,False,0.38009365479192736,0.8545328279602864,19.374356198310853,10,2026-10-03T20:49:21Z,
cssni3_cubic_mattersim_300K_sc222,cssni3_cubic,mattersim,300.0,2x2x2,mattersim,cubic-perovskite,40,A,ok,True,True,converged,15,0.4048782282697837,-0.371577253100956,0.06578376068081214,-0.1,False,False,False,True,True,False,True,-19.53197648366023,False,False,ok,True,False,1.1179818213841608,0.8009605380538655,47.7905609369278,10,2026-10-03T21:36:12Z,
knbo3_cubic_mattersim_300K_sc222,knbo3_cubic,mattersim,300.0,2x2x2,mattersim,cubic-perovskite,40,A,ok,True,True,converged,6,2.4660960421508724,2.2402458111373993,0.011057310050917726,-0.1,True,False,False,True,False,True,True,3.7044829645367434,True,False,ok,True,False,1.324917524030134,0.9686462812353313,27.257875577608743,10,2026-10-03T21:16:37Z,
pbtio3_cubic_mattersim_300K_sc222,pbtio3_cubic,mattersim,300.0,2x2x2,mattersim,cubic-perovskite,40,A,ok,True,True,converged,21,1.429213830517577,1.0088543304899886,0.02427545135331841,-0.1,True,False,False,True,False,True,True,-801.2923172508021,False,True,ok,True,True,1.5780665092378305,0.9762945379689261,65.74810950358709,10,2026-10-03T21:55:17Z,
srtio3_cubic_mattersim_300K_sc222,srtio3_cubic,mattersim,300.0,2x2x2,mattersim,cubic-perovskite,40,A,ok,True,True,converged,8,2.256028842150934,1.8265231421503576,0.022982053432352316,-0.1,True,False,True,True,True,True,True,-14.923812898562835,False,False,ok,True,True,0.5409092131853258,0.9525713440337717,33.3987723549207,10,2026-10-03T21:50:01Z,
batio3_cubic_mattersim_600K_sc222,batio3_cubic,mattersim,600.0,2x2x2,mattersim,cubic-perovskite,40,A,ok,True,True,converged,4,3.3075145824846395,3.1172607086213957,0.018236301835114075,-0.1,True,False,True,True,True,True,True,2.7707928798496346,True,False,ok,True,False,1.3834644569808805,0.9719565514123333,21.35751765171687,10,2026-10-03T22:23:03Z,
cssni3_cubic_mattersim_600K_sc222,cssni3_cubic,mattersim,600.0,2x2x2,mattersim,cubic-perovskite,40,A,ok,True,True,converged,17,0.5354999816897488,-0.5009481107044428,0.08284034064074594,-0.1,False,False,True,True,False,False,True,-63.73912619520672,False,True,ok,True,False,0.9176691445888482,0.8703946848095935,46.74160488446554,10,2026-10-03T22:50:03Z,
knbo3_cubic_mattersim_600K_sc222,knbo3_cubic,mattersim,600.0,2x2x2,mattersim,cubic-perovskite,40,A,ok,True,True,converged,5,2.942360629333461,2.679380697532906,0.012248636285500148,-0.1,True,False,False,True,False,True,True,3.501527126842933,True,False,ok,True,False,0.6471948125332102,0.9095440421895868,20.304602233568826,10,2026-10-03T22:29:16Z,
pbtio3_cubic_mattersim_600K_sc222,pbtio3_cubic,mattersim,600.0,2x2x2,mattersim,cubic-perovskite,40,A,failed,True,,,,,,,-0.1,,,False,True,,True,,,,,no 2x2x2 ledger row (failed in production),True,,,,1.6627252022425334,10,2026-10-03T22:24:43Z,"AssertionError: Error, at point 2 (q = -q + G) the dynamical matrix is complex"
srtio3_cubic_mattersim_600K_sc222,srtio3_cubic,mattersim,600.0,2x2x2,mattersim,cubic-perovskite,40,A,ok,True,True,converged,10,2.964789052474515,2.4199638845958393,0.0295506007998206,-0.1,True,False,True,True,True,True,True,-22.175033726840827,False,False,ok,True,True,1.0444766130375513,0.987221277858025,33.35303409099579,10,2026-10-03T22:58:05Z,
batio3_cubic_mattersim_900K_sc222,batio3_cubic,mattersim,900.0,2x2x2,mattersim,cubic-perovskite,40,A,ok,True,True,converged,4,3.372294380269984,3.098949776511504,0.017560647542383446,-0.1,True,False,True,True,True,True,True,2.3990195331121704,True,False,ok,True,False,2.235020969720384,0.9723793941740914,20.489776182174683,10,2026-10-03T22:49:45Z,
cssni3_cubic_mattersim_900K_sc222,cssni3_cubic,mattersim,900.0,2x2x2,mattersim,cubic-perovskite,40,A,ok,True,True,converged,18,0.5978005338925794,-0.6665021177889884,0.06815189042655218,-0.1,False,False,True,True,False,True,False,-108.62277150076474,False,True,ok,True,False,1.0270162116444135,0.7139813540768523,45.853259766101836,10,2026-10-03T23:35:37Z,
knbo3_cubic_mattersim_900K_sc222,knbo3_cubic,mattersim,900.0,2x2x2,mattersim,cubic-perovskite,40,A,ok,True,True,converged,5,3.14357111676388,2.8680791181723944,0.018988111972566966,-0.1,True,False,True,True,True,True,True,3.055139964476716,True,False,ok,True,False,0.52713194512604,0.9811334760820641,19.46738106807073,10,2026-10-03T23:09:31Z,
pbtio3_cubic_mattersim_900K_sc222,pbtio3_cubic,mattersim,900.0,2x2x2,mattersim,cubic-perovskite,40,A,failed,True,,,,,,,-0.1,,,True,True,,True,,,,,no 2x2x2 ledger row (failed in production),True,,,,1.5467047413190207,10,2026-10-03T22:59:38Z,"AssertionError: Error, at point 1 (q = -q + G) the dynamical matrix is complex"
srtio3_cubic_mattersim_900K_sc222,srtio3_cubic,mattersim,900.0,2x2x2,mattersim,cubic-perovskite,40,A,ok,True,True,converged,11,3.3891846098861675,2.6731494320409808,0.04886512972049354,-0.1,True,False,True,True,True,True,True,-35.53662690186687,False,False,ok,True,True,0.6241123402637048,0.9931460034153449,32.443198545773825,10,2026-10-03T23:32:04Z,
